stable_id,kind,physical_start,physical_end_exclusive,bank,bank_offset,stored_bytes,stored_sha256,s457_hash_match,source_text,integrated_label,family_sources,use_count,owner_ids,consumer_ids,needs_context,width_proxy_max_line_px,overflow_risk_estimate,linguistic_status,visual_status,runtime_status,translation_status,integration_status
RIV-LZ-040000,LZ,0x040000,0x041E1E,0x04,0x0000,7710,1bf711e9c00cf641787b802f627648df25c8d98720bbe6c371e2a56a6e122e68,True,N/A,,S418_7966_7978_DESCRIPTOR31_CENSUS.csv,1,RIV-USE-DESC31-0-1,RIV-CONS-727966,False,0,NO_FLAG,NOT_VALIDATED_I03,NOT_VALIDATED_I03,NOT_EXECUTED_I03,NOT_ESTABLISHED_I03,NOT_APPROVED_BY_CENSUS
RIV-LZ-041E1E,LZ,0x041E1E,0x045115,0x04,0x1E1E,13047,18b56bb499df151404d958eacbcff18844f45dd7a341793805f4efca88f11abe,True,N/A,,S418_7966_7978_DESCRIPTOR31_CENSUS.csv,1,RIV-USE-DESC31-0-2,RIV-CONS-727978,False,0,NO_FLAG,NOT_VALIDATED_I03,NOT_VALIDATED_I03,NOT_EXECUTED_I03,NOT_ESTABLISHED_I03,NOT_APPROVED_BY_CENSUS
RIV-LZ-045116,LZ,0x045116,0x04548A,0x04,0x5116,884,548b83cecf308e29582579348165fa1241050ef3fce5f805276278e5261cfc4c,True,N/A,,S418_7966_7978_DESCRIPTOR31_CENSUS.csv,1,RIV-USE-DESC31-2-1,RIV-CONS-727966,False,0,NO_FLAG,NOT_VALIDATED_I03,NOT_VALIDATED_I03,NOT_EXECUTED_I03,NOT_ESTABLISHED_I03,NOT_APPROVED_BY_CENSUS
RIV-LZ-04548A,LZ,0x04548A,0x04821E,0x04,0x548A,11668,1d5c076a1c860294e3ed1c82937f4689f655a0595bbf4113353b6150a583a56d,True,N/A,,S418_7966_7978_DESCRIPTOR31_CENSUS.csv,1,RIV-USE-DESC31-2-2,RIV-CONS-727978,False,0,NO_FLAG,NOT_VALIDATED_I03,NOT_VALIDATED_I03,NOT_EXECUTED_I03,NOT_ESTABLISHED_I03,NOT_APPROVED_BY_CENSUS
RIV-LZ-04821E,LZ,0x04821E,0x04900A,0x04,0x821E,3564,5ddd259ddb5246c20fb5ed821ee9787df6df69a9d49be1aaf114dae555231194,True,N/A,,S418_7966_7978_DESCRIPTOR31_CENSUS.csv,1,RIV-USE-DESC31-1-1,RIV-CONS-727966,False,0,NO_FLAG,NOT_VALIDATED_I03,NOT_VALIDATED_I03,NOT_EXECUTED_I03,NOT_ESTABLISHED_I03,NOT_APPROVED_BY_CENSUS
RIV-LZ-04900A,LZ,0x04900A,0x04BC2B,0x04,0x900A,11297,5b85f542b040f23e371dcc8c910d66be787d10673a9390bb51a1a3a85474693c,True,N/A,,S418_7966_7978_DESCRIPTOR31_CENSUS.csv,1,RIV-USE-DESC31-1-2,RIV-CONS-727978,False,0,NO_FLAG,NOT_VALIDATED_I03,NOT_VALIDATED_I03,NOT_EXECUTED_I03,NOT_ESTABLISHED_I03,NOT_APPROVED_BY_CENSUS
RIV-LZ-04BC2C,LZ,0x04BC2C,0x04CA6B,0x04,0xBC2C,3647,4037e98eb291334d584727d2872eeab6fab9f0cea955027f25eec501f304be2c,True,N/A,,S418_7966_7978_DESCRIPTOR31_CENSUS.csv,1,RIV-USE-DESC31-4-1,RIV-CONS-727966,False,0,NO_FLAG,NOT_VALIDATED_I03,NOT_VALIDATED_I03,NOT_EXECUTED_I03,NOT_ESTABLISHED_I03,NOT_APPROVED_BY_CENSUS
RIV-LZ-04CA6C,LZ,0x04CA6C,0x04F560,0x04,0xCA6C,10996,4a7ae2f6a1baf1bb7b4c13ff83be2c0bf229cea8ba6f405d6193bc6b4fc524ce,True,N/A,,S418_7966_7978_DESCRIPTOR31_CENSUS.csv,1,RIV-USE-DESC31-4-2,RIV-CONS-727978,False,0,NO_FLAG,NOT_VALIDATED_I03,NOT_VALIDATED_I03,NOT_EXECUTED_I03,NOT_ESTABLISHED_I03,NOT_APPROVED_BY_CENSUS
RIV-LZ-050000,LZ,0x050000,0x050A85,0x05,0x0000,2693,dff19c83563e5fd29d6dad82b34580800d3fb7e34d53ccafcf36ef061b3e1e8d,True,N/A,,S418_7966_7978_DESCRIPTOR31_CENSUS.csv,1,RIV-USE-DESC31-3-1,RIV-CONS-727966,False,0,NO_FLAG,NOT_VALIDATED_I03,NOT_VALIDATED_I03,NOT_EXECUTED_I03,NOT_ESTABLISHED_I03,NOT_APPROVED_BY_CENSUS
RIV-LZ-050A86,LZ,0x050A86,0x053B10,0x05,0x0A86,12426,49e8d229a913c8f8d3e6ae931d42dadf3dd036100a73dfbef242e5a3d843f4a7,True,N/A,,S418_7966_7978_DESCRIPTOR31_CENSUS.csv,1,RIV-USE-DESC31-3-2,RIV-CONS-727978,False,0,NO_FLAG,NOT_VALIDATED_I03,NOT_VALIDATED_I03,NOT_EXECUTED_I03,NOT_ESTABLISHED_I03,NOT_APPROVED_BY_CENSUS
RIV-LZ-053B10,LZ,0x053B10,0x055869,0x05,0x3B10,7513,e10342297bbf1b39c496542299e378a025e9fd00731ff746dabab9c7bacadbe7,True,N/A,,S418_7966_7978_DESCRIPTOR31_CENSUS.csv,1,RIV-USE-DESC31-5-1,RIV-CONS-727966,False,0,NO_FLAG,NOT_VALIDATED_I03,NOT_VALIDATED_I03,NOT_EXECUTED_I03,NOT_ESTABLISHED_I03,NOT_APPROVED_BY_CENSUS
RIV-LZ-05586A,LZ,0x05586A,0x058F18,0x05,0x586A,13998,3479512206ae4cca84252e0832498acd2eb38bac921b0414a7bb7d4be424f7f9,True,N/A,,S418_7966_7978_DESCRIPTOR31_CENSUS.csv,1,RIV-USE-DESC31-5-2,RIV-CONS-727978,False,0,NO_FLAG,NOT_VALIDATED_I03,NOT_VALIDATED_I03,NOT_EXECUTED_I03,NOT_ESTABLISHED_I03,NOT_APPROVED_BY_CENSUS
RIV-LZ-058F18,LZ,0x058F18,0x059CFE,0x05,0x8F18,3558,a72f497b08fcf9f0d7b2a0499f0aedcd45b2a5df44908bd076da1de1de9d2fd3,True,N/A,,S418_7966_7978_DESCRIPTOR31_CENSUS.csv,1,RIV-USE-DESC31-6-1,RIV-CONS-727966,False,0,NO_FLAG,NOT_VALIDATED_I03,NOT_VALIDATED_I03,NOT_EXECUTED_I03,NOT_ESTABLISHED_I03,NOT_APPROVED_BY_CENSUS
RIV-LZ-059CFE,LZ,0x059CFE,0x05D2AA,0x05,0x9CFE,13740,565cd7000fb379d9c430843b5fcba8c76c236a8adf220ad7478d8bc6b207eda4,True,N/A,,S418_7966_7978_DESCRIPTOR31_CENSUS.csv,1,RIV-USE-DESC31-6-2,RIV-CONS-727978,False,0,NO_FLAG,NOT_VALIDATED_I03,NOT_VALIDATED_I03,NOT_EXECUTED_I03,NOT_ESTABLISHED_I03,NOT_APPROVED_BY_CENSUS
RIV-LZ-060000,LZ,0x060000,0x0612EC,0x06,0x0000,4844,f2f78d3519a69c0e04fe31d83237e3d50407eeb6ef2f7b1ddd9be4b9fa421712,True,N/A,,S418_7966_7978_DESCRIPTOR31_CENSUS.csv,1,RIV-USE-DESC31-7-1,RIV-CONS-727966,False,0,NO_FLAG,NOT_VALIDATED_I03,NOT_VALIDATED_I03,NOT_EXECUTED_I03,NOT_ESTABLISHED_I03,NOT_APPROVED_BY_CENSUS
RIV-LZ-0612EC,LZ,0x0612EC,0x0643CC,0x06,0x12EC,12512,ef9cce85ca4dc1ada9587b5dedcdf9b9d2856b7cf639cea331468c9c19124fcd,True,N/A,,S418_7966_7978_DESCRIPTOR31_CENSUS.csv,1,RIV-USE-DESC31-7-2,RIV-CONS-727978,False,0,NO_FLAG,NOT_VALIDATED_I03,NOT_VALIDATED_I03,NOT_EXECUTED_I03,NOT_ESTABLISHED_I03,NOT_APPROVED_BY_CENSUS
RIV-LZ-0643CC,LZ,0x0643CC,0x065892,0x06,0x43CC,5318,6341c06cd36e56130dcf4d8ae63657a5082a29af7ab45a1eb693d752ff8ced8e,True,N/A,,S418_7966_7978_DESCRIPTOR31_CENSUS.csv,1,RIV-USE-DESC31-8-1,RIV-CONS-727966,False,0,NO_FLAG,NOT_VALIDATED_I03,NOT_VALIDATED_I03,NOT_EXECUTED_I03,NOT_ESTABLISHED_I03,NOT_APPROVED_BY_CENSUS
RIV-LZ-065892,LZ,0x065892,0x068BE9,0x06,0x5892,13143,7efd83ccfd7cb56329a7809a5e03cd0428e962f9b6d50c5dcbea26da0884aa5a,True,N/A,,S418_7966_7978_DESCRIPTOR31_CENSUS.csv,1,RIV-USE-DESC31-8-2,RIV-CONS-727978,False,0,NO_FLAG,NOT_VALIDATED_I03,NOT_VALIDATED_I03,NOT_EXECUTED_I03,NOT_ESTABLISHED_I03,NOT_APPROVED_BY_CENSUS
RIV-LZ-068BEA,LZ,0x068BEA,0x069E35,0x06,0x8BEA,4683,4ea5e53149799e40b2e59749c7ad70ce7e44814929745559bff75a277b28e340,True,N/A,,S418_7966_7978_DESCRIPTOR31_CENSUS.csv,1,RIV-USE-DESC31-9-1,RIV-CONS-727966,False,0,NO_FLAG,NOT_VALIDATED_I03,NOT_VALIDATED_I03,NOT_EXECUTED_I03,NOT_ESTABLISHED_I03,NOT_APPROVED_BY_CENSUS
RIV-LZ-069E36,LZ,0x069E36,0x06CE16,0x06,0x9E36,12256,067becbb7782c968bef4cb2493bbfb73449f47ad16d65ecf17e8d3e04454caf8,True,N/A,,S418_7966_7978_DESCRIPTOR31_CENSUS.csv,1,RIV-USE-DESC31-9-2,RIV-CONS-727978,False,0,NO_FLAG,NOT_VALIDATED_I03,NOT_VALIDATED_I03,NOT_EXECUTED_I03,NOT_ESTABLISHED_I03,NOT_APPROVED_BY_CENSUS
RIV-LZ-070000,LZ,0x070000,0x071DCC,0x07,0x0000,7628,3cbee901219aa664670233171f09494dc14c65fb49efd24ec570e6d19ebe4ec3,True,N/A,,S418_7966_7978_DESCRIPTOR31_CENSUS.csv,1,RIV-USE-DESC31-10-1,RIV-CONS-727966,False,0,NO_FLAG,NOT_VALIDATED_I03,NOT_VALIDATED_I03,NOT_EXECUTED_I03,NOT_ESTABLISHED_I03,NOT_APPROVED_BY_CENSUS
RIV-LZ-071DCC,LZ,0x071DCC,0x075483,0x07,0x1DCC,14007,a5091c25bbae75467379ff43a4bf095a39c09777bd3e52ec6c76c78b43296ffd,True,N/A,,S418_7966_7978_DESCRIPTOR31_CENSUS.csv,1,RIV-USE-DESC31-10-2,RIV-CONS-727978,False,0,NO_FLAG,NOT_VALIDATED_I03,NOT_VALIDATED_I03,NOT_EXECUTED_I03,NOT_ESTABLISHED_I03,NOT_APPROVED_BY_CENSUS
RIV-LZ-075484,LZ,0x075484,0x076CBC,0x07,0x5484,6200,9fd73ded0e345b401cd0a8f46570d3c89e4d30b9f2ad43db174f77f019a5dea3,True,N/A,,S418_7966_7978_DESCRIPTOR31_CENSUS.csv,1,RIV-USE-DESC31-11-1,RIV-CONS-727966,False,0,NO_FLAG,NOT_VALIDATED_I03,NOT_VALIDATED_I03,NOT_EXECUTED_I03,NOT_ESTABLISHED_I03,NOT_APPROVED_BY_CENSUS
RIV-LZ-076CBC,LZ,0x076CBC,0x07A1D6,0x07,0x6CBC,13594,a1a24a55aa45dde2db83849e23a816a7edc2c5c3d874674863b1b5b053df31ae,True,N/A,,S418_7966_7978_DESCRIPTOR31_CENSUS.csv,1,RIV-USE-DESC31-11-2,RIV-CONS-727978,False,0,NO_FLAG,NOT_VALIDATED_I03,NOT_VALIDATED_I03,NOT_EXECUTED_I03,NOT_ESTABLISHED_I03,NOT_APPROVED_BY_CENSUS
RIV-LZ-080000,LZ,0x080000,0x081D18,0x08,0x0000,7448,de21e9ef51c2c620b57dc0fd1dba29f311b1def25360bed45befb75267a2302a,True,N/A,,S418_7966_7978_DESCRIPTOR31_CENSUS.csv,1,RIV-USE-DESC31-12-1,RIV-CONS-727966,False,0,NO_FLAG,NOT_VALIDATED_I03,NOT_VALIDATED_I03,NOT_EXECUTED_I03,NOT_ESTABLISHED_I03,NOT_APPROVED_BY_CENSUS
RIV-LZ-081D18,LZ,0x081D18,0x085554,0x08,0x1D18,14396,1ddf89aadcd61f4d04b5d205db8b82980c761a4c0ea0f42e4e1d6c1e91127a04,True,N/A,,S418_7966_7978_DESCRIPTOR31_CENSUS.csv,1,RIV-USE-DESC31-12-2,RIV-CONS-727978,False,0,NO_FLAG,NOT_VALIDATED_I03,NOT_VALIDATED_I03,NOT_EXECUTED_I03,NOT_ESTABLISHED_I03,NOT_APPROVED_BY_CENSUS
RIV-LZ-085554,LZ,0x085554,0x08675D,0x08,0x5554,4617,5d2506fa960f61eef3ac0008cd432931e9c692492934e21c0a3218cacadc83a9,True,N/A,,S418_7966_7978_DESCRIPTOR31_CENSUS.csv,1,RIV-USE-DESC31-13-1,RIV-CONS-727966,False,0,NO_FLAG,NOT_VALIDATED_I03,NOT_VALIDATED_I03,NOT_EXECUTED_I03,NOT_ESTABLISHED_I03,NOT_APPROVED_BY_CENSUS
RIV-LZ-08675E,LZ,0x08675E,0x08978B,0x08,0x675E,12333,1b90c189835d6f08c1e860b713cd3004ff15c3a411516b3b3fca80ee01bd4fc7,True,N/A,,S418_7966_7978_DESCRIPTOR31_CENSUS.csv,1,RIV-USE-DESC31-13-2,RIV-CONS-727978,False,0,NO_FLAG,NOT_VALIDATED_I03,NOT_VALIDATED_I03,NOT_EXECUTED_I03,NOT_ESTABLISHED_I03,NOT_APPROVED_BY_CENSUS
RIV-LZ-08978C,LZ,0x08978C,0x08B38B,0x08,0x978C,7167,b5cf599293abfac837b97698150687fad28e9eac63e78cccd46809aca203e3e1,True,N/A,,S418_7966_7978_DESCRIPTOR31_CENSUS.csv,1,RIV-USE-DESC31-14-1,RIV-CONS-727966,False,0,NO_FLAG,NOT_VALIDATED_I03,NOT_VALIDATED_I03,NOT_EXECUTED_I03,NOT_ESTABLISHED_I03,NOT_APPROVED_BY_CENSUS
RIV-LZ-08B38C,LZ,0x08B38C,0x08EAE9,0x08,0xB38C,14173,03503d4ed301a246df7b8a4490cd0975a25d69b4560d5d1a803bd876002bb479,True,N/A,,S418_7966_7978_DESCRIPTOR31_CENSUS.csv,1,RIV-USE-DESC31-14-2,RIV-CONS-727978,False,0,NO_FLAG,NOT_VALIDATED_I03,NOT_VALIDATED_I03,NOT_EXECUTED_I03,NOT_ESTABLISHED_I03,NOT_APPROVED_BY_CENSUS
RIV-LZ-090000,LZ,0x090000,0x091582,0x09,0x0000,5506,8d852cf5a41967c6eb146e8931d4c97e171e8d706eb9653676427dd00b806af6,True,N/A,,S418_7966_7978_DESCRIPTOR31_CENSUS.csv,1,RIV-USE-DESC31-15-1,RIV-CONS-727966,False,0,NO_FLAG,NOT_VALIDATED_I03,NOT_VALIDATED_I03,NOT_EXECUTED_I03,NOT_ESTABLISHED_I03,NOT_APPROVED_BY_CENSUS
RIV-LZ-091582,LZ,0x091582,0x0942F3,0x09,0x1582,11633,e6f80605068b281cf0288dfc095300b092dffa7c09a8be18b0486b3c4da7ae71,True,N/A,,S418_7966_7978_DESCRIPTOR31_CENSUS.csv,1,RIV-USE-DESC31-15-2,RIV-CONS-727978,False,0,NO_FLAG,NOT_VALIDATED_I03,NOT_VALIDATED_I03,NOT_EXECUTED_I03,NOT_ESTABLISHED_I03,NOT_APPROVED_BY_CENSUS
RIV-LZ-0942F4,LZ,0x0942F4,0x096534,0x09,0x42F4,8768,73c7ae7bebcddd1450a48dd2bd4a24d0147a21015e51a66eb4866b9e4e298ab3,True,N/A,,S418_7966_7978_DESCRIPTOR31_CENSUS.csv,1,RIV-USE-DESC31-16-1,RIV-CONS-727966,False,0,NO_FLAG,NOT_VALIDATED_I03,NOT_VALIDATED_I03,NOT_EXECUTED_I03,NOT_ESTABLISHED_I03,NOT_APPROVED_BY_CENSUS
RIV-LZ-096534,LZ,0x096534,0x099B95,0x09,0x6534,13921,5f05122799391291b3c0726c674754348136997a3ef419f3c4a1893d8ec59b9f,True,N/A,,S418_7966_7978_DESCRIPTOR31_CENSUS.csv,1,RIV-USE-DESC31-16-2,RIV-CONS-727978,False,0,NO_FLAG,NOT_VALIDATED_I03,NOT_VALIDATED_I03,NOT_EXECUTED_I03,NOT_ESTABLISHED_I03,NOT_APPROVED_BY_CENSUS
RIV-LZ-099B96,LZ,0x099B96,0x09B464,0x09,0x9B96,6350,7593063fc3a26948a51f4c58c184ba7f2224054cef41bd29d236068ccc398a18,True,N/A,,S418_7966_7978_DESCRIPTOR31_CENSUS.csv,1,RIV-USE-DESC31-17-1,RIV-CONS-727966,False,0,NO_FLAG,NOT_VALIDATED_I03,NOT_VALIDATED_I03,NOT_EXECUTED_I03,NOT_ESTABLISHED_I03,NOT_APPROVED_BY_CENSUS
RIV-LZ-09B464,LZ,0x09B464,0x09E4A3,0x09,0xB464,12351,a5a347eb5f7556f3b313de617b4f67fd08147d9df8868482e6b62c10f3435a43,True,N/A,,S418_7966_7978_DESCRIPTOR31_CENSUS.csv,1,RIV-USE-DESC31-17-2,RIV-CONS-727978,False,0,NO_FLAG,NOT_VALIDATED_I03,NOT_VALIDATED_I03,NOT_EXECUTED_I03,NOT_ESTABLISHED_I03,NOT_APPROVED_BY_CENSUS
RIV-LZ-0A0000,LZ,0x0A0000,0x0A02F1,0x0A,0x0000,753,9ba20f48962cd7336fcd656976026322f8109d3afa62eb442b6e86522a5cda01,True,N/A,,S418_7966_7978_DESCRIPTOR31_CENSUS.csv,1,RIV-USE-DESC31-18-1,RIV-CONS-727966,False,0,NO_FLAG,NOT_VALIDATED_I03,NOT_VALIDATED_I03,NOT_EXECUTED_I03,NOT_ESTABLISHED_I03,NOT_APPROVED_BY_CENSUS
RIV-LZ-0A02F2,LZ,0x0A02F2,0x0A371F,0x0A,0x02F2,13357,57168b8a0d647f33784985f387784b7e825e10cba5e82e6bb2836919ebd1de61,True,N/A,,S418_7966_7978_DESCRIPTOR31_CENSUS.csv,1,RIV-USE-DESC31-18-2,RIV-CONS-727978,False,0,NO_FLAG,NOT_VALIDATED_I03,NOT_VALIDATED_I03,NOT_EXECUTED_I03,NOT_ESTABLISHED_I03,NOT_APPROVED_BY_CENSUS
RIV-LZ-0A3720,LZ,0x0A3720,0x0A44B5,0x0A,0x3720,3477,a06dbdf9a15367230894d2d8b00587c85527d947145bfa4fc19a781a050b9d6b,True,N/A,,S418_7966_7978_DESCRIPTOR31_CENSUS.csv,1,RIV-USE-DESC31-19-1,RIV-CONS-727966,False,0,NO_FLAG,NOT_VALIDATED_I03,NOT_VALIDATED_I03,NOT_EXECUTED_I03,NOT_ESTABLISHED_I03,NOT_APPROVED_BY_CENSUS
RIV-LZ-0A44B6,LZ,0x0A44B6,0x0A72A9,0x0A,0x44B6,11763,a4b8fdc50e76661b3994bed0401030238bacea5d6ebddd45bc3a6cf2f4bb5d1d,True,N/A,,S418_7966_7978_DESCRIPTOR31_CENSUS.csv,1,RIV-USE-DESC31-19-2,RIV-CONS-727978,False,0,NO_FLAG,NOT_VALIDATED_I03,NOT_VALIDATED_I03,NOT_EXECUTED_I03,NOT_ESTABLISHED_I03,NOT_APPROVED_BY_CENSUS
RIV-LZ-0A72AA,LZ,0x0A72AA,0x0A840C,0x0A,0x72AA,4450,021ba8a614c3098bd68c5683d9112166a655998f9571bace547cdc79d592f8a6,True,N/A,,S418_7966_7978_DESCRIPTOR31_CENSUS.csv,1,RIV-USE-DESC31-20-1,RIV-CONS-727966,False,0,NO_FLAG,NOT_VALIDATED_I03,NOT_VALIDATED_I03,NOT_EXECUTED_I03,NOT_ESTABLISHED_I03,NOT_APPROVED_BY_CENSUS
RIV-LZ-0A840C,LZ,0x0A840C,0x0AB78C,0x0A,0x840C,13184,18684d8f7a012b8298c68b3dce72725a6740f89971bc31989f26cbe9bc953e8e,True,N/A,,S418_7966_7978_DESCRIPTOR31_CENSUS.csv,1,RIV-USE-DESC31-20-2,RIV-CONS-727978,False,0,NO_FLAG,NOT_VALIDATED_I03,NOT_VALIDATED_I03,NOT_EXECUTED_I03,NOT_ESTABLISHED_I03,NOT_APPROVED_BY_CENSUS
RIV-LZ-0B0000,LZ,0x0B0000,0x0B120A,0x0B,0x0000,4618,97b8a4300e17648dafa5d29dc43f4fb889db5e24197304fa5ca74c4c26abcfde,True,N/A,,S418_7966_7978_DESCRIPTOR31_CENSUS.csv,1,RIV-USE-DESC31-21-1,RIV-CONS-727966,False,0,NO_FLAG,NOT_VALIDATED_I03,NOT_VALIDATED_I03,NOT_EXECUTED_I03,NOT_ESTABLISHED_I03,NOT_APPROVED_BY_CENSUS
RIV-LZ-0B120A,LZ,0x0B120A,0x0B4348,0x0B,0x120A,12606,19fcd798cbd749dc4e51ea3121ebac547bfe0da23e0b0a5aabae7483d42bfcb4,True,N/A,,S418_7966_7978_DESCRIPTOR31_CENSUS.csv,1,RIV-USE-DESC31-21-2,RIV-CONS-727978,False,0,NO_FLAG,NOT_VALIDATED_I03,NOT_VALIDATED_I03,NOT_EXECUTED_I03,NOT_ESTABLISHED_I03,NOT_APPROVED_BY_CENSUS
RIV-LZ-0B4348,LZ,0x0B4348,0x0B43EB,0x0B,0x4348,163,3289791af2e0e4db668862b311ae35f9643233ef95b5e218613934849861229c,True,N/A,,S418_7966_7978_DESCRIPTOR31_CENSUS.csv,1,RIV-USE-DESC31-22-1,RIV-CONS-727966,False,0,NO_FLAG,NOT_VALIDATED_I03,NOT_VALIDATED_I03,NOT_EXECUTED_I03,NOT_ESTABLISHED_I03,NOT_APPROVED_BY_CENSUS
RIV-LZ-0B43EC,LZ,0x0B43EC,0x0B6D61,0x0B,0x43EC,10613,ee1749127da6d178fb4191e6399ad93e1c04426bbba08bdab3cea8af2e60fb69,True,N/A,,S418_7966_7978_DESCRIPTOR31_CENSUS.csv,1,RIV-USE-DESC31-22-2,RIV-CONS-727978,False,0,NO_FLAG,NOT_VALIDATED_I03,NOT_VALIDATED_I03,NOT_EXECUTED_I03,NOT_ESTABLISHED_I03,NOT_APPROVED_BY_CENSUS
RIV-LZ-0B6D62,LZ,0x0B6D62,0x0B832C,0x0B,0x6D62,5578,612abdee80f43c89b0e02425cf348fd9336c3d80b795f93c90d82667de00e4ed,True,N/A,,S418_7966_7978_DESCRIPTOR31_CENSUS.csv,1,RIV-USE-DESC31-23-1,RIV-CONS-727966,False,0,NO_FLAG,NOT_VALIDATED_I03,NOT_VALIDATED_I03,NOT_EXECUTED_I03,NOT_ESTABLISHED_I03,NOT_APPROVED_BY_CENSUS
RIV-LZ-0B832C,LZ,0x0B832C,0x0BAF78,0x0B,0x832C,11340,1796adf829b1bd27e1f8b9f402277da07b11a7240b5180980f3bc159486f0ec5,True,N/A,,S418_7966_7978_DESCRIPTOR31_CENSUS.csv,1,RIV-USE-DESC31-23-2,RIV-CONS-727978,False,0,NO_FLAG,NOT_VALIDATED_I03,NOT_VALIDATED_I03,NOT_EXECUTED_I03,NOT_ESTABLISHED_I03,NOT_APPROVED_BY_CENSUS
RIV-LZ-0C0000,LZ,0x0C0000,0x0C181C,0x0C,0x0000,6172,ee22fa94d0889f8a853247d2575146aa4e2e0e9fa6b5d6c04082471ae229b542,True,N/A,,S418_7966_7978_DESCRIPTOR31_CENSUS.csv,1,RIV-USE-DESC31-24-1,RIV-CONS-727966,False,0,NO_FLAG,NOT_VALIDATED_I03,NOT_VALIDATED_I03,NOT_EXECUTED_I03,NOT_ESTABLISHED_I03,NOT_APPROVED_BY_CENSUS
RIV-LZ-0C181C,LZ,0x0C181C,0x0C48A1,0x0C,0x181C,12421,6627e4f5d838c2c23c352d1a072a564d61da1be14256d22de4c1e9a6541374d7,True,N/A,,S418_7966_7978_DESCRIPTOR31_CENSUS.csv,1,RIV-USE-DESC31-24-2,RIV-CONS-727978,False,0,NO_FLAG,NOT_VALIDATED_I03,NOT_VALIDATED_I03,NOT_EXECUTED_I03,NOT_ESTABLISHED_I03,NOT_APPROVED_BY_CENSUS
RIV-LZ-0C48A2,LZ,0x0C48A2,0x0C67DA,0x0C,0x48A2,7992,f2bed7a6ac52a09dbbe4cc5556166b2458810efe26704cea3e0f9210f2edf0e0,True,N/A,,S418_7966_7978_DESCRIPTOR31_CENSUS.csv,1,RIV-USE-DESC31-25-1,RIV-CONS-727966,False,0,NO_FLAG,NOT_VALIDATED_I03,NOT_VALIDATED_I03,NOT_EXECUTED_I03,NOT_ESTABLISHED_I03,NOT_APPROVED_BY_CENSUS
RIV-LZ-0C67DA,LZ,0x0C67DA,0x0C9BC7,0x0C,0x67DA,13293,a243b3a7a1b80fb66b9142984908547c65c954be0f03919e416488e38d84335f,True,N/A,,S418_7966_7978_DESCRIPTOR31_CENSUS.csv,1,RIV-USE-DESC31-25-2,RIV-CONS-727978,False,0,NO_FLAG,NOT_VALIDATED_I03,NOT_VALIDATED_I03,NOT_EXECUTED_I03,NOT_ESTABLISHED_I03,NOT_APPROVED_BY_CENSUS
RIV-LZ-0C9BC8,LZ,0x0C9BC8,0x0CB837,0x0C,0x9BC8,7279,b8c1a58c1bfa8e10090bace27db709554cebb3c0ad2f6199308ccf7e027a3689,True,N/A,,S418_7966_7978_DESCRIPTOR31_CENSUS.csv,1,RIV-USE-DESC31-30-1,RIV-CONS-727966,False,0,NO_FLAG,NOT_VALIDATED_I03,NOT_VALIDATED_I03,NOT_EXECUTED_I03,NOT_ESTABLISHED_I03,NOT_APPROVED_BY_CENSUS
RIV-LZ-0CB838,LZ,0x0CB838,0x0CEDE4,0x0C,0xB838,13740,f2e3582f8f02a1090aadb1096e280fd6e0a9dccafc67997581469a568aaaf703,True,N/A,,S418_7966_7978_DESCRIPTOR31_CENSUS.csv,1,RIV-USE-DESC31-30-2,RIV-CONS-727978,False,0,NO_FLAG,NOT_VALIDATED_I03,NOT_VALIDATED_I03,NOT_EXECUTED_I03,NOT_ESTABLISHED_I03,NOT_APPROVED_BY_CENSUS
RIV-LZ-0D0000,LZ,0x0D0000,0x0D1821,0x0D,0x0000,6177,28f870da97bc3e3ab67cd3af5077b72e39093e43ead90c615b1aa3c3f3d821c2,True,N/A,,S418_7966_7978_DESCRIPTOR31_CENSUS.csv,1,RIV-USE-DESC31-26-1,RIV-CONS-727966,False,0,NO_FLAG,NOT_VALIDATED_I03,NOT_VALIDATED_I03,NOT_EXECUTED_I03,NOT_ESTABLISHED_I03,NOT_APPROVED_BY_CENSUS
RIV-LZ-0D1822,LZ,0x0D1822,0x0D4B4B,0x0D,0x1822,13097,bd8873fa8da931bfebbcaa62f0b11690cbe5d504356e5b089cd5bcff82d4fa4d,True,N/A,,S418_7966_7978_DESCRIPTOR31_CENSUS.csv,1,RIV-USE-DESC31-26-2,RIV-CONS-727978,False,0,NO_FLAG,NOT_VALIDATED_I03,NOT_VALIDATED_I03,NOT_EXECUTED_I03,NOT_ESTABLISHED_I03,NOT_APPROVED_BY_CENSUS
RIV-LZ-0D4B4C,LZ,0x0D4B4C,0x0D6333,0x0D,0x4B4C,6119,f3ab90fe22d30cc922adffc371bc41de7469552c58132f829fd7237bb623fa63,True,N/A,,S418_7966_7978_DESCRIPTOR31_CENSUS.csv,1,RIV-USE-DESC31-27-1,RIV-CONS-727966,False,0,NO_FLAG,NOT_VALIDATED_I03,NOT_VALIDATED_I03,NOT_EXECUTED_I03,NOT_ESTABLISHED_I03,NOT_APPROVED_BY_CENSUS
RIV-LZ-0D6334,LZ,0x0D6334,0x0D9716,0x0D,0x6334,13282,afa9997b022ba5dce215030e4320fa3483b40e96f18f1673da32ba47a13657f6,True,N/A,,S418_7966_7978_DESCRIPTOR31_CENSUS.csv,1,RIV-USE-DESC31-27-2,RIV-CONS-727978,False,0,NO_FLAG,NOT_VALIDATED_I03,NOT_VALIDATED_I03,NOT_EXECUTED_I03,NOT_ESTABLISHED_I03,NOT_APPROVED_BY_CENSUS
RIV-LZ-0F16F8,LZ,0x0F16F8,0x0F2CB9,0x0F,0x16F8,5569,4c0516bbaa20fdb16ed2e51e44061004e7865711ac69ded80e905dc9de75d639,True,N/A,,S418_7966_7978_DESCRIPTOR31_CENSUS.csv,1,RIV-USE-DESC31-28-1,RIV-CONS-727966,False,0,NO_FLAG,NOT_VALIDATED_I03,NOT_VALIDATED_I03,NOT_EXECUTED_I03,NOT_ESTABLISHED_I03,NOT_APPROVED_BY_CENSUS
RIV-LZ-0F2CBA,LZ,0x0F2CBA,0x0F60D4,0x0F,0x2CBA,13338,d7b71f192daf8c77e136cea66b2e7f86555f22b030334be9911100f9fd92fd9c,True,N/A,,S418_7966_7978_DESCRIPTOR31_CENSUS.csv,1,RIV-USE-DESC31-28-2,RIV-CONS-727978,False,0,NO_FLAG,NOT_VALIDATED_I03,NOT_VALIDATED_I03,NOT_EXECUTED_I03,NOT_ESTABLISHED_I03,NOT_APPROVED_BY_CENSUS
RIV-LZ-0F6C50,LZ,0x0F6C50,0x0F839C,0x0F,0x6C50,5964,6be9cc24d884b00e0979544587527b10c644c97288f8847b3b06b834b20a1392,True,N/A,,S418_7966_7978_DESCRIPTOR31_CENSUS.csv,1,RIV-USE-DESC31-29-1,RIV-CONS-727966,False,0,NO_FLAG,NOT_VALIDATED_I03,NOT_VALIDATED_I03,NOT_EXECUTED_I03,NOT_ESTABLISHED_I03,NOT_APPROVED_BY_CENSUS
RIV-LZ-0F839C,LZ,0x0F839C,0x0FB90D,0x0F,0x839C,13681,e995337dc2f8b17dbf307b1c9108204242af197bc2dab746d71c2dec23980942,True,N/A,,S418_7966_7978_DESCRIPTOR31_CENSUS.csv,1,RIV-USE-DESC31-29-2,RIV-CONS-727978,False,0,NO_FLAG,NOT_VALIDATED_I03,NOT_VALIDATED_I03,NOT_EXECUTED_I03,NOT_ESTABLISHED_I03,NOT_APPROVED_BY_CENSUS
RIV-LZ-4500F8,LZ,0x4500F8,0x45033A,0x45,0x00F8,578,7999ebaa006625106db2151db807e0340e2d741603aea8b25ef5d92c5f4e4e7b,True,N/A,,S417_977D_RECORD62_CENSUS.csv,1,RIV-USE-REC62-0,RIV-CONS-72977D,False,0,NO_FLAG,NOT_VALIDATED_I03,NOT_VALIDATED_I03,NOT_EXECUTED_I03,NOT_ESTABLISHED_I03,NOT_APPROVED_BY_CENSUS
RIV-LZ-45035A,LZ,0x45035A,0x4505A5,0x45,0x035A,587,034cbf55160e060c9511d1bd96be944ddb9778dc66309b7c56b49682270b7624,True,N/A,,S417_977D_RECORD62_CENSUS.csv,1,RIV-USE-REC62-1,RIV-CONS-72977D,False,0,NO_FLAG,NOT_VALIDATED_I03,NOT_VALIDATED_I03,NOT_EXECUTED_I03,NOT_ESTABLISHED_I03,NOT_APPROVED_BY_CENSUS
RIV-LZ-4505C6,LZ,0x4505C6,0x450824,0x45,0x05C6,606,4a670c70c64cf7a32dfff5364963ed3b59ea92838adccb4c19480c67189113e7,True,N/A,,S417_977D_RECORD62_CENSUS.csv,1,RIV-USE-REC62-2,RIV-CONS-72977D,False,0,NO_FLAG,NOT_VALIDATED_I03,NOT_VALIDATED_I03,NOT_EXECUTED_I03,NOT_ESTABLISHED_I03,NOT_APPROVED_BY_CENSUS
RIV-LZ-450844,LZ,0x450844,0x450A80,0x45,0x0844,572,4f0716a1e58e91904e88afde714b402346a0b2c59ac71dc35dda9a008f5d6246,True,N/A,,S417_977D_RECORD62_CENSUS.csv,1,RIV-USE-REC62-3,RIV-CONS-72977D,False,0,NO_FLAG,NOT_VALIDATED_I03,NOT_VALIDATED_I03,NOT_EXECUTED_I03,NOT_ESTABLISHED_I03,NOT_APPROVED_BY_CENSUS
RIV-LZ-450AA0,LZ,0x450AA0,0x450CEC,0x45,0x0AA0,588,f4131c99530318e145b1281de69099872aeb197b8c22b561698333f24aaf1396,True,N/A,,S417_977D_RECORD62_CENSUS.csv,1,RIV-USE-REC62-4,RIV-CONS-72977D,False,0,NO_FLAG,NOT_VALIDATED_I03,NOT_VALIDATED_I03,NOT_EXECUTED_I03,NOT_ESTABLISHED_I03,NOT_APPROVED_BY_CENSUS
RIV-LZ-450D0C,LZ,0x450D0C,0x450F6C,0x45,0x0D0C,608,10155cbd9c173d7040e19a57451fd2042538c7f92ea44cd11d58f2fb966d06f6,True,N/A,,S417_977D_RECORD62_CENSUS.csv,1,RIV-USE-REC62-6,RIV-CONS-72977D,False,0,NO_FLAG,NOT_VALIDATED_I03,NOT_VALIDATED_I03,NOT_EXECUTED_I03,NOT_ESTABLISHED_I03,NOT_APPROVED_BY_CENSUS
RIV-LZ-450F6C,LZ,0x450F6C,0x4511B1,0x45,0x0F6C,581,4b454a34f6856f1d6d0ba83722be291488501335750908d9b57f10c00d20ca8a,True,N/A,,S417_977D_RECORD62_CENSUS.csv,1,RIV-USE-REC62-7,RIV-CONS-72977D,False,0,NO_FLAG,NOT_VALIDATED_I03,NOT_VALIDATED_I03,NOT_EXECUTED_I03,NOT_ESTABLISHED_I03,NOT_APPROVED_BY_CENSUS
RIV-LZ-4511B2,LZ,0x4511B2,0x451411,0x45,0x11B2,607,8a688a1343ae11750ede15e7b38e07bf98115178bfce2faaa2ccdd88b2e119d7,True,N/A,,S417_977D_RECORD62_CENSUS.csv,1,RIV-USE-REC62-8,RIV-CONS-72977D,False,0,NO_FLAG,NOT_VALIDATED_I03,NOT_VALIDATED_I03,NOT_EXECUTED_I03,NOT_ESTABLISHED_I03,NOT_APPROVED_BY_CENSUS
RIV-LZ-451412,LZ,0x451412,0x45166D,0x45,0x1412,603,aef6a95f1e5d7193ed541c89dc5bb23553202d852a6b1e98ba10d35fa6de5fbb,True,N/A,,S417_977D_RECORD62_CENSUS.csv,1,RIV-USE-REC62-9,RIV-CONS-72977D,False,0,NO_FLAG,NOT_VALIDATED_I03,NOT_VALIDATED_I03,NOT_EXECUTED_I03,NOT_ESTABLISHED_I03,NOT_APPROVED_BY_CENSUS
RIV-LZ-45166E,LZ,0x45166E,0x4518AC,0x45,0x166E,574,34aaf851f5dbd70b9031e2e78367e51e0fd4a104a4cf529df3cba70fb36beaf5,True,N/A,,S417_977D_RECORD62_CENSUS.csv,1,RIV-USE-REC62-10,RIV-CONS-72977D,False,0,NO_FLAG,NOT_VALIDATED_I03,NOT_VALIDATED_I03,NOT_EXECUTED_I03,NOT_ESTABLISHED_I03,NOT_APPROVED_BY_CENSUS
RIV-LZ-4518AC,LZ,0x4518AC,0x451AF5,0x45,0x18AC,585,cf13a5b2c1b32358b6466c004a993854edc11667f9eb307de3878a42f4e8ff03,True,N/A,,S417_977D_RECORD62_CENSUS.csv,1,RIV-USE-REC62-11,RIV-CONS-72977D,False,0,NO_FLAG,NOT_VALIDATED_I03,NOT_VALIDATED_I03,NOT_EXECUTED_I03,NOT_ESTABLISHED_I03,NOT_APPROVED_BY_CENSUS
RIV-LZ-451AF6,LZ,0x451AF6,0x451D50,0x45,0x1AF6,602,fbce9b54216584b3545ff120f2df8ec300fca80c93c7348baadbde849447ae90,True,N/A,,S417_977D_RECORD62_CENSUS.csv,1,RIV-USE-REC62-12,RIV-CONS-72977D,False,0,NO_FLAG,NOT_VALIDATED_I03,NOT_VALIDATED_I03,NOT_EXECUTED_I03,NOT_ESTABLISHED_I03,NOT_APPROVED_BY_CENSUS
RIV-LZ-451D50,LZ,0x451D50,0x451F90,0x45,0x1D50,576,93c4d840d809454f7f5abc606476e0f121a4419ea3406a40b0413ae8d831aaf5,True,N/A,,S417_977D_RECORD62_CENSUS.csv,1,RIV-USE-REC62-13,RIV-CONS-72977D,False,0,NO_FLAG,NOT_VALIDATED_I03,NOT_VALIDATED_I03,NOT_EXECUTED_I03,NOT_ESTABLISHED_I03,NOT_APPROVED_BY_CENSUS
RIV-LZ-451F90,LZ,0x451F90,0x4521C4,0x45,0x1F90,564,87432f2c9c7d7f7291a3302acb5e620e16af695a89bd6e394222a49ce3fee2e6,True,N/A,,S417_977D_RECORD62_CENSUS.csv,1,RIV-USE-REC62-14,RIV-CONS-72977D,False,0,NO_FLAG,NOT_VALIDATED_I03,NOT_VALIDATED_I03,NOT_EXECUTED_I03,NOT_ESTABLISHED_I03,NOT_APPROVED_BY_CENSUS
RIV-LZ-4521C4,LZ,0x4521C4,0x4523C6,0x45,0x21C4,514,503490b8ba39a9b7436aea93b64bacad6853785d457ac7334a19910fd787a7ed,True,N/A,,S417_977D_RECORD62_CENSUS.csv,1,RIV-USE-REC62-15,RIV-CONS-72977D,False,0,NO_FLAG,NOT_VALIDATED_I03,NOT_VALIDATED_I03,NOT_EXECUTED_I03,NOT_ESTABLISHED_I03,NOT_APPROVED_BY_CENSUS
RIV-LZ-4523C6,LZ,0x4523C6,0x452628,0x45,0x23C6,610,6a60dc92ec232446fc51065081cff75a32698f26c0b8c40e03d684cb38988746,True,N/A,,S417_977D_RECORD62_CENSUS.csv,1,RIV-USE-REC62-16,RIV-CONS-72977D,False,0,NO_FLAG,NOT_VALIDATED_I03,NOT_VALIDATED_I03,NOT_EXECUTED_I03,NOT_ESTABLISHED_I03,NOT_APPROVED_BY_CENSUS
RIV-LZ-452628,LZ,0x452628,0x452883,0x45,0x2628,603,5bc08092fa2ec236a5539ad1908b98bbe2e72b0199329e2cd87435f4a90402bf,True,N/A,,S417_977D_RECORD62_CENSUS.csv,1,RIV-USE-REC62-17,RIV-CONS-72977D,False,0,NO_FLAG,NOT_VALIDATED_I03,NOT_VALIDATED_I03,NOT_EXECUTED_I03,NOT_ESTABLISHED_I03,NOT_APPROVED_BY_CENSUS
RIV-LZ-452884,LZ,0x452884,0x452AD8,0x45,0x2884,596,e33999629642ea9354e54194d905ceff304df9daf077ff60d0d385cec3a5254c,True,N/A,,S417_977D_RECORD62_CENSUS.csv,1,RIV-USE-REC62-18,RIV-CONS-72977D,False,0,NO_FLAG,NOT_VALIDATED_I03,NOT_VALIDATED_I03,NOT_EXECUTED_I03,NOT_ESTABLISHED_I03,NOT_APPROVED_BY_CENSUS
RIV-LZ-452AD8,LZ,0x452AD8,0x452D2E,0x45,0x2AD8,598,64fc98ecb13326ce322d57f653c5a937a155fef429351909032e449401832af1,True,N/A,,S417_977D_RECORD62_CENSUS.csv,1,RIV-USE-REC62-19,RIV-CONS-72977D,False,0,NO_FLAG,NOT_VALIDATED_I03,NOT_VALIDATED_I03,NOT_EXECUTED_I03,NOT_ESTABLISHED_I03,NOT_APPROVED_BY_CENSUS
RIV-LZ-452D2E,LZ,0x452D2E,0x452EE1,0x45,0x2D2E,435,670429fc1bae8dc247da84793fb8ff18be61886fe18849a2b7d264f0182f0bf2,True,N/A,,S417_977D_RECORD62_CENSUS.csv,1,RIV-USE-REC62-20,RIV-CONS-72977D,False,0,NO_FLAG,NOT_VALIDATED_I03,NOT_VALIDATED_I03,NOT_EXECUTED_I03,NOT_ESTABLISHED_I03,NOT_APPROVED_BY_CENSUS
RIV-LZ-452EE2,LZ,0x452EE2,0x453136,0x45,0x2EE2,596,6b2021175a16cf364257de7096f4e98a5b44185d48c0d082c4909ca20d569c63,True,N/A,,S417_977D_RECORD62_CENSUS.csv,1,RIV-USE-REC62-21,RIV-CONS-72977D,False,0,NO_FLAG,NOT_VALIDATED_I03,NOT_VALIDATED_I03,NOT_EXECUTED_I03,NOT_ESTABLISHED_I03,NOT_APPROVED_BY_CENSUS
RIV-LZ-453136,LZ,0x453136,0x453371,0x45,0x3136,571,a6f90988e6063a5219a46a9153e9febc15f8c1f19af5ebc21fac7b11c02af0e8,True,N/A,,S417_977D_RECORD62_CENSUS.csv,1,RIV-USE-REC62-22,RIV-CONS-72977D,False,0,NO_FLAG,NOT_VALIDATED_I03,NOT_VALIDATED_I03,NOT_EXECUTED_I03,NOT_ESTABLISHED_I03,NOT_APPROVED_BY_CENSUS
RIV-LZ-453372,LZ,0x453372,0x453557,0x45,0x3372,485,59a1340e0920b4008478c4e4095fd061fb01f9e19de6233970cd213fb4c1fcd4,True,N/A,,S417_977D_RECORD62_CENSUS.csv,1,RIV-USE-REC62-23,RIV-CONS-72977D,False,0,NO_FLAG,NOT_VALIDATED_I03,NOT_VALIDATED_I03,NOT_EXECUTED_I03,NOT_ESTABLISHED_I03,NOT_APPROVED_BY_CENSUS
RIV-LZ-453558,LZ,0x453558,0x4537B8,0x45,0x3558,608,3839a39ff587d174680624e65cf98ba78d57222aee8346ac4af78adf6d73b596,True,N/A,,S417_977D_RECORD62_CENSUS.csv,1,RIV-USE-REC62-24,RIV-CONS-72977D,False,0,NO_FLAG,NOT_VALIDATED_I03,NOT_VALIDATED_I03,NOT_EXECUTED_I03,NOT_ESTABLISHED_I03,NOT_APPROVED_BY_CENSUS
RIV-LZ-4537B8,LZ,0x4537B8,0x453A0C,0x45,0x37B8,596,a1eb389413f9dcb28fd42b3d2f011a2fecef8d5b4564bf6cc7f3a6505533678e,True,N/A,,S417_977D_RECORD62_CENSUS.csv,1,RIV-USE-REC62-25,RIV-CONS-72977D,False,0,NO_FLAG,NOT_VALIDATED_I03,NOT_VALIDATED_I03,NOT_EXECUTED_I03,NOT_ESTABLISHED_I03,NOT_APPROVED_BY_CENSUS
RIV-LZ-453A0C,LZ,0x453A0C,0x453B9A,0x45,0x3A0C,398,dab74cad2b7e6501d2a35c37cba8b7676cc2f36e68b754175acdc038c585090c,True,N/A,,S417_977D_RECORD62_CENSUS.csv,1,RIV-USE-REC62-26,RIV-CONS-72977D,False,0,NO_FLAG,NOT_VALIDATED_I03,NOT_VALIDATED_I03,NOT_EXECUTED_I03,NOT_ESTABLISHED_I03,NOT_APPROVED_BY_CENSUS
RIV-LZ-453B9A,LZ,0x453B9A,0x453DE4,0x45,0x3B9A,586,dee292259dde8bd37ae978b73108f79c030c915523198d1113627857583c949f,True,N/A,,S417_977D_RECORD62_CENSUS.csv,1,RIV-USE-REC62-27,RIV-CONS-72977D,False,0,NO_FLAG,NOT_VALIDATED_I03,NOT_VALIDATED_I03,NOT_EXECUTED_I03,NOT_ESTABLISHED_I03,NOT_APPROVED_BY_CENSUS
RIV-LZ-453DE4,LZ,0x453DE4,0x454038,0x45,0x3DE4,596,1a9a1d8e79d22586d94a7348acf1829aced0eec1712fd1e58e621803b10a00ea,True,N/A,,S417_977D_RECORD62_CENSUS.csv,1,RIV-USE-REC62-28,RIV-CONS-72977D,False,0,NO_FLAG,NOT_VALIDATED_I03,NOT_VALIDATED_I03,NOT_EXECUTED_I03,NOT_ESTABLISHED_I03,NOT_APPROVED_BY_CENSUS
RIV-LZ-454038,LZ,0x454038,0x454295,0x45,0x4038,605,1d460f1093b23913b5c141f9c14d04df85c3c965868db1de33c992daa305d531,True,N/A,,S417_977D_RECORD62_CENSUS.csv,1,RIV-USE-REC62-29,RIV-CONS-72977D,False,0,NO_FLAG,NOT_VALIDATED_I03,NOT_VALIDATED_I03,NOT_EXECUTED_I03,NOT_ESTABLISHED_I03,NOT_APPROVED_BY_CENSUS
RIV-LZ-454296,LZ,0x454296,0x45447B,0x45,0x4296,485,63473b1021390020c0d2a2ad2fbee6471e3cbc45fa78dcfdd01e0153d676f107,True,N/A,,S417_977D_RECORD62_CENSUS.csv,1,RIV-USE-REC62-30,RIV-CONS-72977D,False,0,NO_FLAG,NOT_VALIDATED_I03,NOT_VALIDATED_I03,NOT_EXECUTED_I03,NOT_ESTABLISHED_I03,NOT_APPROVED_BY_CENSUS
RIV-LZ-45447C,LZ,0x45447C,0x454686,0x45,0x447C,522,211d9371ba494f798bd69507f823be0b25203850345c0e394e07b56a3f14820f,True,N/A,,S417_977D_RECORD62_CENSUS.csv,1,RIV-USE-REC62-31,RIV-CONS-72977D,False,0,NO_FLAG,NOT_VALIDATED_I03,NOT_VALIDATED_I03,NOT_EXECUTED_I03,NOT_ESTABLISHED_I03,NOT_APPROVED_BY_CENSUS
RIV-LZ-454686,LZ,0x454686,0x4548BE,0x45,0x4686,568,4ce27f79cf25c98b1406492c1aefc6d446dab77efc639651d676119f79aaed5a,True,N/A,,S417_977D_RECORD62_CENSUS.csv,1,RIV-USE-REC62-32,RIV-CONS-72977D,False,0,NO_FLAG,NOT_VALIDATED_I03,NOT_VALIDATED_I03,NOT_EXECUTED_I03,NOT_ESTABLISHED_I03,NOT_APPROVED_BY_CENSUS
RIV-LZ-4548BE,LZ,0x4548BE,0x454B0A,0x45,0x48BE,588,563f1d8a4bbe5ffabe72880584aabe35be3c1133126ada64691a221017b6c959,True,N/A,,S417_977D_RECORD62_CENSUS.csv,2,RIV-USE-REC62-33;RIV-USE-REC62-34,RIV-CONS-72977D,False,0,NO_FLAG,NOT_VALIDATED_I03,NOT_VALIDATED_I03,NOT_EXECUTED_I03,NOT_ESTABLISHED_I03,NOT_APPROVED_BY_CENSUS
RIV-LZ-454B4A,LZ,0x454B4A,0x454DA2,0x45,0x4B4A,600,d7f3fd59a6e00b120d34e7e9a1547d10191633525720de923cd534ace250adee,True,N/A,,S417_977D_RECORD62_CENSUS.csv,3,RIV-USE-REC62-35;RIV-USE-REC62-36;RIV-USE-REC62-37,RIV-CONS-72977D,False,0,NO_FLAG,NOT_VALIDATED_I03,NOT_VALIDATED_I03,NOT_EXECUTED_I03,NOT_ESTABLISHED_I03,NOT_APPROVED_BY_CENSUS
RIV-LZ-454E02,LZ,0x454E02,0x455006,0x45,0x4E02,516,908abcb5e1369ab4ed239e2aec5e3c25bb6e1448b0744058ed5d1d7487f4af66,True,N/A,,S417_977D_RECORD62_CENSUS.csv,2,RIV-USE-REC62-38;RIV-USE-REC62-39,RIV-CONS-72977D,False,0,NO_FLAG,NOT_VALIDATED_I03,NOT_VALIDATED_I03,NOT_EXECUTED_I03,NOT_ESTABLISHED_I03,NOT_APPROVED_BY_CENSUS
RIV-LZ-455046,LZ,0x455046,0x45525A,0x45,0x5046,532,9b8d04c1073e1cefc07b5262078e1e055aa68bf730e974b44f6e7193692038c5,True,N/A,,S417_977D_RECORD62_CENSUS.csv,3,RIV-USE-REC62-40;RIV-USE-REC62-41;RIV-USE-REC62-42,RIV-CONS-72977D,False,0,NO_FLAG,NOT_VALIDATED_I03,NOT_VALIDATED_I03,NOT_EXECUTED_I03,NOT_ESTABLISHED_I03,NOT_APPROVED_BY_CENSUS
RIV-LZ-4552BA,LZ,0x4552BA,0x45550C,0x45,0x52BA,594,a33abbec26b9b1fadda676d9652bd87ef30ba89ed2ce4517a5e4b1e31a50db66,True,N/A,,S417_977D_RECORD62_CENSUS.csv,2,RIV-USE-REC62-43;RIV-USE-REC62-44,RIV-CONS-72977D,False,0,NO_FLAG,NOT_VALIDATED_I03,NOT_VALIDATED_I03,NOT_EXECUTED_I03,NOT_ESTABLISHED_I03,NOT_APPROVED_BY_CENSUS
RIV-LZ-45554C,LZ,0x45554C,0x45579A,0x45,0x554C,590,cc93e45608cc916b0b38e29285ae64769e23f86015dc7abfed0f8bd812ba532e,True,N/A,,S417_977D_RECORD62_CENSUS.csv,2,RIV-USE-REC62-45;RIV-USE-REC62-46,RIV-CONS-72977D,False,0,NO_FLAG,NOT_VALIDATED_I03,NOT_VALIDATED_I03,NOT_EXECUTED_I03,NOT_ESTABLISHED_I03,NOT_APPROVED_BY_CENSUS
RIV-LZ-4557DA,LZ,0x4557DA,0x455A35,0x45,0x57DA,603,f091f56b07eabcedb2c411bfdf9e877a8c842bc4df43f5eec2aecbbbe73c3797,True,N/A,,S417_977D_RECORD62_CENSUS.csv,2,RIV-USE-REC62-47;RIV-USE-REC62-48,RIV-CONS-72977D,False,0,NO_FLAG,NOT_VALIDATED_I03,NOT_VALIDATED_I03,NOT_EXECUTED_I03,NOT_ESTABLISHED_I03,NOT_APPROVED_BY_CENSUS
RIV-LZ-455A76,LZ,0x455A76,0x455CBF,0x45,0x5A76,585,f6e2de226a9aded3a954cc2011e0baaccd2215ef9c0ce3a67e2a5472af9436c6,True,N/A,,S417_977D_RECORD62_CENSUS.csv,4,RIV-USE-REC62-49;RIV-USE-REC62-50;RIV-USE-REC62-51;RIV-USE-REC62-52,RIV-CONS-72977D,False,0,NO_FLAG,NOT_VALIDATED_I03,NOT_VALIDATED_I03,NOT_EXECUTED_I03,NOT_ESTABLISHED_I03,NOT_APPROVED_BY_CENSUS
RIV-LZ-455D40,LZ,0x455D40,0x455F7C,0x45,0x5D40,572,02abeb66372faf2c4fb684d936ec6d5ffc0830816b971d6f9e9a90af083308a4,True,N/A,,S417_977D_RECORD62_CENSUS.csv,3,RIV-USE-REC62-5;RIV-USE-REC62-53;RIV-USE-REC62-54,RIV-CONS-72977D,False,0,NO_FLAG,NOT_VALIDATED_I03,NOT_VALIDATED_I03,NOT_EXECUTED_I03,NOT_ESTABLISHED_I03,NOT_APPROVED_BY_CENSUS
RIV-LZ-455FBC,LZ,0x455FBC,0x4561FE,0x45,0x5FBC,578,db0fea83af9456ce46f64ee46c896a1e9b7679a8e87837e89f821405553dc432,True,N/A,,S417_977D_RECORD62_CENSUS.csv,2,RIV-USE-REC62-55;RIV-USE-REC62-56,RIV-CONS-72977D,False,0,NO_FLAG,NOT_VALIDATED_I03,NOT_VALIDATED_I03,NOT_EXECUTED_I03,NOT_ESTABLISHED_I03,NOT_APPROVED_BY_CENSUS
RIV-LZ-45623E,LZ,0x45623E,0x45647B,0x45,0x623E,573,fdddf1c66069c11ef76822a494a3f6091cc6d861eadf0e9f066d107783bd226d,True,N/A,,S417_977D_RECORD62_CENSUS.csv,5,RIV-USE-REC62-57;RIV-USE-REC62-58;RIV-USE-REC62-59;RIV-USE-REC62-60;RIV-USE-REC62-61,RIV-CONS-72977D,False,0,NO_FLAG,NOT_VALIDATED_I03,NOT_VALIDATED_I03,NOT_EXECUTED_I03,NOT_ESTABLISHED_I03,NOT_APPROVED_BY_CENSUS
RIV-LZ-4598BC,LZ,0x4598BC,0x4599DF,0x45,0x98BC,291,1b5242d7d1ea7e4e5eeec46b02c5b08576543bb96a2753e8d0d3e0012fc3102a,True,N/A,,,0,,,False,0,NO_FLAG,NOT_INDEXED,NOT_REVIEWED,NOT_EXECUTED_I05,NOT_DETERMINED_BY_HASH,NOT_INDEXED
RIV-LZ-4599E0,LZ,0x4599E0,0x459B68,0x45,0x99E0,392,e0987d47929ac82d0cf1cbe2a09a7b3bf567ff7ba06139e0f7aa994d3a87c8f9,True,N/A,Sendia Spirit Woods,S415_RESOURCE_TABLE_CENSUS_TARGET_147.csv,1,RIV-USE-GFX147-39,RIV-CONS-721B1C,False,108,NO_FLAG,NOT_VALIDATED_I03,NOT_VALIDATED_I03,NOT_EXECUTED_I03,SOURCE_LABEL_AVAILABLE,NOT_APPROVED_BY_CENSUS
RIV-LZ-459D06,LZ,0x459D06,0x459E25,0x45,0x9D06,287,37189a2a41349ad8fa18f813c7e2b44288da1293b7876d13e9ffa8053501ee4b,True,N/A,Heaven's Gate,S415_RESOURCE_TABLE_CENSUS_TARGET_147.csv,1,RIV-USE-GFX147-40,RIV-CONS-721B1C,False,75,NO_FLAG,NOT_VALIDATED_I03,NOT_VALIDATED_I03,NOT_EXECUTED_I03,SOURCE_LABEL_AVAILABLE,NOT_APPROVED_BY_CENSUS
RIV-LZ-459F24,LZ,0x459F24,0x45A09C,0x45,0x9F24,376,3657ee367a92c5767c5a55117adae40523f97ed7cd5b0c3337edb40c780828a5,True,N/A,Lacrima Black Castle,S415_RESOURCE_TABLE_CENSUS_TARGET_147.csv,1,RIV-USE-GFX147-41,RIV-CONS-721B1C,False,114,NO_FLAG,NOT_VALIDATED_I03,NOT_VALIDATED_I03,NOT_EXECUTED_I03,SOURCE_LABEL_AVAILABLE,NOT_APPROVED_BY_CENSUS
RIV-LZ-45A214,LZ,0x45A214,0x45A34C,0x45,0xA214,312,ab9f76a8f9c0647abbdd399479d54576222d1331ec742eb14c3c0fe8de454c5e,True,N/A,Neldo Tree Ruins,S415_RESOURCE_TABLE_CENSUS_TARGET_147.csv,1,RIV-USE-GFX147-42,RIV-CONS-721B1C,False,90,NO_FLAG,NOT_VALIDATED_I03,NOT_VALIDATED_I03,NOT_EXECUTED_I03,SOURCE_LABEL_AVAILABLE,NOT_APPROVED_BY_CENSUS
RIV-LZ-45A4C0,LZ,0x45A4C0,0x45A635,0x45,0xA4C0,373,549e78c73d529a36396ffe2b4738d04c7383ab2dc2518d810ba304cbef8b7a7b,True,N/A,Sunken City Tethys,S415_RESOURCE_TABLE_CENSUS_TARGET_147.csv,1,RIV-USE-GFX147-43,RIV-CONS-721B1C,False,102,NO_FLAG,NOT_VALIDATED_I03,NOT_VALIDATED_I03,NOT_EXECUTED_I03,SOURCE_LABEL_AVAILABLE,NOT_APPROVED_BY_CENSUS
RIV-LZ-45A782,LZ,0x45A782,0x45A8BA,0x45,0xA782,312,708856676228956a4b1aabe50cd791e509d8fa479dbde5da3f1c756ab37d9036,True,N/A,Mireno Cemetery,S415_RESOURCE_TABLE_CENSUS_TARGET_147.csv,1,RIV-USE-GFX147-44,RIV-CONS-721B1C,False,87,NO_FLAG,NOT_VALIDATED_I03,NOT_VALIDATED_I03,NOT_EXECUTED_I03,SOURCE_LABEL_AVAILABLE,NOT_APPROVED_BY_CENSUS
RIV-LZ-45A9DE,LZ,0x45A9DE,0x45AAF5,0x45,0xA9DE,279,7c539258bc10e712af35589fec1a30ee45219134a3c8f6740c2068d553a83072,True,N/A,Yggdrasil Realm,S415_RESOURCE_TABLE_CENSUS_TARGET_147.csv,1,RIV-USE-GFX147-45,RIV-CONS-721B1C,False,87,NO_FLAG,NOT_VALIDATED_I03,NOT_VALIDATED_I03,NOT_EXECUTED_I03,SOURCE_LABEL_AVAILABLE,NOT_APPROVED_BY_CENSUS
RIV-LZ-45AC56,LZ,0x45AC56,0x45AD2B,0x45,0xAC56,213,7525c54d1141580c996755e24137500f903c80204041121baabd1ac73292c13f,True,N/A,Dark Maze,S415_RESOURCE_TABLE_CENSUS_TARGET_147.csv,1,RIV-USE-GFX147-46,RIV-CONS-721B1C,False,51,NO_FLAG,NOT_VALIDATED_I03,NOT_VALIDATED_I03,NOT_EXECUTED_I03,SOURCE_LABEL_AVAILABLE,NOT_APPROVED_BY_CENSUS
RIV-LZ-45AE48,LZ,0x45AE48,0x45AFE5,0x45,0xAE48,413,ec9b8a69701a77d4e0ebf240df51c6b3ae1c1dd4b1dad1c9eb25b37898095afa,True,N/A,Balwene Grand Temple,S415_RESOURCE_TABLE_CENSUS_TARGET_147.csv,1,RIV-USE-GFX147-47,RIV-CONS-721B1C,False,114,NO_FLAG,NOT_VALIDATED_I03,NOT_VALIDATED_I03,NOT_EXECUTED_I03,SOURCE_LABEL_AVAILABLE,NOT_APPROVED_BY_CENSUS
RIV-LZ-45B14E,LZ,0x45B14E,0x45B262,0x45,0xB14E,276,9adcdbc9844bb30d7e6cd11199721f614ef9f6ac1e43e1410eea32e2eb2d20c1,True,N/A,Start,S415_RESOURCE_TABLE_CENSUS_TARGET_147.csv,1,RIV-USE-GFX147-48,RIV-CONS-721B1C,False,30,NO_FLAG,NOT_VALIDATED_I03,NOT_VALIDATED_I03,NOT_EXECUTED_I03,SOURCE_LABEL_AVAILABLE,NOT_APPROVED_BY_CENSUS
RIV-LZ-45B262,LZ,0x45B262,0x45B438,0x45,0xB262,470,d28352a8c12ceb9e29901562628152715eab86dc60efc272261830ff57f1a55c,True,N/A,Next Area,S415_RESOURCE_TABLE_CENSUS_TARGET_147.csv,1,RIV-USE-GFX147-49,RIV-CONS-721B1C,False,51,NO_FLAG,NOT_VALIDATED_I03,NOT_VALIDATED_I03,NOT_EXECUTED_I03,SOURCE_LABEL_AVAILABLE,NOT_APPROVED_BY_CENSUS
RIV-LZ-460000,LZ,0x460000,0x460167,0x46,0x0000,359,18cda815049ce4df6267a6c0e0c3775c78984b4ffd435cc3b5e449609ad8875c,True,N/A,Disaresta,S417_A22F_KEYED38_CENSUS.csv;S417_NON_TABLE_SKILL_GRAPHIC_LOCALIZATION.json,5,RIV-USE-KEY38-0;RIV-USE-KEY38-1;RIV-USE-KEY38-2;RIV-USE-KEY38-3;RIV-USE-KEY38-4,RIV-CONS-72A22F,False,54,NO_FLAG,NOT_VALIDATED_I03,NOT_VALIDATED_I03,NOT_EXECUTED_I03,SOURCE_LABEL_AVAILABLE,STATIC_GRAPHIC_SPEC_MATCH
RIV-LZ-460368,LZ,0x460368,0x460521,0x46,0x0368,441,0aa321c93dcdb3eacafa00b38d2f4308a247e2a1b417465671a1117406bd705e,True,N/A,Lost Seraph,S417_A22F_KEYED38_CENSUS.csv;S417_NON_TABLE_SKILL_GRAPHIC_LOCALIZATION.json,1,RIV-USE-KEY38-5,RIV-CONS-72A22F,False,63,NO_FLAG,NOT_VALIDATED_I03,NOT_VALIDATED_I03,NOT_EXECUTED_I03,SOURCE_LABEL_AVAILABLE,STATIC_GRAPHIC_SPEC_MATCH
RIV-LZ-46065E,LZ,0x46065E,0x460743,0x46,0x065E,229,782baccf3e19d11b5b5644d312e9e3270a644d503b64385c0a3bd069683fdbd6,True,N/A,Sword Blitz,S417_A22F_KEYED38_CENSUS.csv;S417_NON_TABLE_SKILL_GRAPHIC_LOCALIZATION.json,1,RIV-USE-KEY38-6,RIV-CONS-72A22F,False,63,NO_FLAG,NOT_VALIDATED_I03,NOT_VALIDATED_I03,NOT_EXECUTED_I03,SOURCE_LABEL_AVAILABLE,STATIC_GRAPHIC_SPEC_MATCH
RIV-LZ-4607FE,LZ,0x4607FE,0x46093E,0x46,0x07FE,320,c1f597a470613b40f4e77162d13e4aeb7527eb11c52fbd40249d30e580faa373,True,N/A,Flame Slash,S417_A22F_KEYED38_CENSUS.csv;S417_NON_TABLE_SKILL_GRAPHIC_LOCALIZATION.json,1,RIV-USE-KEY38-7,RIV-CONS-72A22F,False,63,NO_FLAG,NOT_VALIDATED_I03,NOT_VALIDATED_I03,NOT_EXECUTED_I03,SOURCE_LABEL_AVAILABLE,STATIC_GRAPHIC_SPEC_MATCH
RIV-LZ-460AB2,LZ,0x460AB2,0x460C03,0x46,0x0AB2,337,e6fbc4c4efa9fa65b854d408b01b4d759e6b1db06cd3b0687ee9dcb0ac6b3a9f,True,N/A,Lightning Strike,S417_A22F_KEYED38_CENSUS.csv;S417_NON_TABLE_SKILL_GRAPHIC_LOCALIZATION.json,1,RIV-USE-KEY38-8,RIV-CONS-72A22F,False,93,NO_FLAG,NOT_VALIDATED_I03,NOT_VALIDATED_I03,NOT_EXECUTED_I03,SOURCE_LABEL_AVAILABLE,STATIC_GRAPHIC_SPEC_MATCH
RIV-LZ-460CFE,LZ,0x460CFE,0x460E58,0x46,0x0CFE,346,7a7c770981017e9ffb1d2c2cad1bae849854adbdbcd3cdcddb91799f61d18eb1,True,N/A,Earth Shaker,S417_A22F_KEYED38_CENSUS.csv;S417_NON_TABLE_SKILL_GRAPHIC_LOCALIZATION.json,1,RIV-USE-KEY38-9,RIV-CONS-72A22F,False,69,NO_FLAG,NOT_VALIDATED_I03,NOT_VALIDATED_I03,NOT_EXECUTED_I03,SOURCE_LABEL_AVAILABLE,STATIC_GRAPHIC_SPEC_MATCH
RIV-LZ-460F56,LZ,0x460F56,0x46107A,0x46,0x0F56,292,bcad4b49567e9d182d9ddd6354be2d2f3bcf8147cc8f1929e7f80973b6df5668,True,N/A,Mimic Ray,S417_A22F_KEYED38_CENSUS.csv;S417_NON_TABLE_SKILL_GRAPHIC_LOCALIZATION.json,1,RIV-USE-KEY38-10,RIV-CONS-72A22F,False,51,NO_FLAG,NOT_VALIDATED_I03,NOT_VALIDATED_I03,NOT_EXECUTED_I03,SOURCE_LABEL_AVAILABLE,STATIC_GRAPHIC_SPEC_MATCH
RIV-LZ-4611AC,LZ,0x4611AC,0x46131B,0x46,0x11AC,367,25faff7d52825343694a2d341080a13290863eaf67904568619611a03b3dcca1,True,N/A,Divine Ascension,S417_A22F_KEYED38_CENSUS.csv;S417_NON_TABLE_SKILL_GRAPHIC_LOCALIZATION.json,1,RIV-USE-KEY38-11,RIV-CONS-72A22F,False,93,NO_FLAG,NOT_VALIDATED_I03,NOT_VALIDATED_I03,NOT_EXECUTED_I03,SOURCE_LABEL_AVAILABLE,STATIC_GRAPHIC_SPEC_MATCH
RIV-LZ-4613F4,LZ,0x4613F4,0x461517,0x46,0x13F4,291,4185c1490c2b468032850b81f6657e44e4525fe6211b599c763983a576681ae2,True,N/A,Risoluto,S417_A22F_KEYED38_CENSUS.csv;S417_NON_TABLE_SKILL_GRAPHIC_LOCALIZATION.json,1,RIV-USE-KEY38-12,RIV-CONS-72A22F,False,48,NO_FLAG,NOT_VALIDATED_I03,NOT_VALIDATED_I03,NOT_EXECUTED_I03,SOURCE_LABEL_AVAILABLE,STATIC_GRAPHIC_SPEC_MATCH
RIV-LZ-46156C,LZ,0x46156C,0x4616BF,0x46,0x156C,339,4930fd666fe5e3323fccbe9a27720f6418881633af2ba56043d528c557efbb3d,True,N/A,Brillante,S417_A22F_KEYED38_CENSUS.csv;S417_NON_TABLE_SKILL_GRAPHIC_LOCALIZATION.json,1,RIV-USE-KEY38-13,RIV-CONS-72A22F,False,54,NO_FLAG,NOT_VALIDATED_I03,NOT_VALIDATED_I03,NOT_EXECUTED_I03,SOURCE_LABEL_AVAILABLE,STATIC_GRAPHIC_SPEC_MATCH
RIV-LZ-461798,LZ,0x461798,0x46188C,0x46,0x1798,244,9d16007c178759836e9d6388c1125b138047ddb503664d016a9537e0eba8e7e5,True,N/A,Presto,S417_A22F_KEYED38_CENSUS.csv;S417_NON_TABLE_SKILL_GRAPHIC_LOCALIZATION.json,1,RIV-USE-KEY38-14,RIV-CONS-72A22F,False,36,NO_FLAG,NOT_VALIDATED_I03,NOT_VALIDATED_I03,NOT_EXECUTED_I03,SOURCE_LABEL_AVAILABLE,STATIC_GRAPHIC_SPEC_MATCH
RIV-LZ-461900,LZ,0x461900,0x461A33,0x46,0x1900,307,b3323e0ba96197b6f8b2885e20b16007884dcaca37cf3ad9e8702670ad6eba1b,True,N/A,Vivace,S417_A22F_KEYED38_CENSUS.csv;S417_NON_TABLE_SKILL_GRAPHIC_LOCALIZATION.json,1,RIV-USE-KEY38-15,RIV-CONS-72A22F,False,36,NO_FLAG,NOT_VALIDATED_I03,NOT_VALIDATED_I03,NOT_EXECUTED_I03,SOURCE_LABEL_AVAILABLE,STATIC_GRAPHIC_SPEC_MATCH
RIV-LZ-461AFA,LZ,0x461AFA,0x461CE1,0x46,0x1AFA,487,0b922a2b080282f160ab94044654955041e7cc92615b423e29b26a5bb709d78c,True,N/A,Appassionato,S417_A22F_KEYED38_CENSUS.csv;S417_NON_TABLE_SKILL_GRAPHIC_LOCALIZATION.json,1,RIV-USE-KEY38-16,RIV-CONS-72A22F,False,72,NO_FLAG,NOT_VALIDATED_I03,NOT_VALIDATED_I03,NOT_EXECUTED_I03,SOURCE_LABEL_AVAILABLE,STATIC_GRAPHIC_SPEC_MATCH
RIV-LZ-461D38,LZ,0x461D38,0x461E94,0x46,0x1D38,348,497619edb501f70e17f97a05221ec75e8815d388d05ced808b8507c9d015d178,True,N/A,Cadenza,S417_A22F_KEYED38_CENSUS.csv;S417_NON_TABLE_SKILL_GRAPHIC_LOCALIZATION.json,1,RIV-USE-KEY38-17,RIV-CONS-72A22F,False,42,NO_FLAG,NOT_VALIDATED_I03,NOT_VALIDATED_I03,NOT_EXECUTED_I03,SOURCE_LABEL_AVAILABLE,STATIC_GRAPHIC_SPEC_MATCH
RIV-LZ-461F3E,LZ,0x461F3E,0x4620C1,0x46,0x1F3E,387,20acfdc2be393a1ddfc0f5364f05d7cca2a2cc5739f016908cea4445f65850a7,True,N/A,Arrow Rain,S417_A22F_KEYED38_CENSUS.csv;S417_NON_TABLE_SKILL_GRAPHIC_LOCALIZATION.json,1,RIV-USE-KEY38-18,RIV-CONS-72A22F,False,57,NO_FLAG,NOT_VALIDATED_I03,NOT_VALIDATED_I03,NOT_EXECUTED_I03,SOURCE_LABEL_AVAILABLE,STATIC_GRAPHIC_SPEC_MATCH
RIV-LZ-4620F4,LZ,0x4620F4,0x4622EA,0x46,0x20F4,502,f3908688df41a232a40ebacbaf3087d81c812c4f8af9f35616ee202b45177537,True,N/A,Trinity Spark,S417_A22F_KEYED38_CENSUS.csv;S417_NON_TABLE_SKILL_GRAPHIC_LOCALIZATION.json,1,RIV-USE-KEY38-19,RIV-CONS-72A22F,False,75,NO_FLAG,NOT_VALIDATED_I03,NOT_VALIDATED_I03,NOT_EXECUTED_I03,SOURCE_LABEL_AVAILABLE,STATIC_GRAPHIC_SPEC_MATCH
RIV-LZ-4623F8,LZ,0x4623F8,0x4625C7,0x46,0x23F8,463,1da7bcf2d428afb9d3d906d4db395657b702c3e89db3e61e3ade756b3ba2c335,True,N/A,Voltage Raid,S417_A22F_KEYED38_CENSUS.csv;S417_NON_TABLE_SKILL_GRAPHIC_LOCALIZATION.json,1,RIV-USE-KEY38-20,RIV-CONS-72A22F,False,69,NO_FLAG,NOT_VALIDATED_I03,NOT_VALIDATED_I03,NOT_EXECUTED_I03,SOURCE_LABEL_AVAILABLE,STATIC_GRAPHIC_SPEC_MATCH
RIV-LZ-462712,LZ,0x462712,0x462870,0x46,0x2712,350,381184cfd80ee3036bd6838696d8e9370e8336c2b386791aef3d89bc53eab42f,True,N/A,Barrage,S417_A22F_KEYED38_CENSUS.csv;S417_NON_TABLE_SKILL_GRAPHIC_LOCALIZATION.json,1,RIV-USE-KEY38-21,RIV-CONS-72A22F,False,42,NO_FLAG,NOT_VALIDATED_I03,NOT_VALIDATED_I03,NOT_EXECUTED_I03,SOURCE_LABEL_AVAILABLE,STATIC_GRAPHIC_SPEC_MATCH
RIV-LZ-462A24,LZ,0x462A24,0x462BF5,0x46,0x2A24,465,d84060fd8c1f849c7ba6feb975c8d5b8e841a2cd661539832a166304e703af55,True,N/A,Divine Wind,S417_A22F_KEYED38_CENSUS.csv;S417_NON_TABLE_SKILL_GRAPHIC_LOCALIZATION.json,1,RIV-USE-KEY38-22,RIV-CONS-72A22F,False,63,NO_FLAG,NOT_VALIDATED_I03,NOT_VALIDATED_I03,NOT_EXECUTED_I03,SOURCE_LABEL_AVAILABLE,STATIC_GRAPHIC_SPEC_MATCH
RIV-LZ-462CD0,LZ,0x462CD0,0x462E36,0x46,0x2CD0,358,90b948b62f482899f5b805d40d4663bf59a205db239bb2b41e9a98f5887353bf,True,N/A,Stardust,S417_A22F_KEYED38_CENSUS.csv;S417_NON_TABLE_SKILL_GRAPHIC_LOCALIZATION.json,1,RIV-USE-KEY38-23,RIV-CONS-72A22F,False,48,NO_FLAG,NOT_VALIDATED_I03,NOT_VALIDATED_I03,NOT_EXECUTED_I03,SOURCE_LABEL_AVAILABLE,STATIC_GRAPHIC_SPEC_MATCH
RIV-LZ-462EAA,LZ,0x462EAA,0x4630C8,0x46,0x2EAA,542,97dacdc123d89ade02d98e7cb5c89c85f40953b3cfa435de8ac972028de4511a,True,N/A,Serene Combo,S417_A22F_KEYED38_CENSUS.csv;S417_NON_TABLE_SKILL_GRAPHIC_LOCALIZATION.json,1,RIV-USE-KEY38-24,RIV-CONS-72A22F,False,69,NO_FLAG,NOT_VALIDATED_I03,NOT_VALIDATED_I03,NOT_EXECUTED_I03,SOURCE_LABEL_AVAILABLE,STATIC_GRAPHIC_SPEC_MATCH
RIV-LZ-4631D0,LZ,0x4631D0,0x4633BE,0x46,0x31D0,494,3f326a847993d5247260cef1350e18c43a7200226893ca409b2d483ee0374dc9,True,N/A,Serene Blast,S417_A22F_KEYED38_CENSUS.csv;S417_NON_TABLE_SKILL_GRAPHIC_LOCALIZATION.json,1,RIV-USE-KEY38-25,RIV-CONS-72A22F,False,69,NO_FLAG,NOT_VALIDATED_I03,NOT_VALIDATED_I03,NOT_EXECUTED_I03,SOURCE_LABEL_AVAILABLE,STATIC_GRAPHIC_SPEC_MATCH
RIV-LZ-463560,LZ,0x463560,0x46371B,0x46,0x3560,443,2c3287679e75a9236b7f51bb13537d163b1d7d0356dc6ea09b42c9570488c718,True,N/A,Serene Inferno,S417_A22F_KEYED38_CENSUS.csv;S417_NON_TABLE_SKILL_GRAPHIC_LOCALIZATION.json,1,RIV-USE-KEY38-26,RIV-CONS-72A22F,False,81,NO_FLAG,NOT_VALIDATED_I03,NOT_VALIDATED_I03,NOT_EXECUTED_I03,SOURCE_LABEL_AVAILABLE,STATIC_GRAPHIC_SPEC_MATCH
RIV-LZ-4637B8,LZ,0x4637B8,0x4639D6,0x46,0x37B8,542,04d92d12aeeda3c6d51ef485b5053a463e5e4013d1c18cc5f383629bdb8a6a1a,True,N/A,Serene Nightmare,S417_A22F_KEYED38_CENSUS.csv;S417_NON_TABLE_SKILL_GRAPHIC_LOCALIZATION.json,1,RIV-USE-KEY38-27,RIV-CONS-72A22F,False,93,NO_FLAG,NOT_VALIDATED_I03,NOT_VALIDATED_I03,NOT_EXECUTED_I03,SOURCE_LABEL_AVAILABLE,STATIC_GRAPHIC_SPEC_MATCH
RIV-LZ-463A46,LZ,0x463A46,0x463C1D,0x46,0x3A46,471,e44d73e666e6d69706b8786218e4110ae2f8afaebf8ad7fed305d5fed5590ed8,True,N/A,Serene Almighty,S417_A22F_KEYED38_CENSUS.csv;S417_NON_TABLE_SKILL_GRAPHIC_LOCALIZATION.json,1,RIV-USE-KEY38-28,RIV-CONS-72A22F,False,87,NO_FLAG,NOT_VALIDATED_I03,NOT_VALIDATED_I03,NOT_EXECUTED_I03,SOURCE_LABEL_AVAILABLE,STATIC_GRAPHIC_SPEC_MATCH
RIV-LZ-463D0E,LZ,0x463D0E,0x463F1D,0x46,0x3D0E,527,980da229b33a9b0a7f62fca4bddc1d6782e9bacbc61994d67e89193c7327b84f,True,N/A,Serene Absolute,S417_A22F_KEYED38_CENSUS.csv;S417_NON_TABLE_SKILL_GRAPHIC_LOCALIZATION.json,1,RIV-USE-KEY38-29,RIV-CONS-72A22F,False,87,NO_FLAG,NOT_VALIDATED_I03,NOT_VALIDATED_I03,NOT_EXECUTED_I03,SOURCE_LABEL_AVAILABLE,STATIC_GRAPHIC_SPEC_MATCH
RIV-LZ-463FA6,LZ,0x463FA6,0x4641D2,0x46,0x3FA6,556,dbb5802ba9e93577a06f2ee16c290fc9c1b6c54c38eea0ab4f91a3545f8fb43d,True,N/A,Magical Burst,S417_A22F_KEYED38_CENSUS.csv;S417_NON_TABLE_SKILL_GRAPHIC_LOCALIZATION.json,1,RIV-USE-KEY38-30,RIV-CONS-72A22F,False,75,NO_FLAG,NOT_VALIDATED_I03,NOT_VALIDATED_I03,NOT_EXECUTED_I03,SOURCE_LABEL_AVAILABLE,STATIC_GRAPHIC_SPEC_MATCH
RIV-LZ-46432E,LZ,0x46432E,0x4644F2,0x46,0x432E,452,3a225e03d49a6370dd2de922026d609f6fd4371f647a72e36652a8b3459f041c,True,N/A,Cinder Squall,S417_A22F_KEYED38_CENSUS.csv;S417_NON_TABLE_SKILL_GRAPHIC_LOCALIZATION.json,1,RIV-USE-KEY38-31,RIV-CONS-72A22F,False,75,NO_FLAG,NOT_VALIDATED_I03,NOT_VALIDATED_I03,NOT_EXECUTED_I03,SOURCE_LABEL_AVAILABLE,STATIC_GRAPHIC_SPEC_MATCH
RIV-LZ-46456C,LZ,0x46456C,0x4646FC,0x46,0x456C,400,8d89008fa78ab8f1eb0b8986a27566c780e9f80fe86b623ae8828212ef35e23c,True,N/A,Holy Blast,S417_A22F_KEYED38_CENSUS.csv;S417_NON_TABLE_SKILL_GRAPHIC_LOCALIZATION.json,1,RIV-USE-KEY38-32,RIV-CONS-72A22F,False,57,NO_FLAG,NOT_VALIDATED_I03,NOT_VALIDATED_I03,NOT_EXECUTED_I03,SOURCE_LABEL_AVAILABLE,STATIC_GRAPHIC_SPEC_MATCH
RIV-LZ-4647D8,LZ,0x4647D8,0x46495A,0x46,0x47D8,386,08934cef3804683ecc34020fc6a52a80db8b075d39e166f56a41d0ea9c790a68,True,N/A,Firestorm,S417_A22F_KEYED38_CENSUS.csv;S417_NON_TABLE_SKILL_GRAPHIC_LOCALIZATION.json,1,RIV-USE-KEY38-33,RIV-CONS-72A22F,False,54,NO_FLAG,NOT_VALIDATED_I03,NOT_VALIDATED_I03,NOT_EXECUTED_I03,SOURCE_LABEL_AVAILABLE,STATIC_GRAPHIC_SPEC_MATCH
RIV-LZ-464A78,LZ,0x464A78,0x464BF5,0x46,0x4A78,381,b0831bee86b9015163ed48e606a74778a060e8df001f17b6f7fc0eef2ef6b4d9,True,N/A,Prominence,S417_A22F_KEYED38_CENSUS.csv;S417_NON_TABLE_SKILL_GRAPHIC_LOCALIZATION.json,1,RIV-USE-KEY38-34,RIV-CONS-72A22F,False,60,NO_FLAG,NOT_VALIDATED_I03,NOT_VALIDATED_I03,NOT_EXECUTED_I03,SOURCE_LABEL_AVAILABLE,STATIC_GRAPHIC_SPEC_MATCH
RIV-LZ-464CE0,LZ,0x464CE0,0x464EA9,0x46,0x4CE0,457,ab5d0cb308af43fc8446fa7a83fdb815b6b06f8caa94d9de2687bc0f1c6a2054,True,N/A,Calamity Flare,S417_A22F_KEYED38_CENSUS.csv;S417_NON_TABLE_SKILL_GRAPHIC_LOCALIZATION.json,1,RIV-USE-KEY38-35,RIV-CONS-72A22F,False,81,NO_FLAG,NOT_VALIDATED_I03,NOT_VALIDATED_I03,NOT_EXECUTED_I03,SOURCE_LABEL_AVAILABLE,STATIC_GRAPHIC_SPEC_MATCH
RIV-LZ-464FAE,LZ,0x464FAE,0x46518D,0x46,0x4FAE,479,d73740e72a2dd69c8b8f476fccbc893fb3378663ac3a47a24232794a94b3285a,True,N/A,Blazing Rose,S417_A22F_KEYED38_CENSUS.csv;S417_NON_TABLE_SKILL_GRAPHIC_LOCALIZATION.json,1,RIV-USE-KEY38-36,RIV-CONS-72A22F,False,69,NO_FLAG,NOT_VALIDATED_I03,NOT_VALIDATED_I03,NOT_EXECUTED_I03,SOURCE_LABEL_AVAILABLE,STATIC_GRAPHIC_SPEC_MATCH
RIV-LZ-465308,LZ,0x465308,0x465400,0x46,0x5308,248,402062de3dd6442eb6bcbc0c41481f4542f6039811a4f591764a51d7eba3e147,True,N/A,Punish,S417_A22F_KEYED38_CENSUS.csv;S417_NON_TABLE_SKILL_GRAPHIC_LOCALIZATION.json,1,RIV-USE-KEY38-37,RIV-CONS-72A22F,False,36,NO_FLAG,NOT_VALIDATED_I03,NOT_VALIDATED_I03,NOT_EXECUTED_I03,SOURCE_LABEL_AVAILABLE,STATIC_GRAPHIC_SPEC_MATCH
RIV-LZ-4655F4,LZ,0x4655F4,0x46582D,0x46,0x55F4,569,96ba334defec5447c1d3c722d34c71c24017bac5c4ce37a7c79943b0230fbc8c,True,N/A,Dancing Saber,S417_NON_TABLE_SKILL_GRAPHIC_LOCALIZATION.json;S427_A364_EXTENDED_CENSUS.csv,5,RIV-USE-A364OWNERS-4654D4;RIV-USE-A364OWNERS-4654D6;RIV-USE-A364OWNERS-4654D8;RIV-USE-A364OWNERS-4654DA;RIV-USE-A364_OBSERVED-0,RIV-CONS-72A364,True,75,NO_FLAG,NOT_VALIDATED_I03,NOT_VALIDATED_I03,NOT_EXECUTED_I03,SOURCE_LABEL_AVAILABLE,STATIC_GRAPHIC_SPEC_MATCH
RIV-LZ-46594C,LZ,0x46594C,0x465B80,0x46,0x594C,564,aab34e122b30a7b0c37008e9551f5789cf0ebb60d1c60324051913e43d9a4b0c,True,N/A,Carnage Drive,S417_NON_TABLE_SKILL_GRAPHIC_LOCALIZATION.json;S427_A364_EXTENDED_CENSUS.csv,5,RIV-USE-A364OWNERS-4654DC;RIV-USE-A364OWNERS-4654DE;RIV-USE-A364OWNERS-4654E0;RIV-USE-A364OWNERS-4654E2;RIV-USE-A364_OBSERVED-1,RIV-CONS-72A364,True,75,NO_FLAG,NOT_VALIDATED_I03,NOT_VALIDATED_I03,NOT_EXECUTED_I03,SOURCE_LABEL_AVAILABLE,STATIC_GRAPHIC_SPEC_MATCH
RIV-LZ-465CA8,LZ,0x465CA8,0x465DBD,0x46,0x5CA8,277,4d0f5a1c384274fbf5d48a8de5bce22e04b67d15aa8adc39771c53f5edeccdd2,True,N/A,Ice Field,S417_NON_TABLE_SKILL_GRAPHIC_LOCALIZATION.json;S427_A364_EXTENDED_CENSUS.csv,2,RIV-USE-A364OWNERS-4654E4;RIV-USE-A364_OBSERVED-2,RIV-CONS-72A364,True,51,NO_FLAG,NOT_VALIDATED_I03,NOT_VALIDATED_I03,NOT_EXECUTED_I03,SOURCE_LABEL_AVAILABLE,STATIC_GRAPHIC_SPEC_MATCH
RIV-LZ-465F30,LZ,0x465F30,0x4660B9,0x46,0x5F30,393,8b454b2761e0f04c43531451acd650b31b851d97bb27610232a6257432953a36,True,N/A,Heat Wave,S428_A364_EXTENDED_BATCH.json;S427_A364_EXTENDED_CENSUS.csv,5,RIV-USE-A364OWNERS-4654EC;RIV-USE-A364OWNERS-4654EE;RIV-USE-A364OWNERS-4654F0;RIV-USE-A364OWNERS-4654F2;RIV-USE-A364_OBSERVED-3,RIV-CONS-72A364,True,51,NO_FLAG,NOT_VALIDATED_I03,NOT_VALIDATED_I03,NOT_EXECUTED_I03,SOURCE_LABEL_AVAILABLE,STATIC_GRAPHIC_SPEC_MATCH
RIV-LZ-466180,LZ,0x466180,0x466390,0x46,0x6180,528,0669f682b2151ff30b8fe3bac95ab79a6c640d30933a35be84124d37b77aa5e5,True,N/A,Shooting Stars,S428_A364_EXTENDED_BATCH.json;S427_A364_EXTENDED_CENSUS.csv,5,RIV-USE-A364OWNERS-4654F4;RIV-USE-A364OWNERS-4654F6;RIV-USE-A364OWNERS-4654F8;RIV-USE-A364OWNERS-4654FA;RIV-USE-A364_OBSERVED-4,RIV-CONS-72A364,True,81,NO_FLAG,NOT_VALIDATED_I03,NOT_VALIDATED_I03,NOT_EXECUTED_I03,SOURCE_LABEL_AVAILABLE,STATIC_GRAPHIC_SPEC_MATCH
RIV-LZ-466486,LZ,0x466486,0x466626,0x46,0x6486,416,1713a8f512c8cfe41153afbc5e4b57d2141801d0247207570165e898e914bf91,True,N/A,Devastator,S427_A364_EXTENDED_CENSUS.csv,1,RIV-USE-A364_OBSERVED-5,RIV-CONS-72A364,True,60,NO_FLAG,NOT_VALIDATED_I03,NOT_VALIDATED_I03,NOT_EXECUTED_I03,SOURCE_LABEL_AVAILABLE,NOT_APPROVED_BY_CENSUS
RIV-LZ-466720,LZ,0x466720,0x4668A8,0x46,0x6720,392,ac72b99519d89b4514f422f5c4ce5531464ad36e4e660866b53d3c720db0d6a9,True,N/A,Atomic Bomb,S428_A364_EXTENDED_BATCH.json;S427_A364_EXTENDED_CENSUS.csv,2,RIV-USE-A364OWNERS-465504;RIV-USE-A364_OBSERVED-6,RIV-CONS-72A364,True,63,NO_FLAG,NOT_VALIDATED_I03,NOT_VALIDATED_I03,NOT_EXECUTED_I03,SOURCE_LABEL_AVAILABLE,STATIC_GRAPHIC_SPEC_MATCH
RIV-LZ-4669F0,LZ,0x4669F0,0x466B42,0x46,0x69F0,338,a9a4db9039ad6d54b3d10a652e079bb86c0a0e3ebe260b61ef5c966d926ee572,True,N/A,Bolt Dance,S428_A364_EXTENDED_BATCH.json;S427_A364_EXTENDED_CENSUS.csv,5,RIV-USE-A364OWNERS-465506;RIV-USE-A364OWNERS-465508;RIV-USE-A364OWNERS-46550A;RIV-USE-A364OWNERS-46550C;RIV-USE-A364_OBSERVED-7,RIV-CONS-72A364,True,57,NO_FLAG,NOT_VALIDATED_I03,NOT_VALIDATED_I03,NOT_EXECUTED_I03,SOURCE_LABEL_AVAILABLE,STATIC_GRAPHIC_SPEC_MATCH
RIV-LZ-466C82,LZ,0x466C82,0x466DF6,0x46,0x6C82,372,d1f7b41fc4b8dfd37add6ffd4198f2e784f8ced9ac65457d17d18ae0103acad2,True,N/A,Mortem Dance,S428_A364_EXTENDED_BATCH.json;S427_A364_EXTENDED_CENSUS.csv,5,RIV-USE-A364OWNERS-46550E;RIV-USE-A364OWNERS-465510;RIV-USE-A364OWNERS-465512;RIV-USE-A364OWNERS-465514;RIV-USE-A364_OBSERVED-8,RIV-CONS-72A364,True,69,NO_FLAG,NOT_VALIDATED_I03,NOT_VALIDATED_I03,NOT_EXECUTED_I03,SOURCE_LABEL_AVAILABLE,STATIC_GRAPHIC_SPEC_MATCH
RIV-LZ-467002,LZ,0x467002,0x4671A0,0x46,0x7002,414,181ca170ef2ee1ad8bd03ffc7595f598a8d11fc53a58f2f7a12c54dda1adb121,True,N/A,Explosion,S428_A364_EXTENDED_BATCH.json;S427_A364_EXTENDED_CENSUS.csv,5,RIV-USE-A364OWNERS-465516;RIV-USE-A364OWNERS-465518;RIV-USE-A364OWNERS-46551A;RIV-USE-A364OWNERS-46551C;RIV-USE-A364_OBSERVED-9,RIV-CONS-72A364,True,54,NO_FLAG,NOT_VALIDATED_I03,NOT_VALIDATED_I03,NOT_EXECUTED_I03,SOURCE_LABEL_AVAILABLE,STATIC_GRAPHIC_SPEC_MATCH
RIV-LZ-467330,LZ,0x467330,0x4674A4,0x46,0x7330,372,72380d06890f5f69a965aa6a9bddf6b96ed258cc31d6e2ed425c02d176d4996c,True,N/A,Dark Grip,S428_A364_EXTENDED_BATCH.json;S427_A364_EXTENDED_CENSUS.csv,5,RIV-USE-A364OWNERS-46551E;RIV-USE-A364OWNERS-465520;RIV-USE-A364OWNERS-465522;RIV-USE-A364OWNERS-465524;RIV-USE-A364_OBSERVED-10,RIV-CONS-72A364,True,51,NO_FLAG,NOT_VALIDATED_I03,NOT_VALIDATED_I03,NOT_EXECUTED_I03,SOURCE_LABEL_AVAILABLE,STATIC_GRAPHIC_SPEC_MATCH
RIV-LZ-467580,LZ,0x467580,0x467739,0x46,0x7580,441,bd818615824f6af34bdf6de37c793371ecf0aa5f347f361f1ca3fbf845a3390a,True,N/A,Air Assault,S428_A364_EXTENDED_BATCH.json;S427_A364_EXTENDED_CENSUS.csv,5,RIV-USE-A364OWNERS-465526;RIV-USE-A364OWNERS-465528;RIV-USE-A364OWNERS-46552A;RIV-USE-A364OWNERS-46552C;RIV-USE-A364_OBSERVED-11,RIV-CONS-72A364,True,63,NO_FLAG,NOT_VALIDATED_I03,NOT_VALIDATED_I03,NOT_EXECUTED_I03,SOURCE_LABEL_AVAILABLE,STATIC_GRAPHIC_SPEC_MATCH
RIV-LZ-467912,LZ,0x467912,0x467AA1,0x46,0x7912,399,b0a069c119bce78ecb66d6c31c9d06dc4de80844924f32dc8ea645fdba4bf8ec,True,N/A,Happy Hurricane,S428_A364_EXTENDED_BATCH.json;S427_A364_EXTENDED_CENSUS.csv,2,RIV-USE-A364OWNERS-46552E;RIV-USE-A364_OBSERVED-12,RIV-CONS-72A364,True,87,NO_FLAG,NOT_VALIDATED_I03,NOT_VALIDATED_I03,NOT_EXECUTED_I03,SOURCE_LABEL_AVAILABLE,STATIC_GRAPHIC_SPEC_MATCH
RIV-LZ-467BE8,LZ,0x467BE8,0x467D22,0x46,0x7BE8,314,e71e497c109b2266fa0ef84dd4230909559df4886919bfef415a4fedbd581987,True,N/A,Bullet Dive,S428_A364_EXTENDED_BATCH.json;S427_A364_EXTENDED_CENSUS.csv,5,RIV-USE-A364OWNERS-465530;RIV-USE-A364OWNERS-465532;RIV-USE-A364OWNERS-465534;RIV-USE-A364OWNERS-465536;RIV-USE-A364_OBSERVED-13,RIV-CONS-72A364,True,63,NO_FLAG,NOT_VALIDATED_I03,NOT_VALIDATED_I03,NOT_EXECUTED_I03,SOURCE_LABEL_AVAILABLE,STATIC_GRAPHIC_SPEC_MATCH
RIV-LZ-467EB4,LZ,0x467EB4,0x467FF0,0x46,0x7EB4,316,7cf4ee049a467662693424e624e701d760340b2801cd1bce298fc8150ac6acc5,True,N/A,Meteo Impact,S428_A364_EXTENDED_BATCH.json;S427_A364_EXTENDED_CENSUS.csv,5,RIV-USE-A364OWNERS-465538;RIV-USE-A364OWNERS-46553A;RIV-USE-A364OWNERS-46553C;RIV-USE-A364OWNERS-46553E;RIV-USE-A364_OBSERVED-14,RIV-CONS-72A364,True,69,NO_FLAG,NOT_VALIDATED_I03,NOT_VALIDATED_I03,NOT_EXECUTED_I03,SOURCE_LABEL_AVAILABLE,STATIC_GRAPHIC_SPEC_MATCH
RIV-LZ-468116,LZ,0x468116,0x4682BC,0x46,0x8116,422,d71bfb19c50a31587ce20005837cb01773684177b81ac09ee16fc195df70e372,True,N/A,Cyclone Fury,S428_A364_EXTENDED_BATCH.json;S427_A364_EXTENDED_CENSUS.csv,5,RIV-USE-A364OWNERS-465540;RIV-USE-A364OWNERS-465542;RIV-USE-A364OWNERS-465544;RIV-USE-A364OWNERS-465546;RIV-USE-A364_OBSERVED-15,RIV-CONS-72A364,True,69,NO_FLAG,NOT_VALIDATED_I03,NOT_VALIDATED_I03,NOT_EXECUTED_I03,SOURCE_LABEL_AVAILABLE,STATIC_GRAPHIC_SPEC_MATCH
RIV-LZ-46841A,LZ,0x46841A,0x4685FA,0x46,0x841A,480,a0c5801d4aacb6f73c66aaeee68931ec22dac293707c923220be989da5fb9053,True,N/A,Mirage Web,S428_A364_EXTENDED_BATCH.json;S427_A364_EXTENDED_CENSUS.csv,5,RIV-USE-A364OWNERS-465548;RIV-USE-A364OWNERS-46554A;RIV-USE-A364OWNERS-46554C;RIV-USE-A364OWNERS-46554E;RIV-USE-A364_OBSERVED-16,RIV-CONS-72A364,True,57,NO_FLAG,NOT_VALIDATED_I03,NOT_VALIDATED_I03,NOT_EXECUTED_I03,SOURCE_LABEL_AVAILABLE,STATIC_GRAPHIC_SPEC_MATCH
RIV-LZ-46871E,LZ,0x46871E,0x46887B,0x46,0x871E,349,6aee9c92aeac52d2b18ea10a563530ce6c8820bca2f70c8699926ac11f77abca,True,N/A,Icicle Shower,S428_A364_EXTENDED_BATCH.json;S427_A364_EXTENDED_CENSUS.csv,5,RIV-USE-A364OWNERS-465550;RIV-USE-A364OWNERS-465552;RIV-USE-A364OWNERS-465554;RIV-USE-A364OWNERS-465556;RIV-USE-A364_OBSERVED-17,RIV-CONS-72A364,True,75,NO_FLAG,NOT_VALIDATED_I03,NOT_VALIDATED_I03,NOT_EXECUTED_I03,SOURCE_LABEL_AVAILABLE,STATIC_GRAPHIC_SPEC_MATCH
RIV-LZ-46896A,LZ,0x46896A,0x468A4D,0x46,0x896A,227,a65582a7c518d5fe5255c47c15d77a5781412899c5708a2f7546a0041713285b,True,N/A,Leaf Rush,S428_A364_EXTENDED_BATCH.json;S427_A364_EXTENDED_CENSUS.csv,5,RIV-USE-A364OWNERS-465558;RIV-USE-A364OWNERS-46555A;RIV-USE-A364OWNERS-46555C;RIV-USE-A364OWNERS-46555E;RIV-USE-A364_OBSERVED-18,RIV-CONS-72A364,True,51,NO_FLAG,NOT_VALIDATED_I03,NOT_VALIDATED_I03,NOT_EXECUTED_I03,SOURCE_LABEL_AVAILABLE,STATIC_GRAPHIC_SPEC_MATCH
RIV-LZ-468BCE,LZ,0x468BCE,0x468CF2,0x46,0x8BCE,292,0f6431d4260558a19be72982cf80d3009b1015fa25ac9b8cf7da9d8ef84c9ad9,True,N/A,Brutal Onslaught,S428_A364_EXTENDED_BATCH.json;S427_A364_EXTENDED_CENSUS.csv,5,RIV-USE-A364OWNERS-465560;RIV-USE-A364OWNERS-465562;RIV-USE-A364OWNERS-465564;RIV-USE-A364OWNERS-465566;RIV-USE-A364_OBSERVED-19,RIV-CONS-72A364,True,93,NO_FLAG,NOT_VALIDATED_I03,NOT_VALIDATED_I03,NOT_EXECUTED_I03,SOURCE_LABEL_AVAILABLE,STATIC_GRAPHIC_SPEC_MATCH
RIV-LZ-468E3C,LZ,0x468E3C,0x468F9E,0x46,0x8E3C,354,bcfb4e73573486c26570594e9f0dc47fcd44ba311b3e24acbec98625bd1542ba,True,N/A,Earthquake,S428_A364_EXTENDED_BATCH.json;S427_A364_EXTENDED_CENSUS.csv,5,RIV-USE-A364OWNERS-465568;RIV-USE-A364OWNERS-46556A;RIV-USE-A364OWNERS-46556C;RIV-USE-A364OWNERS-46556E;RIV-USE-A364_OBSERVED-20,RIV-CONS-72A364,True,60,NO_FLAG,NOT_VALIDATED_I03,NOT_VALIDATED_I03,NOT_EXECUTED_I03,SOURCE_LABEL_AVAILABLE,STATIC_GRAPHIC_SPEC_MATCH
RIV-LZ-4690A6,LZ,0x4690A6,0x469202,0x46,0x90A6,348,99f1609071b92aa2b1511c4c53d29b18aed391108fed2224f3bb46e5b33978cc,True,N/A,Splatter Bomb,S428_A364_EXTENDED_BATCH.json;S427_A364_EXTENDED_CENSUS.csv,5,RIV-USE-A364OWNERS-465570;RIV-USE-A364OWNERS-465572;RIV-USE-A364OWNERS-465574;RIV-USE-A364OWNERS-465576;RIV-USE-A364_OBSERVED-21,RIV-CONS-72A364,True,75,NO_FLAG,NOT_VALIDATED_I03,NOT_VALIDATED_I03,NOT_EXECUTED_I03,SOURCE_LABEL_AVAILABLE,STATIC_GRAPHIC_SPEC_MATCH
RIV-LZ-469386,LZ,0x469386,0x46946F,0x46,0x9386,233,e0ea37a42feede683186029b4032193636149e8779fb117282f9bf2283bb027b,True,N/A,Phantom,S428_A364_EXTENDED_BATCH.json;S427_A364_EXTENDED_CENSUS.csv,4,RIV-USE-A364OWNERS-465578;RIV-USE-A364OWNERS-465584;RIV-USE-A364OWNERS-465590;RIV-USE-A364_OBSERVED-22,RIV-CONS-72A364,True,42,NO_FLAG,NOT_VALIDATED_I03,NOT_VALIDATED_I03,NOT_EXECUTED_I03,SOURCE_LABEL_AVAILABLE,STATIC_GRAPHIC_SPEC_MATCH
RIV-LZ-469560,LZ,0x469560,0x4696CA,0x46,0x9560,362,c8e7d7445a9abbc4be9d6da3a643f3297bf29cca84157527a2bf1e453156eec7,True,N/A,Flare Phantom,S428_A364_EXTENDED_BATCH.json;S427_A364_EXTENDED_CENSUS.csv,4,RIV-USE-A364OWNERS-46557A;RIV-USE-A364OWNERS-465586;RIV-USE-A364OWNERS-465592;RIV-USE-A364_OBSERVED-23,RIV-CONS-72A364,True,75,NO_FLAG,NOT_VALIDATED_I03,NOT_VALIDATED_I03,NOT_EXECUTED_I03,SOURCE_LABEL_AVAILABLE,STATIC_GRAPHIC_SPEC_MATCH
RIV-LZ-4697FE,LZ,0x4697FE,0x46997D,0x46,0x97FE,383,da8aaf4627fe9b0a6f68242d7803577a708b391eceee0cce3a7ef6e82f886c4c,True,N/A,Ice Phantom,S428_A364_EXTENDED_BATCH.json;S427_A364_EXTENDED_CENSUS.csv,4,RIV-USE-A364OWNERS-46557C;RIV-USE-A364OWNERS-465588;RIV-USE-A364OWNERS-465594;RIV-USE-A364_OBSERVED-24,RIV-CONS-72A364,True,63,NO_FLAG,NOT_VALIDATED_I03,NOT_VALIDATED_I03,NOT_EXECUTED_I03,SOURCE_LABEL_AVAILABLE,STATIC_GRAPHIC_SPEC_MATCH
RIV-LZ-469AB8,LZ,0x469AB8,0x469C2B,0x46,0x9AB8,371,0f09413a1a8fe88744e169b4bff19c6292a09e5356ca365a10fbc7b71643b580,True,N/A,Thor Phantom,S428_A364_EXTENDED_BATCH.json;S427_A364_EXTENDED_CENSUS.csv,4,RIV-USE-A364OWNERS-46557E;RIV-USE-A364OWNERS-46558A;RIV-USE-A364OWNERS-465596;RIV-USE-A364_OBSERVED-25,RIV-CONS-72A364,True,69,NO_FLAG,NOT_VALIDATED_I03,NOT_VALIDATED_I03,NOT_EXECUTED_I03,SOURCE_LABEL_AVAILABLE,STATIC_GRAPHIC_SPEC_MATCH
RIV-LZ-469D40,LZ,0x469D40,0x469EAB,0x46,0x9D40,363,3167afe28a068b17e88b90c84eb0ac75750d185ea2c5f40f9aa979478afe16c7,True,N/A,Saint Phantom,S428_A364_EXTENDED_BATCH.json;S427_A364_EXTENDED_CENSUS.csv,4,RIV-USE-A364OWNERS-465580;RIV-USE-A364OWNERS-46558C;RIV-USE-A364OWNERS-465598;RIV-USE-A364_OBSERVED-26,RIV-CONS-72A364,True,75,NO_FLAG,NOT_VALIDATED_I03,NOT_VALIDATED_I03,NOT_EXECUTED_I03,SOURCE_LABEL_AVAILABLE,STATIC_GRAPHIC_SPEC_MATCH
RIV-LZ-469FA4,LZ,0x469FA4,0x46A143,0x46,0x9FA4,415,85fbb14820729ac331fbb6c8b984edbd225d341998442dc1770bcd3c432a21b4,True,N/A,Dark Phantom,S428_A364_EXTENDED_BATCH.json;S427_A364_EXTENDED_CENSUS.csv,4,RIV-USE-A364OWNERS-465582;RIV-USE-A364OWNERS-46558E;RIV-USE-A364OWNERS-46559A;RIV-USE-A364_OBSERVED-27,RIV-CONS-72A364,True,69,NO_FLAG,NOT_VALIDATED_I03,NOT_VALIDATED_I03,NOT_EXECUTED_I03,SOURCE_LABEL_AVAILABLE,STATIC_GRAPHIC_SPEC_MATCH
RIV-LZ-46A278,LZ,0x46A278,0x46A3EB,0x46,0xA278,371,1fa7bb2865d784835b784e390fb437bc463a647da79383b699b854315e1ba527,True,N/A,Comet Lancer,S428_A364_EXTENDED_BATCH.json;S427_A364_EXTENDED_CENSUS.csv,5,RIV-USE-A364OWNERS-46559C;RIV-USE-A364OWNERS-46559E;RIV-USE-A364OWNERS-4655A0;RIV-USE-A364OWNERS-4655A2;RIV-USE-A364_OBSERVED-28,RIV-CONS-72A364,True,69,NO_FLAG,NOT_VALIDATED_I03,NOT_VALIDATED_I03,NOT_EXECUTED_I03,SOURCE_LABEL_AVAILABLE,STATIC_GRAPHIC_SPEC_MATCH
RIV-LZ-46A502,LZ,0x46A502,0x46A6BA,0x46,0xA502,440,33ca87c062d9e216780b0bca185b649e56ea9fe89894e9d9863e4af7379ebe69,True,N/A,Stormbringer,S428_A364_EXTENDED_BATCH.json;S427_A364_EXTENDED_CENSUS.csv,5,RIV-USE-A364OWNERS-4655A4;RIV-USE-A364OWNERS-4655A6;RIV-USE-A364OWNERS-4655A8;RIV-USE-A364OWNERS-4655AA;RIV-USE-A364_OBSERVED-29,RIV-CONS-72A364,True,72,NO_FLAG,NOT_VALIDATED_I03,NOT_VALIDATED_I03,NOT_EXECUTED_I03,SOURCE_LABEL_AVAILABLE,STATIC_GRAPHIC_SPEC_MATCH
RIV-LZ-46A7F4,LZ,0x46A7F4,0x46A8D8,0x46,0xA7F4,228,e7de4a931a282ac38ba6e7574a243f54b362ba5050e6303bc7afbeb8cbc66e08,True,N/A,,S427_A364_EXTENDED_CENSUS.csv,1,RIV-USE-A364_OBSERVED-30,RIV-CONS-72A364,True,0,NO_FLAG,NOT_VALIDATED_I03,NOT_VALIDATED_I03,NOT_EXECUTED_I03,NOT_ESTABLISHED_I03,NOT_APPROVED_BY_CENSUS
RIV-LZ-46A916,LZ,0x46A916,0x46AACA,0x46,0xA916,436,9fc1c2807ab95504cc6f74893b57ca5c814d2e4ca286831fd730b3435cffdc44,True,N/A,Chaos Rain,S428_A364_EXTENDED_BATCH.json;S427_A364_EXTENDED_CENSUS.csv,5,RIV-USE-A364OWNERS-4655B2;RIV-USE-A364OWNERS-4655B4;RIV-USE-A364OWNERS-4655B6;RIV-USE-A364OWNERS-4655B8;RIV-USE-A364_OBSERVED-31,RIV-CONS-72A364,True,57,NO_FLAG,NOT_VALIDATED_I03,NOT_VALIDATED_I03,NOT_EXECUTED_I03,SOURCE_LABEL_AVAILABLE,STATIC_GRAPHIC_SPEC_MATCH
RIV-LZ-46AC04,LZ,0x46AC04,0x46AD2C,0x46,0xAC04,296,6f28b0ff3dc6eb97f1bb646fa727b0f2625d46204e24466965154f3e0d975878,True,N/A,Flare Tempest,S428_A364_EXTENDED_BATCH.json;S427_A364_EXTENDED_CENSUS.csv,3,RIV-USE-A364OWNERS-4655BA;RIV-USE-A364OWNERS-4655BC;RIV-USE-A364_OBSERVED-32,RIV-CONS-72A364,True,75,NO_FLAG,NOT_VALIDATED_I03,NOT_VALIDATED_I03,NOT_EXECUTED_I03,SOURCE_LABEL_AVAILABLE,STATIC_GRAPHIC_SPEC_MATCH
RIV-LZ-46AEBE,LZ,0x46AEBE,0x46B046,0x46,0xAEBE,392,8b88213bab8feb1802a0086f7c410811efba791ae72802b47a65a66022706dad,True,N/A,,S427_A364_EXTENDED_CENSUS.csv,1,RIV-USE-A364_OBSERVED-33,RIV-CONS-72A364,True,0,NO_FLAG,NOT_VALIDATED_I03,NOT_VALIDATED_I03,NOT_EXECUTED_I03,NOT_ESTABLISHED_I03,NOT_APPROVED_BY_CENSUS
RIV-RAW-477618,RAW,0x477618,0x4778B8,0x47,0x7618,672,77e59fe462a6e4bf3e19fecaf2c627419a656fc639f5322516b002f290997e90,True,N/A,,,0,,,False,0,NO_FLAG,NOT_INDEXED,NOT_REVIEWED,NOT_EXECUTED_I05,NOT_DETERMINED_BY_HASH,NOT_INDEXED
RIV-RAW-4778B8,RAW,0x4778B8,0x477D98,0x47,0x78B8,1248,fe683dcecc1d6e9d4834490ffe0bca443e2530468f5e9858f9aff4814f83381a,True,N/A,,,0,,,False,0,NO_FLAG,NOT_INDEXED,NOT_REVIEWED,NOT_EXECUTED_I05,NOT_DETERMINED_BY_HASH,NOT_INDEXED
RIV-LZ-49059A,LZ,0x49059A,0x49107D,0x49,0x059A,2787,43efc8d5e7da487e41eae464a6f1f18c0fc4ab113e5495a153efac279a795728,True,N/A,,S418_5F05_BANK49_RECORD239_CENSUS.csv,1,RIV-USE-PORTRAIT239-0,RIV-CONS-725E55;RIV-CONS-725F05,False,0,NO_FLAG,NOT_VALIDATED_I03,NOT_VALIDATED_I03,NOT_EXECUTED_I03,NOT_ESTABLISHED_I03,NOT_APPROVED_BY_CENSUS
RIV-LZ-49109E,LZ,0x49109E,0x491BBA,0x49,0x109E,2844,c1a0430ca29580a33e25cf857d19c7ea1ee40133cb90b7b6db35d1c7884a2351,True,N/A,,S418_5F05_BANK49_RECORD239_CENSUS.csv,1,RIV-USE-PORTRAIT239-1,RIV-CONS-725E55;RIV-CONS-725F05,False,0,NO_FLAG,NOT_VALIDATED_I03,NOT_VALIDATED_I03,NOT_EXECUTED_I03,NOT_ESTABLISHED_I03,NOT_APPROVED_BY_CENSUS
RIV-LZ-491BDA,LZ,0x491BDA,0x4926FA,0x49,0x1BDA,2848,50b7f488f0ac06973b36e876b26a0ecde45659ce8f59bf24b53b942c319db2fc,True,N/A,,S418_5F05_BANK49_RECORD239_CENSUS.csv,1,RIV-USE-PORTRAIT239-2,RIV-CONS-725E55;RIV-CONS-725F05,False,0,NO_FLAG,NOT_VALIDATED_I03,NOT_VALIDATED_I03,NOT_EXECUTED_I03,NOT_ESTABLISHED_I03,NOT_APPROVED_BY_CENSUS
RIV-LZ-49271A,LZ,0x49271A,0x49319B,0x49,0x271A,2689,e2b37def1afafc863897e200c7af2f9a3203bb66875e19a8b89246de0da61904,True,N/A,,S418_5F05_BANK49_RECORD239_CENSUS.csv,1,RIV-USE-PORTRAIT239-3,RIV-CONS-725E55;RIV-CONS-725F05,False,0,NO_FLAG,NOT_VALIDATED_I03,NOT_VALIDATED_I03,NOT_EXECUTED_I03,NOT_ESTABLISHED_I03,NOT_APPROVED_BY_CENSUS
RIV-LZ-4931BC,LZ,0x4931BC,0x493D3E,0x49,0x31BC,2946,ee8329d099462a9c6b21e999cc0a282879938ab47f6918939094669da576b98f,True,N/A,,S418_5F05_BANK49_RECORD239_CENSUS.csv,1,RIV-USE-PORTRAIT239-4,RIV-CONS-725E55;RIV-CONS-725F05,False,0,NO_FLAG,NOT_VALIDATED_I03,NOT_VALIDATED_I03,NOT_EXECUTED_I03,NOT_ESTABLISHED_I03,NOT_APPROVED_BY_CENSUS
RIV-LZ-493D5E,LZ,0x493D5E,0x49487B,0x49,0x3D5E,2845,044d93d04ae41c2232a6d86758cd2d47fd77a18eb9f4a7b07daab04b15ed559d,True,N/A,,S418_5F05_BANK49_RECORD239_CENSUS.csv,1,RIV-USE-PORTRAIT239-5,RIV-CONS-725E55;RIV-CONS-725F05,False,0,NO_FLAG,NOT_VALIDATED_I03,NOT_VALIDATED_I03,NOT_EXECUTED_I03,NOT_ESTABLISHED_I03,NOT_APPROVED_BY_CENSUS
RIV-LZ-49489C,LZ,0x49489C,0x495340,0x49,0x489C,2724,f5d6d877a279ccc66c33aff4f87b26d0b9af02978f2746a0b1bab5cd6bc41e2c,True,N/A,,S418_5F05_BANK49_RECORD239_CENSUS.csv,1,RIV-USE-PORTRAIT239-6,RIV-CONS-725E55;RIV-CONS-725F05,False,0,NO_FLAG,NOT_VALIDATED_I03,NOT_VALIDATED_I03,NOT_EXECUTED_I03,NOT_ESTABLISHED_I03,NOT_APPROVED_BY_CENSUS
RIV-LZ-495360,LZ,0x495360,0x495DA1,0x49,0x5360,2625,39240b31039fb8cb6878dbdabc1aa4dbdc69ee9a8518e5a16b5b9ab5b78e2361,True,N/A,,S418_5F05_BANK49_RECORD239_CENSUS.csv,1,RIV-USE-PORTRAIT239-7,RIV-CONS-725E55;RIV-CONS-725F05,False,0,NO_FLAG,NOT_VALIDATED_I03,NOT_VALIDATED_I03,NOT_EXECUTED_I03,NOT_ESTABLISHED_I03,NOT_APPROVED_BY_CENSUS
RIV-LZ-495DC2,LZ,0x495DC2,0x4968B6,0x49,0x5DC2,2804,c4d5fb194a29e454c7c95d9113170633f16de283b5cffd1334e9196dce3a48bb,True,N/A,,S418_5F05_BANK49_RECORD239_CENSUS.csv,1,RIV-USE-PORTRAIT239-8,RIV-CONS-725E55;RIV-CONS-725F05,False,0,NO_FLAG,NOT_VALIDATED_I03,NOT_VALIDATED_I03,NOT_EXECUTED_I03,NOT_ESTABLISHED_I03,NOT_APPROVED_BY_CENSUS
RIV-LZ-4968D6,LZ,0x4968D6,0x4974BD,0x49,0x68D6,3047,91b05aac2b099c98595b075f311ae148cf9b6e16067997a18e3d6b634d75f793,True,N/A,,S418_5F05_BANK49_RECORD239_CENSUS.csv,1,RIV-USE-PORTRAIT239-9,RIV-CONS-725E55;RIV-CONS-725F05,False,0,NO_FLAG,NOT_VALIDATED_I03,NOT_VALIDATED_I03,NOT_EXECUTED_I03,NOT_ESTABLISHED_I03,NOT_APPROVED_BY_CENSUS
RIV-LZ-4974DE,LZ,0x4974DE,0x49817C,0x49,0x74DE,3230,121aeb9de92cd796a8df8c0d9ee4e9f90205f5b3fa986e8780c704cf09e15046,True,N/A,,S418_5F05_BANK49_RECORD239_CENSUS.csv,1,RIV-USE-PORTRAIT239-10,RIV-CONS-725E55;RIV-CONS-725F05,False,0,NO_FLAG,NOT_VALIDATED_I03,NOT_VALIDATED_I03,NOT_EXECUTED_I03,NOT_ESTABLISHED_I03,NOT_APPROVED_BY_CENSUS
RIV-LZ-49819C,LZ,0x49819C,0x498DCD,0x49,0x819C,3121,6a69277a6403b30ca13e5636649199234c4695d99ed54dd0a819b46f96689d04,True,N/A,,S418_5F05_BANK49_RECORD239_CENSUS.csv,1,RIV-USE-PORTRAIT239-11,RIV-CONS-725E55;RIV-CONS-725F05,False,0,NO_FLAG,NOT_VALIDATED_I03,NOT_VALIDATED_I03,NOT_EXECUTED_I03,NOT_ESTABLISHED_I03,NOT_APPROVED_BY_CENSUS
RIV-LZ-498DEE,LZ,0x498DEE,0x49995B,0x49,0x8DEE,2925,73f2170fd0f1ffbc172b2c0acf1502ef089b64e6060cc9e662dccdb941c068da,True,N/A,,S418_5F05_BANK49_RECORD239_CENSUS.csv,1,RIV-USE-PORTRAIT239-12,RIV-CONS-725E55;RIV-CONS-725F05,False,0,NO_FLAG,NOT_VALIDATED_I03,NOT_VALIDATED_I03,NOT_EXECUTED_I03,NOT_ESTABLISHED_I03,NOT_APPROVED_BY_CENSUS
RIV-LZ-49997C,LZ,0x49997C,0x49A516,0x49,0x997C,2970,f9e94fcbb9ebdf821ce3fcac5cccd49ea73d304937647b9b5950a893402b6ebd,True,N/A,,S418_5F05_BANK49_RECORD239_CENSUS.csv,1,RIV-USE-PORTRAIT239-13,RIV-CONS-725E55;RIV-CONS-725F05,False,0,NO_FLAG,NOT_VALIDATED_I03,NOT_VALIDATED_I03,NOT_EXECUTED_I03,NOT_ESTABLISHED_I03,NOT_APPROVED_BY_CENSUS
RIV-LZ-49A536,LZ,0x49A536,0x49B0FE,0x49,0xA536,3016,ccf8f210b7ce8baeb21e27e5ebf056893494da42a72c1e916dfdedc7f03cc016,True,N/A,,S418_5F05_BANK49_RECORD239_CENSUS.csv,1,RIV-USE-PORTRAIT239-14,RIV-CONS-725E55;RIV-CONS-725F05,False,0,NO_FLAG,NOT_VALIDATED_I03,NOT_VALIDATED_I03,NOT_EXECUTED_I03,NOT_ESTABLISHED_I03,NOT_APPROVED_BY_CENSUS
RIV-LZ-49B11E,LZ,0x49B11E,0x49BD72,0x49,0xB11E,3156,ab56ecfe43f7a05bf37b34726555838c2ff97e57cdee51218db8934b63282a07,True,N/A,,S418_5F05_BANK49_RECORD239_CENSUS.csv,1,RIV-USE-PORTRAIT239-15,RIV-CONS-725E55;RIV-CONS-725F05,False,0,NO_FLAG,NOT_VALIDATED_I03,NOT_VALIDATED_I03,NOT_EXECUTED_I03,NOT_ESTABLISHED_I03,NOT_APPROVED_BY_CENSUS
RIV-LZ-49BD92,LZ,0x49BD92,0x49C927,0x49,0xBD92,2965,21227e7e97528d89bb0adb9c616b2d8c08ba1bf15561e9313d2417c810a09b89,True,N/A,,S418_5F05_BANK49_RECORD239_CENSUS.csv,1,RIV-USE-PORTRAIT239-16,RIV-CONS-725E55;RIV-CONS-725F05,False,0,NO_FLAG,NOT_VALIDATED_I03,NOT_VALIDATED_I03,NOT_EXECUTED_I03,NOT_ESTABLISHED_I03,NOT_APPROVED_BY_CENSUS
RIV-LZ-49C948,LZ,0x49C948,0x49D50B,0x49,0xC948,3011,e8abe16ec32625c8d883a55985edfb15dfa2cfe6c4bb3885dfa89a98d972b288,True,N/A,,S418_5F05_BANK49_RECORD239_CENSUS.csv,1,RIV-USE-PORTRAIT239-17,RIV-CONS-725E55;RIV-CONS-725F05,False,0,NO_FLAG,NOT_VALIDATED_I03,NOT_VALIDATED_I03,NOT_EXECUTED_I03,NOT_ESTABLISHED_I03,NOT_APPROVED_BY_CENSUS
RIV-LZ-49D52C,LZ,0x49D52C,0x49E031,0x49,0xD52C,2821,fe05b8406030b3d27669b128e023d3a4d21da649eb0177a97354f8d5897f1db4,True,N/A,,S418_5F05_BANK49_RECORD239_CENSUS.csv,1,RIV-USE-PORTRAIT239-18,RIV-CONS-725E55;RIV-CONS-725F05,False,0,NO_FLAG,NOT_VALIDATED_I03,NOT_VALIDATED_I03,NOT_EXECUTED_I03,NOT_ESTABLISHED_I03,NOT_APPROVED_BY_CENSUS
RIV-LZ-49E052,LZ,0x49E052,0x49EBF0,0x49,0xE052,2974,65569385793f526384d0ae5acd42fdafa8b51f770c8e448f291872b29f477319,True,N/A,,S418_5F05_BANK49_RECORD239_CENSUS.csv,1,RIV-USE-PORTRAIT239-19,RIV-CONS-725E55;RIV-CONS-725F05,False,0,NO_FLAG,NOT_VALIDATED_I03,NOT_VALIDATED_I03,NOT_EXECUTED_I03,NOT_ESTABLISHED_I03,NOT_APPROVED_BY_CENSUS
RIV-LZ-49EC10,LZ,0x49EC10,0x49F7D8,0x49,0xEC10,3016,f0477b97d5709b2864126577e063b7be07a2958f820c5289ba8e641627bb1726,True,N/A,,S418_5F05_BANK49_RECORD239_CENSUS.csv,1,RIV-USE-PORTRAIT239-20,RIV-CONS-725E55;RIV-CONS-725F05,False,0,NO_FLAG,NOT_VALIDATED_I03,NOT_VALIDATED_I03,NOT_EXECUTED_I03,NOT_ESTABLISHED_I03,NOT_APPROVED_BY_CENSUS
RIV-LZ-4A0000,LZ,0x4A0000,0x4A0928,0x4A,0x0000,2344,3e291835985e186fe08c7d0706e8f7c00e2d83b738161315b8c59653776edf4e,True,N/A,,S418_5F05_BANK49_RECORD239_CENSUS.csv,1,RIV-USE-PORTRAIT239-21,RIV-CONS-725E55;RIV-CONS-725F05,False,0,NO_FLAG,NOT_VALIDATED_I03,NOT_VALIDATED_I03,NOT_EXECUTED_I03,NOT_ESTABLISHED_I03,NOT_APPROVED_BY_CENSUS
RIV-LZ-4A0948,LZ,0x4A0948,0x4A11ED,0x4A,0x0948,2213,5d0b96bc344a085b5b12817247861f72f1fa811a29fdbaa394fecd0abc8bbf25,True,N/A,,S418_5F05_BANK49_RECORD239_CENSUS.csv,1,RIV-USE-PORTRAIT239-22,RIV-CONS-725E55;RIV-CONS-725F05,False,0,NO_FLAG,NOT_VALIDATED_I03,NOT_VALIDATED_I03,NOT_EXECUTED_I03,NOT_ESTABLISHED_I03,NOT_APPROVED_BY_CENSUS
RIV-LZ-4A120E,LZ,0x4A120E,0x4A1EA9,0x4A,0x120E,3227,d2d8431e29e194e3beed3768644a16ac9d7657868c8d5f8928956fed08ef2da7,True,N/A,,S418_5F05_BANK49_RECORD239_CENSUS.csv,1,RIV-USE-PORTRAIT239-23,RIV-CONS-725E55;RIV-CONS-725F05,False,0,NO_FLAG,NOT_VALIDATED_I03,NOT_VALIDATED_I03,NOT_EXECUTED_I03,NOT_ESTABLISHED_I03,NOT_APPROVED_BY_CENSUS
RIV-LZ-4A1ECA,LZ,0x4A1ECA,0x4A2B33,0x4A,0x1ECA,3177,ef2465f2e127f3232b75bc25044341faf81351c9a5b1f3ef1636c55e0cfc62dd,True,N/A,,S418_5F05_BANK49_RECORD239_CENSUS.csv,1,RIV-USE-PORTRAIT239-24,RIV-CONS-725E55;RIV-CONS-725F05,False,0,NO_FLAG,NOT_VALIDATED_I03,NOT_VALIDATED_I03,NOT_EXECUTED_I03,NOT_ESTABLISHED_I03,NOT_APPROVED_BY_CENSUS
RIV-LZ-4A2B54,LZ,0x4A2B54,0x4A3841,0x4A,0x2B54,3309,7c7cb554231c572962a6648a30ac8e233479cddc6fb89639547635e001b1ba23,True,N/A,,S418_5F05_BANK49_RECORD239_CENSUS.csv,1,RIV-USE-PORTRAIT239-25,RIV-CONS-725E55;RIV-CONS-725F05,False,0,NO_FLAG,NOT_VALIDATED_I03,NOT_VALIDATED_I03,NOT_EXECUTED_I03,NOT_ESTABLISHED_I03,NOT_APPROVED_BY_CENSUS
RIV-LZ-4A3862,LZ,0x4A3862,0x4A44A9,0x4A,0x3862,3143,812452bd7c8004d37b81bd48bc2bf53a69e8183e9fded458970eea23d7447192,True,N/A,,S418_5F05_BANK49_RECORD239_CENSUS.csv,1,RIV-USE-PORTRAIT239-26,RIV-CONS-725E55;RIV-CONS-725F05,False,0,NO_FLAG,NOT_VALIDATED_I03,NOT_VALIDATED_I03,NOT_EXECUTED_I03,NOT_ESTABLISHED_I03,NOT_APPROVED_BY_CENSUS
RIV-LZ-4A44CA,LZ,0x4A44CA,0x4A5147,0x4A,0x44CA,3197,1ef9e53ee8da9b67ffa833f4ee00dee7c9b058d066d1090f33f7f2809c7a08ea,True,N/A,,S418_5F05_BANK49_RECORD239_CENSUS.csv,1,RIV-USE-PORTRAIT239-27,RIV-CONS-725E55;RIV-CONS-725F05,False,0,NO_FLAG,NOT_VALIDATED_I03,NOT_VALIDATED_I03,NOT_EXECUTED_I03,NOT_ESTABLISHED_I03,NOT_APPROVED_BY_CENSUS
RIV-LZ-4A5168,LZ,0x4A5168,0x4A5E37,0x4A,0x5168,3279,ed30f78311f8f7bb83056a931263c2ef09caab7b362ea36b5c1abb7ec1ec501d,True,N/A,,S418_5F05_BANK49_RECORD239_CENSUS.csv,1,RIV-USE-PORTRAIT239-28,RIV-CONS-725E55;RIV-CONS-725F05,False,0,NO_FLAG,NOT_VALIDATED_I03,NOT_VALIDATED_I03,NOT_EXECUTED_I03,NOT_ESTABLISHED_I03,NOT_APPROVED_BY_CENSUS
RIV-LZ-4A5E58,LZ,0x4A5E58,0x4A69A0,0x4A,0x5E58,2888,9fa03671b7a2d2ed10ebb14c1ba94daf78cf382ca63044278163518c06dda160,True,N/A,,S418_5F05_BANK49_RECORD239_CENSUS.csv,1,RIV-USE-PORTRAIT239-29,RIV-CONS-725E55;RIV-CONS-725F05,False,0,NO_FLAG,NOT_VALIDATED_I03,NOT_VALIDATED_I03,NOT_EXECUTED_I03,NOT_ESTABLISHED_I03,NOT_APPROVED_BY_CENSUS
RIV-LZ-4A69C0,LZ,0x4A69C0,0x4A75B1,0x4A,0x69C0,3057,a8eba6791869dd70e463350b0fa707ea52a5c2699fdd5709b12f0ac372e58a20,True,N/A,,S418_5F05_BANK49_RECORD239_CENSUS.csv,1,RIV-USE-PORTRAIT239-30,RIV-CONS-725E55;RIV-CONS-725F05,False,0,NO_FLAG,NOT_VALIDATED_I03,NOT_VALIDATED_I03,NOT_EXECUTED_I03,NOT_ESTABLISHED_I03,NOT_APPROVED_BY_CENSUS
RIV-LZ-4A75D2,LZ,0x4A75D2,0x4A81EE,0x4A,0x75D2,3100,605333d748405022299176d59126e553ba040f224e7e18670f59d105f19f64ca,True,N/A,,S418_5F05_BANK49_RECORD239_CENSUS.csv,1,RIV-USE-PORTRAIT239-31,RIV-CONS-725E55;RIV-CONS-725F05,False,0,NO_FLAG,NOT_VALIDATED_I03,NOT_VALIDATED_I03,NOT_EXECUTED_I03,NOT_ESTABLISHED_I03,NOT_APPROVED_BY_CENSUS
RIV-LZ-4A820E,LZ,0x4A820E,0x4A8E8A,0x4A,0x820E,3196,7fb6e753e766a235493d4900321a6bc73a7474c4f14c0d4bfd3386975285a38a,True,N/A,,S418_5F05_BANK49_RECORD239_CENSUS.csv,1,RIV-USE-PORTRAIT239-32,RIV-CONS-725E55;RIV-CONS-725F05,False,0,NO_FLAG,NOT_VALIDATED_I03,NOT_VALIDATED_I03,NOT_EXECUTED_I03,NOT_ESTABLISHED_I03,NOT_APPROVED_BY_CENSUS
RIV-LZ-4A8EAA,LZ,0x4A8EAA,0x4A9AE8,0x4A,0x8EAA,3134,7453e2442beccb9315b31751aa626f04ccdee18c9fc001aa7f5d5a25b369d016,True,N/A,,S418_5F05_BANK49_RECORD239_CENSUS.csv,1,RIV-USE-PORTRAIT239-33,RIV-CONS-725E55;RIV-CONS-725F05,False,0,NO_FLAG,NOT_VALIDATED_I03,NOT_VALIDATED_I03,NOT_EXECUTED_I03,NOT_ESTABLISHED_I03,NOT_APPROVED_BY_CENSUS
RIV-LZ-4A9B08,LZ,0x4A9B08,0x4AA6E9,0x4A,0x9B08,3041,28ddc7186756377795b403f2683db5b72b23a04f9404ead361640dab8f55a5b6,True,N/A,,S418_5F05_BANK49_RECORD239_CENSUS.csv,1,RIV-USE-PORTRAIT239-34,RIV-CONS-725E55;RIV-CONS-725F05,False,0,NO_FLAG,NOT_VALIDATED_I03,NOT_VALIDATED_I03,NOT_EXECUTED_I03,NOT_ESTABLISHED_I03,NOT_APPROVED_BY_CENSUS
RIV-LZ-4AA70A,LZ,0x4AA70A,0x4AB05B,0x4A,0xA70A,2385,7093a158e0ec807b275d14457338636d5ecfe8ff6f36bf45f92b1e7a0fbf6a64,True,N/A,,S418_5F05_BANK49_RECORD239_CENSUS.csv,1,RIV-USE-PORTRAIT239-35,RIV-CONS-725E55;RIV-CONS-725F05,False,0,NO_FLAG,NOT_VALIDATED_I03,NOT_VALIDATED_I03,NOT_EXECUTED_I03,NOT_ESTABLISHED_I03,NOT_APPROVED_BY_CENSUS
RIV-LZ-4AB07C,LZ,0x4AB07C,0x4AB9E7,0x4A,0xB07C,2411,806eed9efce321ac10e6ded6911cd2900be827bbe1f750e864b790cb7fee45ff,True,N/A,,S418_5F05_BANK49_RECORD239_CENSUS.csv,1,RIV-USE-PORTRAIT239-36,RIV-CONS-725E55;RIV-CONS-725F05,False,0,NO_FLAG,NOT_VALIDATED_I03,NOT_VALIDATED_I03,NOT_EXECUTED_I03,NOT_ESTABLISHED_I03,NOT_APPROVED_BY_CENSUS
RIV-LZ-4ABA08,LZ,0x4ABA08,0x4AC54A,0x4A,0xBA08,2882,545c8cdbdf1d5168b83cd5c1d04a3587641ccf1ff432462d5aeca0b776480cf0,True,N/A,,S418_5F05_BANK49_RECORD239_CENSUS.csv,1,RIV-USE-PORTRAIT239-37,RIV-CONS-725E55;RIV-CONS-725F05,False,0,NO_FLAG,NOT_VALIDATED_I03,NOT_VALIDATED_I03,NOT_EXECUTED_I03,NOT_ESTABLISHED_I03,NOT_APPROVED_BY_CENSUS
RIV-LZ-4AC56A,LZ,0x4AC56A,0x4AD119,0x4A,0xC56A,2991,a6a760f2d77c3b6fe4ac5e45cc32a41e86cd1dfe770b002048aaa1b0b850a4a7,True,N/A,,S418_5F05_BANK49_RECORD239_CENSUS.csv,1,RIV-USE-PORTRAIT239-38,RIV-CONS-725E55;RIV-CONS-725F05,False,0,NO_FLAG,NOT_VALIDATED_I03,NOT_VALIDATED_I03,NOT_EXECUTED_I03,NOT_ESTABLISHED_I03,NOT_APPROVED_BY_CENSUS
RIV-LZ-4AD13A,LZ,0x4AD13A,0x4ADD10,0x4A,0xD13A,3030,c453a41b3f7b9764f23c3a3df25b072d835818e0d6f6bdc4499030041715fd91,True,N/A,,S418_5F05_BANK49_RECORD239_CENSUS.csv,1,RIV-USE-PORTRAIT239-39,RIV-CONS-725E55;RIV-CONS-725F05,False,0,NO_FLAG,NOT_VALIDATED_I03,NOT_VALIDATED_I03,NOT_EXECUTED_I03,NOT_ESTABLISHED_I03,NOT_APPROVED_BY_CENSUS
RIV-LZ-4ADD30,LZ,0x4ADD30,0x4AE8C4,0x4A,0xDD30,2964,e4fe05b0cb7f7915ce411e0b939b2da5c67cb10242489e91226fa48572dcc89c,True,N/A,,S418_5F05_BANK49_RECORD239_CENSUS.csv,1,RIV-USE-PORTRAIT239-40,RIV-CONS-725E55;RIV-CONS-725F05,False,0,NO_FLAG,NOT_VALIDATED_I03,NOT_VALIDATED_I03,NOT_EXECUTED_I03,NOT_ESTABLISHED_I03,NOT_APPROVED_BY_CENSUS
RIV-LZ-4AE8E4,LZ,0x4AE8E4,0x4AF41D,0x4A,0xE8E4,2873,6a4e71a1ac916026e4ac710ec9b9545d6e1556fd8adafa871725b41a3b919b84,True,N/A,,S418_5F05_BANK49_RECORD239_CENSUS.csv,1,RIV-USE-PORTRAIT239-41,RIV-CONS-725E55;RIV-CONS-725F05,False,0,NO_FLAG,NOT_VALIDATED_I03,NOT_VALIDATED_I03,NOT_EXECUTED_I03,NOT_ESTABLISHED_I03,NOT_APPROVED_BY_CENSUS
RIV-LZ-4B0000,LZ,0x4B0000,0x4B0B90,0x4B,0x0000,2960,0b88aeee43e1677998924578b75220c339480361ea6d5864c70869bdfc4637ac,True,N/A,,S418_5F05_BANK49_RECORD239_CENSUS.csv,1,RIV-USE-PORTRAIT239-42,RIV-CONS-725E55;RIV-CONS-725F05,False,0,NO_FLAG,NOT_VALIDATED_I03,NOT_VALIDATED_I03,NOT_EXECUTED_I03,NOT_ESTABLISHED_I03,NOT_APPROVED_BY_CENSUS
RIV-LZ-4B0BB0,LZ,0x4B0BB0,0x4B1809,0x4B,0x0BB0,3161,6b41a1ae371c83fed027db3d7c492b7d6468af8e7e2acad9e26d11ed12d08c19,True,N/A,,S418_5F05_BANK49_RECORD239_CENSUS.csv,1,RIV-USE-PORTRAIT239-43,RIV-CONS-725E55;RIV-CONS-725F05,False,0,NO_FLAG,NOT_VALIDATED_I03,NOT_VALIDATED_I03,NOT_EXECUTED_I03,NOT_ESTABLISHED_I03,NOT_APPROVED_BY_CENSUS
RIV-LZ-4B182A,LZ,0x4B182A,0x4B23D0,0x4B,0x182A,2982,fe042382fc18ac9262eff86d7258bbcac8e18896f6d846c810474a447980d3c2,True,N/A,,S418_5F05_BANK49_RECORD239_CENSUS.csv,1,RIV-USE-PORTRAIT239-44,RIV-CONS-725E55;RIV-CONS-725F05,False,0,NO_FLAG,NOT_VALIDATED_I03,NOT_VALIDATED_I03,NOT_EXECUTED_I03,NOT_ESTABLISHED_I03,NOT_APPROVED_BY_CENSUS
RIV-LZ-4B23F0,LZ,0x4B23F0,0x4B2F93,0x4B,0x23F0,2979,0779a44cf6959c57203e0428d36ea466687d6952930f49eda9e62722ebae969e,True,N/A,,S418_5F05_BANK49_RECORD239_CENSUS.csv,1,RIV-USE-PORTRAIT239-45,RIV-CONS-725E55;RIV-CONS-725F05,False,0,NO_FLAG,NOT_VALIDATED_I03,NOT_VALIDATED_I03,NOT_EXECUTED_I03,NOT_ESTABLISHED_I03,NOT_APPROVED_BY_CENSUS
RIV-LZ-4B2FB4,LZ,0x4B2FB4,0x4B3B35,0x4B,0x2FB4,2945,6ffebddebef608a52f4e558c27c922cc57519c9bb8e4c7d234e063435100de0f,True,N/A,,S418_5F05_BANK49_RECORD239_CENSUS.csv,1,RIV-USE-PORTRAIT239-46,RIV-CONS-725E55;RIV-CONS-725F05,False,0,NO_FLAG,NOT_VALIDATED_I03,NOT_VALIDATED_I03,NOT_EXECUTED_I03,NOT_ESTABLISHED_I03,NOT_APPROVED_BY_CENSUS
RIV-LZ-4B3B56,LZ,0x4B3B56,0x4B46D0,0x4B,0x3B56,2938,fc0c4828c63e03d0f0adb1c540c2ca4c98d9bb29d8aad029b48a319851b6a56f,True,N/A,,S418_5F05_BANK49_RECORD239_CENSUS.csv,1,RIV-USE-PORTRAIT239-47,RIV-CONS-725E55;RIV-CONS-725F05,False,0,NO_FLAG,NOT_VALIDATED_I03,NOT_VALIDATED_I03,NOT_EXECUTED_I03,NOT_ESTABLISHED_I03,NOT_APPROVED_BY_CENSUS
RIV-LZ-4B46F0,LZ,0x4B46F0,0x4B52EC,0x4B,0x46F0,3068,9c5e1e008c7d279cf610d7c0aed0b44fbe33de80e103356e085e5930c59e7276,True,N/A,,S418_5F05_BANK49_RECORD239_CENSUS.csv,1,RIV-USE-PORTRAIT239-48,RIV-CONS-725E55;RIV-CONS-725F05,False,0,NO_FLAG,NOT_VALIDATED_I03,NOT_VALIDATED_I03,NOT_EXECUTED_I03,NOT_ESTABLISHED_I03,NOT_APPROVED_BY_CENSUS
RIV-LZ-4B530C,LZ,0x4B530C,0x4B5B17,0x4B,0x530C,2059,a6f239204a59ff393f538c47faa5a854adc4c5280ebd5aeb307b263dd8ad3768,True,N/A,,S418_5F05_BANK49_RECORD239_CENSUS.csv,1,RIV-USE-PORTRAIT239-49,RIV-CONS-725E55;RIV-CONS-725F05,False,0,NO_FLAG,NOT_VALIDATED_I03,NOT_VALIDATED_I03,NOT_EXECUTED_I03,NOT_ESTABLISHED_I03,NOT_APPROVED_BY_CENSUS
RIV-LZ-4B5B38,LZ,0x4B5B38,0x4B62F6,0x4B,0x5B38,1982,71b326b9f7813d6ff5fc4e41e6be009835b8b9e531b1bb18648aaacae9ee67a7,True,N/A,,S418_5F05_BANK49_RECORD239_CENSUS.csv,1,RIV-USE-PORTRAIT239-50,RIV-CONS-725E55;RIV-CONS-725F05,False,0,NO_FLAG,NOT_VALIDATED_I03,NOT_VALIDATED_I03,NOT_EXECUTED_I03,NOT_ESTABLISHED_I03,NOT_APPROVED_BY_CENSUS
RIV-LZ-4B6316,LZ,0x4B6316,0x4B6E4B,0x4B,0x6316,2869,0ffdbec6c8c02fc669a923edddaae6739c0e3e118cd4971e081443e6ba4d6d90,True,N/A,,S418_5F05_BANK49_RECORD239_CENSUS.csv,1,RIV-USE-PORTRAIT239-51,RIV-CONS-725E55;RIV-CONS-725F05,False,0,NO_FLAG,NOT_VALIDATED_I03,NOT_VALIDATED_I03,NOT_EXECUTED_I03,NOT_ESTABLISHED_I03,NOT_APPROVED_BY_CENSUS
RIV-LZ-4B6E6C,LZ,0x4B6E6C,0x4B79FA,0x4B,0x6E6C,2958,d3b1ce1048e2c1fdf0de1330b87ed18cfb3a14a281bd91ab3c7872f355e8e08d,True,N/A,,S418_5F05_BANK49_RECORD239_CENSUS.csv,1,RIV-USE-PORTRAIT239-52,RIV-CONS-725E55;RIV-CONS-725F05,False,0,NO_FLAG,NOT_VALIDATED_I03,NOT_VALIDATED_I03,NOT_EXECUTED_I03,NOT_ESTABLISHED_I03,NOT_APPROVED_BY_CENSUS
RIV-LZ-4B7A1A,LZ,0x4B7A1A,0x4B8541,0x4B,0x7A1A,2855,7bb3d4a96f8b1e114d8976eb5f6a4e60aaad7ea3e43b0a1ecb0d06810df18ae9,True,N/A,,S418_5F05_BANK49_RECORD239_CENSUS.csv,1,RIV-USE-PORTRAIT239-53,RIV-CONS-725E55;RIV-CONS-725F05,False,0,NO_FLAG,NOT_VALIDATED_I03,NOT_VALIDATED_I03,NOT_EXECUTED_I03,NOT_ESTABLISHED_I03,NOT_APPROVED_BY_CENSUS
RIV-LZ-4B8562,LZ,0x4B8562,0x4B9068,0x4B,0x8562,2822,dc77e3e88b6cd6e2659a7d0cdcbcb37ec8b7b7d8c0c85ee516a0655b9e9aa968,True,N/A,,S418_5F05_BANK49_RECORD239_CENSUS.csv,1,RIV-USE-PORTRAIT239-54,RIV-CONS-725E55;RIV-CONS-725F05,False,0,NO_FLAG,NOT_VALIDATED_I03,NOT_VALIDATED_I03,NOT_EXECUTED_I03,NOT_ESTABLISHED_I03,NOT_APPROVED_BY_CENSUS
RIV-LZ-4B9088,LZ,0x4B9088,0x4B9C4C,0x4B,0x9088,3012,6a39f7619f00a06f29533977423287cfa38a220cb4bc587a848f344c2c851d8c,True,N/A,,S418_5F05_BANK49_RECORD239_CENSUS.csv,1,RIV-USE-PORTRAIT239-55,RIV-CONS-725E55;RIV-CONS-725F05,False,0,NO_FLAG,NOT_VALIDATED_I03,NOT_VALIDATED_I03,NOT_EXECUTED_I03,NOT_ESTABLISHED_I03,NOT_APPROVED_BY_CENSUS
RIV-LZ-4B9C6C,LZ,0x4B9C6C,0x4BA7BC,0x4B,0x9C6C,2896,e6f293dce8a680fb91aee91fdf84104c02d0aec25c6460862bbd11a513a557a4,True,N/A,,S418_5F05_BANK49_RECORD239_CENSUS.csv,1,RIV-USE-PORTRAIT239-56,RIV-CONS-725E55;RIV-CONS-725F05,False,0,NO_FLAG,NOT_VALIDATED_I03,NOT_VALIDATED_I03,NOT_EXECUTED_I03,NOT_ESTABLISHED_I03,NOT_APPROVED_BY_CENSUS
RIV-LZ-4BA7DC,LZ,0x4BA7DC,0x4BB3DA,0x4B,0xA7DC,3070,2cd67df72e2225ae9b157e43369bba0fed68adc020fd55ef4d6123eeaca84eaf,True,N/A,,S418_5F05_BANK49_RECORD239_CENSUS.csv,1,RIV-USE-PORTRAIT239-57,RIV-CONS-725E55;RIV-CONS-725F05,False,0,NO_FLAG,NOT_VALIDATED_I03,NOT_VALIDATED_I03,NOT_EXECUTED_I03,NOT_ESTABLISHED_I03,NOT_APPROVED_BY_CENSUS
RIV-LZ-4BB3FA,LZ,0x4BB3FA,0x4BBE59,0x4B,0xB3FA,2655,65210185092dd78d10fc2df2bfae2399a27abeba9014bc4ef2cb3d3e1678337b,True,N/A,,S418_5F05_BANK49_RECORD239_CENSUS.csv,1,RIV-USE-PORTRAIT239-58,RIV-CONS-725E55;RIV-CONS-725F05,False,0,NO_FLAG,NOT_VALIDATED_I03,NOT_VALIDATED_I03,NOT_EXECUTED_I03,NOT_ESTABLISHED_I03,NOT_APPROVED_BY_CENSUS
RIV-LZ-4BBE7A,LZ,0x4BBE7A,0x4BC99A,0x4B,0xBE7A,2848,69c88b975f4afa5d53ee54c31218e96de38369a3e163166bf87670c9df7c908f,True,N/A,,S418_5F05_BANK49_RECORD239_CENSUS.csv,1,RIV-USE-PORTRAIT239-59,RIV-CONS-725E55;RIV-CONS-725F05,False,0,NO_FLAG,NOT_VALIDATED_I03,NOT_VALIDATED_I03,NOT_EXECUTED_I03,NOT_ESTABLISHED_I03,NOT_APPROVED_BY_CENSUS
RIV-LZ-4BC9BA,LZ,0x4BC9BA,0x4BD526,0x4B,0xC9BA,2924,5868c23093d5cebf070b269f9f13d3c598caef1df9419c46b0c38e88fd120479,True,N/A,,S418_5F05_BANK49_RECORD239_CENSUS.csv,1,RIV-USE-PORTRAIT239-60,RIV-CONS-725E55;RIV-CONS-725F05,False,0,NO_FLAG,NOT_VALIDATED_I03,NOT_VALIDATED_I03,NOT_EXECUTED_I03,NOT_ESTABLISHED_I03,NOT_APPROVED_BY_CENSUS
RIV-LZ-4BD546,LZ,0x4BD546,0x4BE0E5,0x4B,0xD546,2975,16ed0277f6e7be8ec908d18eb6e41f25d2cce4543dbf415825f921a457eca950,True,N/A,,S418_5F05_BANK49_RECORD239_CENSUS.csv,1,RIV-USE-PORTRAIT239-61,RIV-CONS-725E55;RIV-CONS-725F05,False,0,NO_FLAG,NOT_VALIDATED_I03,NOT_VALIDATED_I03,NOT_EXECUTED_I03,NOT_ESTABLISHED_I03,NOT_APPROVED_BY_CENSUS
RIV-LZ-4BE106,LZ,0x4BE106,0x4BEBFF,0x4B,0xE106,2809,09352c9dd933de347d366e422da2e48f7ee8354e42a401c6ecdc921b7023ca49,True,N/A,,S418_5F05_BANK49_RECORD239_CENSUS.csv,1,RIV-USE-PORTRAIT239-62,RIV-CONS-725E55;RIV-CONS-725F05,False,0,NO_FLAG,NOT_VALIDATED_I03,NOT_VALIDATED_I03,NOT_EXECUTED_I03,NOT_ESTABLISHED_I03,NOT_APPROVED_BY_CENSUS
RIV-LZ-4BEC20,LZ,0x4BEC20,0x4BF3FF,0x4B,0xEC20,2015,c40ded4ab8481ac2057bc194e78e0a686acc475775b9de673d09c167d10b3ddd,True,N/A,,S418_5F05_BANK49_RECORD239_CENSUS.csv,1,RIV-USE-PORTRAIT239-63,RIV-CONS-725E55;RIV-CONS-725F05,False,0,NO_FLAG,NOT_VALIDATED_I03,NOT_VALIDATED_I03,NOT_EXECUTED_I03,NOT_ESTABLISHED_I03,NOT_APPROVED_BY_CENSUS
RIV-LZ-4C0000,LZ,0x4C0000,0x4C080E,0x4C,0x0000,2062,14bc092d4ffb31fa94498efc7b816b76180139aa3aafc56709b203caa3bf2f92,True,N/A,,S418_5F05_BANK49_RECORD239_CENSUS.csv,1,RIV-USE-PORTRAIT239-64,RIV-CONS-725E55;RIV-CONS-725F05,False,0,NO_FLAG,NOT_VALIDATED_I03,NOT_VALIDATED_I03,NOT_EXECUTED_I03,NOT_ESTABLISHED_I03,NOT_APPROVED_BY_CENSUS
RIV-LZ-4C082E,LZ,0x4C082E,0x4C1323,0x4C,0x082E,2805,88876b07dce1c5785b35e9812d06111352646382c5228905354faba88a39bbb7,True,N/A,,S418_5F05_BANK49_RECORD239_CENSUS.csv,2,RIV-USE-PORTRAIT239-65;RIV-USE-PORTRAIT239-235,RIV-CONS-725E55;RIV-CONS-725F05,False,0,NO_FLAG,NOT_VALIDATED_I03,NOT_VALIDATED_I03,NOT_EXECUTED_I03,NOT_ESTABLISHED_I03,NOT_APPROVED_BY_CENSUS
RIV-LZ-4C1344,LZ,0x4C1344,0x4C1EEC,0x4C,0x1344,2984,2b636010b86d4740cf6e39e8fe14880d595a62b71baf3561ec5ba1bc33e6b08e,True,N/A,,S418_5F05_BANK49_RECORD239_CENSUS.csv,1,RIV-USE-PORTRAIT239-66,RIV-CONS-725E55;RIV-CONS-725F05,False,0,NO_FLAG,NOT_VALIDATED_I03,NOT_VALIDATED_I03,NOT_EXECUTED_I03,NOT_ESTABLISHED_I03,NOT_APPROVED_BY_CENSUS
RIV-LZ-4C1F0C,LZ,0x4C1F0C,0x4C2A89,0x4C,0x1F0C,2941,490448a993def519332cf31b2753d6396374082defa45a8c917b061bde8f54c2,True,N/A,,S418_5F05_BANK49_RECORD239_CENSUS.csv,1,RIV-USE-PORTRAIT239-67,RIV-CONS-725E55;RIV-CONS-725F05,False,0,NO_FLAG,NOT_VALIDATED_I03,NOT_VALIDATED_I03,NOT_EXECUTED_I03,NOT_ESTABLISHED_I03,NOT_APPROVED_BY_CENSUS
RIV-LZ-4C2AAA,LZ,0x4C2AAA,0x4C35F2,0x4C,0x2AAA,2888,2192339735df389165b8e39106cc356542819b7111333a3af090f45266a90cbb,True,N/A,,S418_5F05_BANK49_RECORD239_CENSUS.csv,1,RIV-USE-PORTRAIT239-68,RIV-CONS-725E55;RIV-CONS-725F05,False,0,NO_FLAG,NOT_VALIDATED_I03,NOT_VALIDATED_I03,NOT_EXECUTED_I03,NOT_ESTABLISHED_I03,NOT_APPROVED_BY_CENSUS
RIV-LZ-4C3612,LZ,0x4C3612,0x4C3E22,0x4C,0x3612,2064,0208d1ecd011681ad207031fe0439e24cea895408efae2d17db30badc40a85d1,True,N/A,,S418_5F05_BANK49_RECORD239_CENSUS.csv,1,RIV-USE-PORTRAIT239-69,RIV-CONS-725E55;RIV-CONS-725F05,False,0,NO_FLAG,NOT_VALIDATED_I03,NOT_VALIDATED_I03,NOT_EXECUTED_I03,NOT_ESTABLISHED_I03,NOT_APPROVED_BY_CENSUS
RIV-LZ-4C3E42,LZ,0x4C3E42,0x4C45AF,0x4C,0x3E42,1901,3fc2a28e11c488c456a9f7e6c3c9f1eb4ecbb955bc6a54a2ef489db2d578fc8f,True,N/A,,S418_5F05_BANK49_RECORD239_CENSUS.csv,1,RIV-USE-PORTRAIT239-70,RIV-CONS-725E55;RIV-CONS-725F05,False,0,NO_FLAG,NOT_VALIDATED_I03,NOT_VALIDATED_I03,NOT_EXECUTED_I03,NOT_ESTABLISHED_I03,NOT_APPROVED_BY_CENSUS
RIV-LZ-4C45D0,LZ,0x4C45D0,0x4C4F5B,0x4C,0x45D0,2443,83ccdae95f66a0ed173135acef3fe1d0ef9821a70ac134041657bf55f2988691,True,N/A,,S418_5F05_BANK49_RECORD239_CENSUS.csv,1,RIV-USE-PORTRAIT239-71,RIV-CONS-725E55;RIV-CONS-725F05,False,0,NO_FLAG,NOT_VALIDATED_I03,NOT_VALIDATED_I03,NOT_EXECUTED_I03,NOT_ESTABLISHED_I03,NOT_APPROVED_BY_CENSUS
RIV-LZ-4C4F7C,LZ,0x4C4F7C,0x4C5634,0x4C,0x4F7C,1720,bd75d4d9d517d68dce25dd8895c5a48cb299740322b6690ecf565c270709a62c,True,N/A,,S418_5F05_BANK49_RECORD239_CENSUS.csv,1,RIV-USE-PORTRAIT239-72,RIV-CONS-725E55;RIV-CONS-725F05,False,0,NO_FLAG,NOT_VALIDATED_I03,NOT_VALIDATED_I03,NOT_EXECUTED_I03,NOT_ESTABLISHED_I03,NOT_APPROVED_BY_CENSUS
RIV-LZ-4C5654,LZ,0x4C5654,0x4C6177,0x4C,0x5654,2851,355a6110b6a163874a3e1783b457eb315769b2544c678c202b52fe86eabf6701,True,N/A,,S418_5F05_BANK49_RECORD239_CENSUS.csv,2,RIV-USE-PORTRAIT239-73;RIV-USE-PORTRAIT239-238,RIV-CONS-725E55;RIV-CONS-725F05,False,0,NO_FLAG,NOT_VALIDATED_I03,NOT_VALIDATED_I03,NOT_EXECUTED_I03,NOT_ESTABLISHED_I03,NOT_APPROVED_BY_CENSUS
RIV-LZ-4C6198,LZ,0x4C6198,0x4C6CE9,0x4C,0x6198,2897,f506bc0b109948d3ff39cf8269ce851e9bed71980256f6f26900f721b3fdfc29,True,N/A,,S418_5F05_BANK49_RECORD239_CENSUS.csv,1,RIV-USE-PORTRAIT239-74,RIV-CONS-725E55;RIV-CONS-725F05,False,0,NO_FLAG,NOT_VALIDATED_I03,NOT_VALIDATED_I03,NOT_EXECUTED_I03,NOT_ESTABLISHED_I03,NOT_APPROVED_BY_CENSUS
RIV-LZ-4C6D0A,LZ,0x4C6D0A,0x4C78A5,0x4C,0x6D0A,2971,3959dd8fbf8e90ea217ca970c545251ad44ea92476801898608d7ad6aa9c1092,True,N/A,,S418_5F05_BANK49_RECORD239_CENSUS.csv,1,RIV-USE-PORTRAIT239-75,RIV-CONS-725E55;RIV-CONS-725F05,False,0,NO_FLAG,NOT_VALIDATED_I03,NOT_VALIDATED_I03,NOT_EXECUTED_I03,NOT_ESTABLISHED_I03,NOT_APPROVED_BY_CENSUS
RIV-LZ-4C78C6,LZ,0x4C78C6,0x4C83F3,0x4C,0x78C6,2861,b688617681dd0d4e5cead79860115559997e987144b5058606bf53dd06546983,True,N/A,,S418_5F05_BANK49_RECORD239_CENSUS.csv,1,RIV-USE-PORTRAIT239-76,RIV-CONS-725E55;RIV-CONS-725F05,False,0,NO_FLAG,NOT_VALIDATED_I03,NOT_VALIDATED_I03,NOT_EXECUTED_I03,NOT_ESTABLISHED_I03,NOT_APPROVED_BY_CENSUS
RIV-LZ-4C8414,LZ,0x4C8414,0x4C8FF2,0x4C,0x8414,3038,244b2015d0daa08a608e737f3aa42ca525c03d343f7ceb1e9d4b82ee226588d6,True,N/A,,S418_5F05_BANK49_RECORD239_CENSUS.csv,1,RIV-USE-PORTRAIT239-77,RIV-CONS-725E55;RIV-CONS-725F05,False,0,NO_FLAG,NOT_VALIDATED_I03,NOT_VALIDATED_I03,NOT_EXECUTED_I03,NOT_ESTABLISHED_I03,NOT_APPROVED_BY_CENSUS
RIV-LZ-4C9012,LZ,0x4C9012,0x4C9C41,0x4C,0x9012,3119,fc073ae150eb308caf2b9f4b6cdf2442b028f0b896e2a574e2c54fda6313f158,True,N/A,,S418_5F05_BANK49_RECORD239_CENSUS.csv,1,RIV-USE-PORTRAIT239-78,RIV-CONS-725E55;RIV-CONS-725F05,False,0,NO_FLAG,NOT_VALIDATED_I03,NOT_VALIDATED_I03,NOT_EXECUTED_I03,NOT_ESTABLISHED_I03,NOT_APPROVED_BY_CENSUS
RIV-LZ-4C9C62,LZ,0x4C9C62,0x4CA88D,0x4C,0x9C62,3115,e2f44a3f868e99538c0d9a889299afae8862896876c67e5754adf71cb81886f6,True,N/A,,S418_5F05_BANK49_RECORD239_CENSUS.csv,1,RIV-USE-PORTRAIT239-79,RIV-CONS-725E55;RIV-CONS-725F05,False,0,NO_FLAG,NOT_VALIDATED_I03,NOT_VALIDATED_I03,NOT_EXECUTED_I03,NOT_ESTABLISHED_I03,NOT_APPROVED_BY_CENSUS
RIV-LZ-4CA8AE,LZ,0x4CA8AE,0x4CB3A5,0x4C,0xA8AE,2807,7f1b6c6ae6ece704635cb255c9df7e392d5b4237d2eb3fceed9ed08c5d49cc95,True,N/A,,S418_5F05_BANK49_RECORD239_CENSUS.csv,1,RIV-USE-PORTRAIT239-80,RIV-CONS-725E55;RIV-CONS-725F05,False,0,NO_FLAG,NOT_VALIDATED_I03,NOT_VALIDATED_I03,NOT_EXECUTED_I03,NOT_ESTABLISHED_I03,NOT_APPROVED_BY_CENSUS
RIV-LZ-4CB3C6,LZ,0x4CB3C6,0x4CBE4F,0x4C,0xB3C6,2697,2adf74672f9a9ed5219d46243e1e864e8e4988e59fa7aa8643aa632e3665a777,True,N/A,,S418_5F05_BANK49_RECORD239_CENSUS.csv,1,RIV-USE-PORTRAIT239-81,RIV-CONS-725E55;RIV-CONS-725F05,False,0,NO_FLAG,NOT_VALIDATED_I03,NOT_VALIDATED_I03,NOT_EXECUTED_I03,NOT_ESTABLISHED_I03,NOT_APPROVED_BY_CENSUS
RIV-LZ-4CBE70,LZ,0x4CBE70,0x4CCA3D,0x4C,0xBE70,3021,22061bc47e895b859ca149ab0a99ccc2e1a02b4a9d1fc1b3ef707988bdb2c165,True,N/A,,S418_5F05_BANK49_RECORD239_CENSUS.csv,1,RIV-USE-PORTRAIT239-82,RIV-CONS-725E55;RIV-CONS-725F05,False,0,NO_FLAG,NOT_VALIDATED_I03,NOT_VALIDATED_I03,NOT_EXECUTED_I03,NOT_ESTABLISHED_I03,NOT_APPROVED_BY_CENSUS
RIV-LZ-4CCA5E,LZ,0x4CCA5E,0x4CD4A1,0x4C,0xCA5E,2627,39e61fc8c91c7083da7c03c037a492a60f9901bb4b00128f45f5e341499202c6,True,N/A,,S418_5F05_BANK49_RECORD239_CENSUS.csv,5,RIV-USE-PORTRAIT239-83;RIV-USE-PORTRAIT239-231;RIV-USE-PORTRAIT239-232;RIV-USE-PORTRAIT239-233;RIV-USE-PORTRAIT239-234,RIV-CONS-725E55;RIV-CONS-725F05,False,0,NO_FLAG,NOT_VALIDATED_I03,NOT_VALIDATED_I03,NOT_EXECUTED_I03,NOT_ESTABLISHED_I03,NOT_APPROVED_BY_CENSUS
RIV-LZ-4CD522,LZ,0x4CD522,0x4CE03E,0x4C,0xD522,2844,ddcea353c62dd5c8ee1a264ed0019beef1da978bc02d13004b2ade41c9cafc24,True,N/A,,S418_5F05_BANK49_RECORD239_CENSUS.csv,1,RIV-USE-PORTRAIT239-84,RIV-CONS-725E55;RIV-CONS-725F05,False,0,NO_FLAG,NOT_VALIDATED_I03,NOT_VALIDATED_I03,NOT_EXECUTED_I03,NOT_ESTABLISHED_I03,NOT_APPROVED_BY_CENSUS
RIV-LZ-4CE05E,LZ,0x4CE05E,0x4CEBBE,0x4C,0xE05E,2912,a36cccdc24cd5db6103634d500ff1a5331b792a94d6dcb4f953425cbbe16d623,True,N/A,,S418_5F05_BANK49_RECORD239_CENSUS.csv,1,RIV-USE-PORTRAIT239-85,RIV-CONS-725E55;RIV-CONS-725F05,False,0,NO_FLAG,NOT_VALIDATED_I03,NOT_VALIDATED_I03,NOT_EXECUTED_I03,NOT_ESTABLISHED_I03,NOT_APPROVED_BY_CENSUS
RIV-LZ-4CEBDE,LZ,0x4CEBDE,0x4CF4CF,0x4C,0xEBDE,2289,b48aec2b1e50ca00dff37bdabb2a4322d6513089febf7bd03e7d1c03641e7f69,True,N/A,,S418_5F05_BANK49_RECORD239_CENSUS.csv,1,RIV-USE-PORTRAIT239-86,RIV-CONS-725E55;RIV-CONS-725F05,False,0,NO_FLAG,NOT_VALIDATED_I03,NOT_VALIDATED_I03,NOT_EXECUTED_I03,NOT_ESTABLISHED_I03,NOT_APPROVED_BY_CENSUS
RIV-LZ-4D0000,LZ,0x4D0000,0x4D0B3F,0x4D,0x0000,2879,8d98e7188f3eb692d0a11ae791083061b1d7728fe940f6675ba7ff814a8000ba,True,N/A,,S418_5F05_BANK49_RECORD239_CENSUS.csv,1,RIV-USE-PORTRAIT239-87,RIV-CONS-725E55;RIV-CONS-725F05,False,0,NO_FLAG,NOT_VALIDATED_I03,NOT_VALIDATED_I03,NOT_EXECUTED_I03,NOT_ESTABLISHED_I03,NOT_APPROVED_BY_CENSUS
RIV-LZ-4D0B60,LZ,0x4D0B60,0x4D152F,0x4D,0x0B60,2511,5242570798b22b6bd0cc375f75bbc95afa70a9cb233fd9d7ac99c6d70b035d98,True,N/A,,S418_5F05_BANK49_RECORD239_CENSUS.csv,1,RIV-USE-PORTRAIT239-88,RIV-CONS-725E55;RIV-CONS-725F05,False,0,NO_FLAG,NOT_VALIDATED_I03,NOT_VALIDATED_I03,NOT_EXECUTED_I03,NOT_ESTABLISHED_I03,NOT_APPROVED_BY_CENSUS
RIV-LZ-4D1550,LZ,0x4D1550,0x4D20D0,0x4D,0x1550,2944,93815b17571f133eec3710ae91e15d6dc6e83161e6bf6da3e4a4b787d05376c8,True,N/A,,S418_5F05_BANK49_RECORD239_CENSUS.csv,1,RIV-USE-PORTRAIT239-89,RIV-CONS-725E55;RIV-CONS-725F05,False,0,NO_FLAG,NOT_VALIDATED_I03,NOT_VALIDATED_I03,NOT_EXECUTED_I03,NOT_ESTABLISHED_I03,NOT_APPROVED_BY_CENSUS
RIV-LZ-4D20F0,LZ,0x4D20F0,0x4D2C21,0x4D,0x20F0,2865,e506e78ef4c3208cf839ee975de34e6ad5a916f2a163d3634ca58b89eb1ee7bc,True,N/A,,S418_5F05_BANK49_RECORD239_CENSUS.csv,1,RIV-USE-PORTRAIT239-90,RIV-CONS-725E55;RIV-CONS-725F05,False,0,NO_FLAG,NOT_VALIDATED_I03,NOT_VALIDATED_I03,NOT_EXECUTED_I03,NOT_ESTABLISHED_I03,NOT_APPROVED_BY_CENSUS
RIV-LZ-4D2C42,LZ,0x4D2C42,0x4D38BD,0x4D,0x2C42,3195,2e436baae894b2cc3942461769ae4d418640b5b9cf654ab138c9fbedfb631b75,True,N/A,,S418_5F05_BANK49_RECORD239_CENSUS.csv,1,RIV-USE-PORTRAIT239-91,RIV-CONS-725E55;RIV-CONS-725F05,False,0,NO_FLAG,NOT_VALIDATED_I03,NOT_VALIDATED_I03,NOT_EXECUTED_I03,NOT_ESTABLISHED_I03,NOT_APPROVED_BY_CENSUS
RIV-LZ-4D38DE,LZ,0x4D38DE,0x4D44CD,0x4D,0x38DE,3055,c89fd361314c6d7a6b707c1e8624dbc874da5a7044189d7355a31e1fde231f03,True,N/A,,S418_5F05_BANK49_RECORD239_CENSUS.csv,1,RIV-USE-PORTRAIT239-92,RIV-CONS-725E55;RIV-CONS-725F05,False,0,NO_FLAG,NOT_VALIDATED_I03,NOT_VALIDATED_I03,NOT_EXECUTED_I03,NOT_ESTABLISHED_I03,NOT_APPROVED_BY_CENSUS
RIV-LZ-4D44EE,LZ,0x4D44EE,0x4D4E68,0x4D,0x44EE,2426,8dec333eda6c21e8434e3ed8495beb6e29a3cb04cdb359773ee858ded22c60a0,True,N/A,,S418_5F05_BANK49_RECORD239_CENSUS.csv,1,RIV-USE-PORTRAIT239-93,RIV-CONS-725E55;RIV-CONS-725F05,False,0,NO_FLAG,NOT_VALIDATED_I03,NOT_VALIDATED_I03,NOT_EXECUTED_I03,NOT_ESTABLISHED_I03,NOT_APPROVED_BY_CENSUS
RIV-LZ-4D4E88,LZ,0x4D4E88,0x4D56F8,0x4D,0x4E88,2160,d87aff8c48c04e8242e9625ec96f11a51aa3de3b41d3dd980571ebfed81ae069,True,N/A,,S418_5F05_BANK49_RECORD239_CENSUS.csv,1,RIV-USE-PORTRAIT239-94,RIV-CONS-725E55;RIV-CONS-725F05,False,0,NO_FLAG,NOT_VALIDATED_I03,NOT_VALIDATED_I03,NOT_EXECUTED_I03,NOT_ESTABLISHED_I03,NOT_APPROVED_BY_CENSUS
RIV-LZ-4D5718,LZ,0x4D5718,0x4D6037,0x4D,0x5718,2335,7355293f05288397e4e65e0493cd42d0a155d614c53f8ae344cdb3cc876523cb,True,N/A,,S418_5F05_BANK49_RECORD239_CENSUS.csv,1,RIV-USE-PORTRAIT239-95,RIV-CONS-725E55;RIV-CONS-725F05,False,0,NO_FLAG,NOT_VALIDATED_I03,NOT_VALIDATED_I03,NOT_EXECUTED_I03,NOT_ESTABLISHED_I03,NOT_APPROVED_BY_CENSUS
RIV-LZ-4D6058,LZ,0x4D6058,0x4D687B,0x4D,0x6058,2083,2790db3b36f3cedb128fd9272ae8b1758eb7803f62f41c0b1b1764207ab855d9,True,N/A,,S418_5F05_BANK49_RECORD239_CENSUS.csv,1,RIV-USE-PORTRAIT239-96,RIV-CONS-725E55;RIV-CONS-725F05,False,0,NO_FLAG,NOT_VALIDATED_I03,NOT_VALIDATED_I03,NOT_EXECUTED_I03,NOT_ESTABLISHED_I03,NOT_APPROVED_BY_CENSUS
RIV-LZ-4D689C,LZ,0x4D689C,0x4D7239,0x4D,0x689C,2461,08325b4c5fd9fa1b29837bfdd18ad6199f9de980caa0eb0a772671415510d240,True,N/A,,S418_5F05_BANK49_RECORD239_CENSUS.csv,1,RIV-USE-PORTRAIT239-97,RIV-CONS-725E55;RIV-CONS-725F05,False,0,NO_FLAG,NOT_VALIDATED_I03,NOT_VALIDATED_I03,NOT_EXECUTED_I03,NOT_ESTABLISHED_I03,NOT_APPROVED_BY_CENSUS
RIV-LZ-4D725A,LZ,0x4D725A,0x4D7E93,0x4D,0x725A,3129,9b1f67d4cabcaacf0e60c38ce38ddf9e2ccdf50b7165f4f22d2393130279cdb7,True,N/A,,S418_5F05_BANK49_RECORD239_CENSUS.csv,3,RIV-USE-PORTRAIT239-98;RIV-USE-PORTRAIT239-236;RIV-USE-PORTRAIT239-237,RIV-CONS-725E55;RIV-CONS-725F05,False,0,NO_FLAG,NOT_VALIDATED_I03,NOT_VALIDATED_I03,NOT_EXECUTED_I03,NOT_ESTABLISHED_I03,NOT_APPROVED_BY_CENSUS
RIV-LZ-4D7ED4,LZ,0x4D7ED4,0x4D8A44,0x4D,0x7ED4,2928,449ed0a775659867743ede6461ca0110c1689bf0cf3dc756eeeff9e3094f8cb0,True,N/A,,S418_5F05_BANK49_RECORD239_CENSUS.csv,1,RIV-USE-PORTRAIT239-99,RIV-CONS-725E55;RIV-CONS-725F05,False,0,NO_FLAG,NOT_VALIDATED_I03,NOT_VALIDATED_I03,NOT_EXECUTED_I03,NOT_ESTABLISHED_I03,NOT_APPROVED_BY_CENSUS
RIV-LZ-4D8A64,LZ,0x4D8A64,0x4D9684,0x4D,0x8A64,3104,c9a29dfb27022b8a68c891670ffca5a5cc9bf9f038b1df951b691d1538f1bd5d,True,N/A,,S418_5F05_BANK49_RECORD239_CENSUS.csv,4,RIV-USE-PORTRAIT239-100;RIV-USE-PORTRAIT239-101;RIV-USE-PORTRAIT239-102;RIV-USE-PORTRAIT239-103,RIV-CONS-725E55;RIV-CONS-725F05,False,0,NO_FLAG,NOT_VALIDATED_I03,NOT_VALIDATED_I03,NOT_EXECUTED_I03,NOT_ESTABLISHED_I03,NOT_APPROVED_BY_CENSUS
RIV-LZ-4D9684,LZ,0x4D9684,0x4DA25E,0x4D,0x9684,3034,3a3890b025ce1de22d8508b117bf4ac5cd6a4f3bfc2bc8a813cb43676e5120a3,True,N/A,,S418_5F05_BANK49_RECORD239_CENSUS.csv,4,RIV-USE-PORTRAIT239-104;RIV-USE-PORTRAIT239-105;RIV-USE-PORTRAIT239-106;RIV-USE-PORTRAIT239-107,RIV-CONS-725E55;RIV-CONS-725F05,False,0,NO_FLAG,NOT_VALIDATED_I03,NOT_VALIDATED_I03,NOT_EXECUTED_I03,NOT_ESTABLISHED_I03,NOT_APPROVED_BY_CENSUS
RIV-LZ-4DA25E,LZ,0x4DA25E,0x4DAEBD,0x4D,0xA25E,3167,76fbb888deb9b7166c9b048e56fe0bf258a07f67bcbca4485bfd3657d2628b25,True,N/A,,S418_5F05_BANK49_RECORD239_CENSUS.csv,4,RIV-USE-PORTRAIT239-108;RIV-USE-PORTRAIT239-109;RIV-USE-PORTRAIT239-110;RIV-USE-PORTRAIT239-111,RIV-CONS-725E55;RIV-CONS-725F05,False,0,NO_FLAG,NOT_VALIDATED_I03,NOT_VALIDATED_I03,NOT_EXECUTED_I03,NOT_ESTABLISHED_I03,NOT_APPROVED_BY_CENSUS
RIV-LZ-4DAEBE,LZ,0x4DAEBE,0x4DBB57,0x4D,0xAEBE,3225,00a867c05fa565d70abfc593a71086e9e0a394b6f3909ff1f32dd53f100dcbad,True,N/A,,S418_5F05_BANK49_RECORD239_CENSUS.csv,4,RIV-USE-PORTRAIT239-112;RIV-USE-PORTRAIT239-113;RIV-USE-PORTRAIT239-114;RIV-USE-PORTRAIT239-115,RIV-CONS-725E55;RIV-CONS-725F05,False,0,NO_FLAG,NOT_VALIDATED_I03,NOT_VALIDATED_I03,NOT_EXECUTED_I03,NOT_ESTABLISHED_I03,NOT_APPROVED_BY_CENSUS
RIV-LZ-4DBB58,LZ,0x4DBB58,0x4DC6C2,0x4D,0xBB58,2922,d09fe30b18b73adb7edb2fba69f9913c1e4077e124d39b6cff17a80a873d72c8,True,N/A,,S418_5F05_BANK49_RECORD239_CENSUS.csv,4,RIV-USE-PORTRAIT239-116;RIV-USE-PORTRAIT239-117;RIV-USE-PORTRAIT239-118;RIV-USE-PORTRAIT239-119,RIV-CONS-725E55;RIV-CONS-725F05,False,0,NO_FLAG,NOT_VALIDATED_I03,NOT_VALIDATED_I03,NOT_EXECUTED_I03,NOT_ESTABLISHED_I03,NOT_APPROVED_BY_CENSUS
RIV-LZ-4DC6C2,LZ,0x4DC6C2,0x4DD2EC,0x4D,0xC6C2,3114,afd1ed5fcad24fda25658afb7b2ed10a3ad3d94252c83fc6fd1a1bab7e26b1ec,True,N/A,,S418_5F05_BANK49_RECORD239_CENSUS.csv,4,RIV-USE-PORTRAIT239-120;RIV-USE-PORTRAIT239-121;RIV-USE-PORTRAIT239-122;RIV-USE-PORTRAIT239-123,RIV-CONS-725E55;RIV-CONS-725F05,False,0,NO_FLAG,NOT_VALIDATED_I03,NOT_VALIDATED_I03,NOT_EXECUTED_I03,NOT_ESTABLISHED_I03,NOT_APPROVED_BY_CENSUS
RIV-LZ-4DD2EC,LZ,0x4DD2EC,0x4DDD04,0x4D,0xD2EC,2584,20167296cfce87c431396d3ecc34aecfd3524034391bdd2fa3ad44ee08e84070,True,N/A,,S418_5F05_BANK49_RECORD239_CENSUS.csv,1,RIV-USE-PORTRAIT239-124,RIV-CONS-725E55;RIV-CONS-725F05,False,0,NO_FLAG,NOT_VALIDATED_I03,NOT_VALIDATED_I03,NOT_EXECUTED_I03,NOT_ESTABLISHED_I03,NOT_APPROVED_BY_CENSUS
RIV-LZ-4DDD04,LZ,0x4DDD04,0x4DE8AF,0x4D,0xDD04,2987,2ebd86b1e173634e4841ecc6292323de64ea7a9443cdaf89afba03c1755752f9,True,N/A,,S418_5F05_BANK49_RECORD239_CENSUS.csv,4,RIV-USE-PORTRAIT239-125;RIV-USE-PORTRAIT239-126;RIV-USE-PORTRAIT239-127;RIV-USE-PORTRAIT239-128,RIV-CONS-725E55;RIV-CONS-725F05,False,0,NO_FLAG,NOT_VALIDATED_I03,NOT_VALIDATED_I03,NOT_EXECUTED_I03,NOT_ESTABLISHED_I03,NOT_APPROVED_BY_CENSUS
RIV-LZ-4DE8B0,LZ,0x4DE8B0,0x4DF4E5,0x4D,0xE8B0,3125,a616aa9aeb8bb8c7cb4daac1bd69ca2a63c51e7dddfd1e6877b5f7bc896932df,True,N/A,,S418_5F05_BANK49_RECORD239_CENSUS.csv,4,RIV-USE-PORTRAIT239-129;RIV-USE-PORTRAIT239-130;RIV-USE-PORTRAIT239-131;RIV-USE-PORTRAIT239-132,RIV-CONS-725E55;RIV-CONS-725F05,False,0,NO_FLAG,NOT_VALIDATED_I03,NOT_VALIDATED_I03,NOT_EXECUTED_I03,NOT_ESTABLISHED_I03,NOT_APPROVED_BY_CENSUS
RIV-LZ-4DF4E6,LZ,0x4DF4E6,0x4DFE9D,0x4D,0xF4E6,2487,be74fa63ff672d326f9378fca8c07beab6fc985148de8dc636366fcdcea0f172,True,N/A,,S418_5F05_BANK49_RECORD239_CENSUS.csv,4,RIV-USE-PORTRAIT239-133;RIV-USE-PORTRAIT239-134;RIV-USE-PORTRAIT239-135;RIV-USE-PORTRAIT239-136,RIV-CONS-725E55;RIV-CONS-725F05,False,0,NO_FLAG,NOT_VALIDATED_I03,NOT_VALIDATED_I03,NOT_EXECUTED_I03,NOT_ESTABLISHED_I03,NOT_APPROVED_BY_CENSUS
RIV-LZ-4E0000,LZ,0x4E0000,0x4E0D3D,0x4E,0x0000,3389,74731bbd4d79a6f616d353e2c7a75e9a602f24f2ff74f6a78fd83c900a09c181,True,N/A,,S418_5F05_BANK49_RECORD239_CENSUS.csv,4,RIV-USE-PORTRAIT239-137;RIV-USE-PORTRAIT239-138;RIV-USE-PORTRAIT239-139;RIV-USE-PORTRAIT239-140,RIV-CONS-725E55;RIV-CONS-725F05,False,0,NO_FLAG,NOT_VALIDATED_I03,NOT_VALIDATED_I03,NOT_EXECUTED_I03,NOT_ESTABLISHED_I03,NOT_APPROVED_BY_CENSUS
RIV-LZ-4E0D3E,LZ,0x4E0D3E,0x4E198E,0x4E,0x0D3E,3152,26ff845a3ceee6006dd136a2486446050fe5d655320279c267e69d7e7de55df7,True,N/A,,S418_5F05_BANK49_RECORD239_CENSUS.csv,5,RIV-USE-PORTRAIT239-141;RIV-USE-PORTRAIT239-142;RIV-USE-PORTRAIT239-143;RIV-USE-PORTRAIT239-144;RIV-USE-PORTRAIT239-145,RIV-CONS-725E55;RIV-CONS-725F05,False,0,NO_FLAG,NOT_VALIDATED_I03,NOT_VALIDATED_I03,NOT_EXECUTED_I03,NOT_ESTABLISHED_I03,NOT_APPROVED_BY_CENSUS
RIV-LZ-4E198E,LZ,0x4E198E,0x4E2438,0x4E,0x198E,2730,13370033b1e4696e49f807b0e241d7ec6fd1cb05e6901f0718854aae27c72513,True,N/A,,S418_5F05_BANK49_RECORD239_CENSUS.csv,4,RIV-USE-PORTRAIT239-146;RIV-USE-PORTRAIT239-147;RIV-USE-PORTRAIT239-148;RIV-USE-PORTRAIT239-149,RIV-CONS-725E55;RIV-CONS-725F05,False,0,NO_FLAG,NOT_VALIDATED_I03,NOT_VALIDATED_I03,NOT_EXECUTED_I03,NOT_ESTABLISHED_I03,NOT_APPROVED_BY_CENSUS
RIV-LZ-4E2438,LZ,0x4E2438,0x4E2FF4,0x4E,0x2438,3004,ecd0642ddd644d5654ea6ad851aa3f681755e4274c95e0127a946542d1bc591d,True,N/A,,S418_5F05_BANK49_RECORD239_CENSUS.csv,4,RIV-USE-PORTRAIT239-150;RIV-USE-PORTRAIT239-151;RIV-USE-PORTRAIT239-152;RIV-USE-PORTRAIT239-153,RIV-CONS-725E55;RIV-CONS-725F05,False,0,NO_FLAG,NOT_VALIDATED_I03,NOT_VALIDATED_I03,NOT_EXECUTED_I03,NOT_ESTABLISHED_I03,NOT_APPROVED_BY_CENSUS
RIV-LZ-4E2FF4,LZ,0x4E2FF4,0x4E393B,0x4E,0x2FF4,2375,1162e446b0fb44b7c13ae72ed25d8d114e2760068b8af89b0b707c0cef290d35,True,N/A,,S418_5F05_BANK49_RECORD239_CENSUS.csv,4,RIV-USE-PORTRAIT239-154;RIV-USE-PORTRAIT239-155;RIV-USE-PORTRAIT239-156;RIV-USE-PORTRAIT239-157,RIV-CONS-725E55;RIV-CONS-725F05,False,0,NO_FLAG,NOT_VALIDATED_I03,NOT_VALIDATED_I03,NOT_EXECUTED_I03,NOT_ESTABLISHED_I03,NOT_APPROVED_BY_CENSUS
RIV-LZ-4E393C,LZ,0x4E393C,0x4E439A,0x4E,0x393C,2654,145fa394a5afa8e893585a8ace1e81994b5b15dd110062badd3fc08a20bc5c10,True,N/A,,S418_5F05_BANK49_RECORD239_CENSUS.csv,4,RIV-USE-PORTRAIT239-158;RIV-USE-PORTRAIT239-159;RIV-USE-PORTRAIT239-160;RIV-USE-PORTRAIT239-161,RIV-CONS-725E55;RIV-CONS-725F05,False,0,NO_FLAG,NOT_VALIDATED_I03,NOT_VALIDATED_I03,NOT_EXECUTED_I03,NOT_ESTABLISHED_I03,NOT_APPROVED_BY_CENSUS
RIV-LZ-4E439A,LZ,0x4E439A,0x4E4F6E,0x4E,0x439A,3028,c8134b328f5e0b6a780789101d3c780e0bf85b1bf0f9241a361c80ede1afc00e,True,N/A,,S418_5F05_BANK49_RECORD239_CENSUS.csv,4,RIV-USE-PORTRAIT239-162;RIV-USE-PORTRAIT239-163;RIV-USE-PORTRAIT239-164;RIV-USE-PORTRAIT239-165,RIV-CONS-725E55;RIV-CONS-725F05,False,0,NO_FLAG,NOT_VALIDATED_I03,NOT_VALIDATED_I03,NOT_EXECUTED_I03,NOT_ESTABLISHED_I03,NOT_APPROVED_BY_CENSUS
RIV-LZ-4E4F6E,LZ,0x4E4F6E,0x4E5B5D,0x4E,0x4F6E,3055,63ba5e73df285e3ef17a3d44276571ed8bac5210e24e5942e901e10d0eb3778f,True,N/A,,S418_5F05_BANK49_RECORD239_CENSUS.csv,4,RIV-USE-PORTRAIT239-166;RIV-USE-PORTRAIT239-167;RIV-USE-PORTRAIT239-168;RIV-USE-PORTRAIT239-169,RIV-CONS-725E55;RIV-CONS-725F05,False,0,NO_FLAG,NOT_VALIDATED_I03,NOT_VALIDATED_I03,NOT_EXECUTED_I03,NOT_ESTABLISHED_I03,NOT_APPROVED_BY_CENSUS
RIV-LZ-4E5B5E,LZ,0x4E5B5E,0x4E6835,0x4E,0x5B5E,3287,282ac33038cdbba209e1204bbc064b3defb2c41c622b919e81d9a1deb16bc5c6,True,N/A,,S418_5F05_BANK49_RECORD239_CENSUS.csv,4,RIV-USE-PORTRAIT239-170;RIV-USE-PORTRAIT239-171;RIV-USE-PORTRAIT239-172;RIV-USE-PORTRAIT239-173,RIV-CONS-725E55;RIV-CONS-725F05,False,0,NO_FLAG,NOT_VALIDATED_I03,NOT_VALIDATED_I03,NOT_EXECUTED_I03,NOT_ESTABLISHED_I03,NOT_APPROVED_BY_CENSUS
RIV-LZ-4E6836,LZ,0x4E6836,0x4E74BC,0x4E,0x6836,3206,0d30aaa674e506891e9ee37b6e42223bf35cc7cf6b676882cd571cefb84e1d18,True,N/A,,S418_5F05_BANK49_RECORD239_CENSUS.csv,4,RIV-USE-PORTRAIT239-174;RIV-USE-PORTRAIT239-175;RIV-USE-PORTRAIT239-176;RIV-USE-PORTRAIT239-177,RIV-CONS-725E55;RIV-CONS-725F05,False,0,NO_FLAG,NOT_VALIDATED_I03,NOT_VALIDATED_I03,NOT_EXECUTED_I03,NOT_ESTABLISHED_I03,NOT_APPROVED_BY_CENSUS
RIV-LZ-4E74BC,LZ,0x4E74BC,0x4E7EC3,0x4E,0x74BC,2567,166628d6a95decb8a3f073e8f79a42d60cce94c5ff0de40a082317ecf0d106dc,True,N/A,,S418_5F05_BANK49_RECORD239_CENSUS.csv,4,RIV-USE-PORTRAIT239-178;RIV-USE-PORTRAIT239-179;RIV-USE-PORTRAIT239-180;RIV-USE-PORTRAIT239-181,RIV-CONS-725E55;RIV-CONS-725F05,False,0,NO_FLAG,NOT_VALIDATED_I03,NOT_VALIDATED_I03,NOT_EXECUTED_I03,NOT_ESTABLISHED_I03,NOT_APPROVED_BY_CENSUS
RIV-LZ-4E7EC4,LZ,0x4E7EC4,0x4E8638,0x4E,0x7EC4,1908,40f015fe450d36b7d4129ec72acc0c7a0035d1cb905e34bd4647dff14240b885,True,N/A,,S418_5F05_BANK49_RECORD239_CENSUS.csv,6,RIV-USE-PORTRAIT239-182;RIV-USE-PORTRAIT239-183;RIV-USE-PORTRAIT239-184;RIV-USE-PORTRAIT239-185;RIV-USE-PORTRAIT239-186;RIV-USE-PORTRAIT239-187,RIV-CONS-725E55;RIV-CONS-725F05,False,0,NO_FLAG,NOT_VALIDATED_I03,NOT_VALIDATED_I03,NOT_EXECUTED_I03,NOT_ESTABLISHED_I03,NOT_APPROVED_BY_CENSUS
RIV-LZ-4E8638,LZ,0x4E8638,0x4E9053,0x4E,0x8638,2587,77a7d3d68392aa79e862cbb402c2dc54c3d541af1cd38da8a1531a1c63c583f9,True,N/A,,S418_5F05_BANK49_RECORD239_CENSUS.csv,6,RIV-USE-PORTRAIT239-188;RIV-USE-PORTRAIT239-189;RIV-USE-PORTRAIT239-190;RIV-USE-PORTRAIT239-191;RIV-USE-PORTRAIT239-192;RIV-USE-PORTRAIT239-193,RIV-CONS-725E55;RIV-CONS-725F05,False,0,NO_FLAG,NOT_VALIDATED_I03,NOT_VALIDATED_I03,NOT_EXECUTED_I03,NOT_ESTABLISHED_I03,NOT_APPROVED_BY_CENSUS
RIV-LZ-4E9054,LZ,0x4E9054,0x4E9C4D,0x4E,0x9054,3065,3f6b53ec7b5e422c50987cdc54f3521e789002ddd9ba0141ed0494714948c0b2,True,N/A,,S418_5F05_BANK49_RECORD239_CENSUS.csv,6,RIV-USE-PORTRAIT239-194;RIV-USE-PORTRAIT239-195;RIV-USE-PORTRAIT239-196;RIV-USE-PORTRAIT239-197;RIV-USE-PORTRAIT239-198;RIV-USE-PORTRAIT239-199,RIV-CONS-725E55;RIV-CONS-725F05,False,0,NO_FLAG,NOT_VALIDATED_I03,NOT_VALIDATED_I03,NOT_EXECUTED_I03,NOT_ESTABLISHED_I03,NOT_APPROVED_BY_CENSUS
RIV-LZ-4E9C4E,LZ,0x4E9C4E,0x4EA6DE,0x4E,0x9C4E,2704,e4ada5d4343078adec41eb5279f2298f6c35c9d3cdeaf4759827874b607b1378,True,N/A,,S418_5F05_BANK49_RECORD239_CENSUS.csv,4,RIV-USE-PORTRAIT239-200;RIV-USE-PORTRAIT239-201;RIV-USE-PORTRAIT239-202;RIV-USE-PORTRAIT239-203,RIV-CONS-725E55;RIV-CONS-725F05,False,0,NO_FLAG,NOT_VALIDATED_I03,NOT_VALIDATED_I03,NOT_EXECUTED_I03,NOT_ESTABLISHED_I03,NOT_APPROVED_BY_CENSUS
RIV-LZ-4EA6DE,LZ,0x4EA6DE,0x4EB233,0x4E,0xA6DE,2901,eeab2faa73aba2cb3d345fe90df16ed2dfc444becf331d107c40cd3b40bdc5c6,True,N/A,,S418_5F05_BANK49_RECORD239_CENSUS.csv,7,RIV-USE-PORTRAIT239-204;RIV-USE-PORTRAIT239-205;RIV-USE-PORTRAIT239-206;RIV-USE-PORTRAIT239-207;RIV-USE-PORTRAIT239-208;RIV-USE-PORTRAIT239-209;RIV-USE-PORTRAIT239-210,RIV-CONS-725E55;RIV-CONS-725F05,False,0,NO_FLAG,NOT_VALIDATED_I03,NOT_VALIDATED_I03,NOT_EXECUTED_I03,NOT_ESTABLISHED_I03,NOT_APPROVED_BY_CENSUS
RIV-LZ-4EB234,LZ,0x4EB234,0x4EBD2C,0x4E,0xB234,2808,c0007e29b9795af9335d4765568ee2992bf9d3af9a740e18f1d59ff44ff7defa,True,N/A,,S418_5F05_BANK49_RECORD239_CENSUS.csv,4,RIV-USE-PORTRAIT239-211;RIV-USE-PORTRAIT239-212;RIV-USE-PORTRAIT239-213;RIV-USE-PORTRAIT239-214,RIV-CONS-725E55;RIV-CONS-725F05,False,0,NO_FLAG,NOT_VALIDATED_I03,NOT_VALIDATED_I03,NOT_EXECUTED_I03,NOT_ESTABLISHED_I03,NOT_APPROVED_BY_CENSUS
RIV-LZ-4EBD2C,LZ,0x4EBD2C,0x4EC849,0x4E,0xBD2C,2845,cd4f4a5af06421795de3e6c7657e2622796bd6e3ffe84f8004aed195942d1e56,True,N/A,,S418_5F05_BANK49_RECORD239_CENSUS.csv,2,RIV-USE-PORTRAIT239-215;RIV-USE-PORTRAIT239-216,RIV-CONS-725E55;RIV-CONS-725F05,False,0,NO_FLAG,NOT_VALIDATED_I03,NOT_VALIDATED_I03,NOT_EXECUTED_I03,NOT_ESTABLISHED_I03,NOT_APPROVED_BY_CENSUS
RIV-LZ-4EC88A,LZ,0x4EC88A,0x4ED48F,0x4E,0xC88A,3077,3bca6dba0ce3e7ac6978321003496c1ed0c70483dccdc6ec4e87e7498c745f02,True,N/A,,S418_5F05_BANK49_RECORD239_CENSUS.csv,3,RIV-USE-PORTRAIT239-217;RIV-USE-PORTRAIT239-218;RIV-USE-PORTRAIT239-219,RIV-CONS-725E55;RIV-CONS-725F05,False,0,NO_FLAG,NOT_VALIDATED_I03,NOT_VALIDATED_I03,NOT_EXECUTED_I03,NOT_ESTABLISHED_I03,NOT_APPROVED_BY_CENSUS
RIV-LZ-4ED4F0,LZ,0x4ED4F0,0x4EE03E,0x4E,0xD4F0,2894,dc5466317532c415483562314430ca3582f99db138d671ff7cb1d7634b44592b,True,N/A,,S418_5F05_BANK49_RECORD239_CENSUS.csv,2,RIV-USE-PORTRAIT239-220;RIV-USE-PORTRAIT239-221,RIV-CONS-725E55;RIV-CONS-725F05,False,0,NO_FLAG,NOT_VALIDATED_I03,NOT_VALIDATED_I03,NOT_EXECUTED_I03,NOT_ESTABLISHED_I03,NOT_APPROVED_BY_CENSUS
RIV-LZ-4EE07E,LZ,0x4EE07E,0x4EEAA6,0x4E,0xE07E,2600,6c1d7f93785e07f054231de5b1332a55b89152a565e218f6a1152db0e96edae6,True,N/A,,S418_5F05_BANK49_RECORD239_CENSUS.csv,3,RIV-USE-PORTRAIT239-222;RIV-USE-PORTRAIT239-223;RIV-USE-PORTRAIT239-224,RIV-CONS-725E55;RIV-CONS-725F05,False,0,NO_FLAG,NOT_VALIDATED_I03,NOT_VALIDATED_I03,NOT_EXECUTED_I03,NOT_ESTABLISHED_I03,NOT_APPROVED_BY_CENSUS
RIV-LZ-4EEB06,LZ,0x4EEB06,0x4EF7D6,0x4E,0xEB06,3280,a875795498028718d255ceb27fc1a27ec1eafc72cc8d31a79e1d7d3c5cc4c8e7,True,N/A,,S418_5F05_BANK49_RECORD239_CENSUS.csv,2,RIV-USE-PORTRAIT239-225;RIV-USE-PORTRAIT239-226,RIV-CONS-725E55;RIV-CONS-725F05,False,0,NO_FLAG,NOT_VALIDATED_I03,NOT_VALIDATED_I03,NOT_EXECUTED_I03,NOT_ESTABLISHED_I03,NOT_APPROVED_BY_CENSUS
RIV-LZ-4F0000,LZ,0x4F0000,0x4F0C7D,0x4F,0x0000,3197,c60679e4c304db9bd890aa5547ab1982b676cdf7cdb3f926f4ea6e4f7167af79,True,N/A,,S418_5F05_BANK49_RECORD239_CENSUS.csv,2,RIV-USE-PORTRAIT239-227;RIV-USE-PORTRAIT239-228,RIV-CONS-725E55;RIV-CONS-725F05,False,0,NO_FLAG,NOT_VALIDATED_I03,NOT_VALIDATED_I03,NOT_EXECUTED_I03,NOT_ESTABLISHED_I03,NOT_APPROVED_BY_CENSUS
RIV-LZ-4F0CBE,LZ,0x4F0CBE,0x4F1871,0x4F,0x0CBE,2995,b43a4ab1b65e9b68edc6950ecf6d4e7068013afd16ca6259d76c4c561ec87d2b,True,N/A,,S418_5F05_BANK49_RECORD239_CENSUS.csv,2,RIV-USE-PORTRAIT239-229;RIV-USE-PORTRAIT239-230,RIV-CONS-725E55;RIV-CONS-725F05,False,0,NO_FLAG,NOT_VALIDATED_I03,NOT_VALIDATED_I03,NOT_EXECUTED_I03,NOT_ESTABLISHED_I03,NOT_APPROVED_BY_CENSUS
RIV-RAW-4F18B2,RAW,0x4F18B2,0x4F18D2,0x4F,0x18B2,32,cb83d07b840622db45f51268ea689e81e5c19c84bf885cbaa21e50c9a90194e9,True,N/A,,,0,,,False,0,NO_FLAG,NOT_INDEXED,NOT_REVIEWED,NOT_EXECUTED_I05,NOT_DETERMINED_BY_HASH,NOT_INDEXED
RIV-RAW-4F18D2,RAW,0x4F18D2,0x4F19D2,0x4F,0x18D2,256,377d2df5e811bfb1e319aa89a3ab8ba9ee5d5e30d96e875861037404f9d0a0f7,True,N/A,,,0,,,False,0,NO_FLAG,NOT_INDEXED,NOT_REVIEWED,NOT_EXECUTED_I05,NOT_DETERMINED_BY_HASH,NOT_INDEXED
RIV-RAW-4F19D2,RAW,0x4F19D2,0x4F1AD2,0x4F,0x19D2,256,b13e2ff101f440c4eb461f30ad95c3ef61a5c6fd13a928dc2eb7cd756cb2558e,True,N/A,,,0,,,False,0,NO_FLAG,NOT_INDEXED,NOT_REVIEWED,NOT_EXECUTED_I05,NOT_DETERMINED_BY_HASH,NOT_INDEXED
RIV-RAW-4F1AD2,RAW,0x4F1AD2,0x4F1B52,0x4F,0x1AD2,128,d6c427fc4b6e2caa42d406d5193d3da250d4883a6e7702ac71af575ebefc96e0,True,N/A,,,0,,,False,0,NO_FLAG,NOT_INDEXED,NOT_REVIEWED,NOT_EXECUTED_I05,NOT_DETERMINED_BY_HASH,NOT_INDEXED
RIV-RAW-4F1B52,RAW,0x4F1B52,0x4F1BD2,0x4F,0x1B52,128,b784c7f736ec8e358576fc5bfda173516569843146afbdb5c52ac1c8d7b47d02,True,N/A,,,0,,,False,0,NO_FLAG,NOT_INDEXED,NOT_REVIEWED,NOT_EXECUTED_I05,NOT_DETERMINED_BY_HASH,NOT_INDEXED
RIV-RAW-4F1BD2,RAW,0x4F1BD2,0x4F1C52,0x4F,0x1BD2,128,59b8f8bf383012f16fdb267ed9e107b39930941f649258f662ee95262a53e65a,True,N/A,,,0,,,False,0,NO_FLAG,NOT_INDEXED,NOT_REVIEWED,NOT_EXECUTED_I05,NOT_DETERMINED_BY_HASH,NOT_INDEXED
RIV-RAW-4F1C52,RAW,0x4F1C52,0x4F1CD2,0x4F,0x1C52,128,733a4157e11f6be33f3d9feee210d7c6f68a10f8180d3eab52c739c77ce24820,True,N/A,,,0,,,False,0,NO_FLAG,NOT_INDEXED,NOT_REVIEWED,NOT_EXECUTED_I05,NOT_DETERMINED_BY_HASH,NOT_INDEXED
RIV-RAW-4F1CD2,RAW,0x4F1CD2,0x4F1D52,0x4F,0x1CD2,128,95258db362f48d35a189d827f2b6c85faa72ebafceaa1cfe84a90a0a6f98a4d7,True,N/A,,,0,,,False,0,NO_FLAG,NOT_INDEXED,NOT_REVIEWED,NOT_EXECUTED_I05,NOT_DETERMINED_BY_HASH,NOT_INDEXED
RIV-RAW-4F1D52,RAW,0x4F1D52,0x4F1DD2,0x4F,0x1D52,128,d951bb5913f3938c7439a124166319857337bd5efcd96cd650a14307e10174ab,True,N/A,,,0,,,False,0,NO_FLAG,NOT_INDEXED,NOT_REVIEWED,NOT_EXECUTED_I05,NOT_DETERMINED_BY_HASH,NOT_INDEXED
RIV-LZ-4F1DF2,LZ,0x4F1DF2,0x4F1F21,0x4F,0x1DF2,303,44ac73bcd5d86f9d0c7697d7238beec5f921b3442915b8f8874c8533f2847cac,True,N/A,Item,S415_RESOURCE_TABLE_CENSUS_TARGET_147.csv,1,RIV-USE-GFX147-0,RIV-CONS-721B1C,False,24,NO_FLAG,NOT_VALIDATED_I03,NOT_VALIDATED_I03,NOT_EXECUTED_I03,SOURCE_LABEL_AVAILABLE,NOT_APPROVED_BY_CENSUS
RIV-LZ-4F1F22,LZ,0x4F1F22,0x4F20F7,0x4F,0x1F22,469,f263b35daf22a93b39427efd1940120e3dad550d40a1540dd2408fc3c4acaa7a,True,N/A,Item Data,S415_RESOURCE_TABLE_CENSUS_TARGET_147.csv,1,RIV-USE-GFX147-1,RIV-CONS-721B1C,False,51,NO_FLAG,NOT_VALIDATED_I03,NOT_VALIDATED_I03,NOT_EXECUTED_I03,SOURCE_LABEL_AVAILABLE,NOT_APPROVED_BY_CENSUS
RIV-LZ-4F20F8,LZ,0x4F20F8,0x4F22E2,0x4F,0x20F8,490,b3abbf79305b7b92854c955e7897b968f6be4c70210ce51b24a28b21c613c6a7,True,N/A,Event Item,S415_RESOURCE_TABLE_CENSUS_TARGET_147.csv,1,RIV-USE-GFX147-2,RIV-CONS-721B1C,False,57,NO_FLAG,NOT_VALIDATED_I03,NOT_VALIDATED_I03,NOT_EXECUTED_I03,SOURCE_LABEL_AVAILABLE,NOT_APPROVED_BY_CENSUS
RIV-LZ-4F22E2,LZ,0x4F22E2,0x4F2488,0x4F,0x22E2,422,3e23e5d958f6902c4787289b5cb928d98a025ce331b0ddbb97ef891ef41bbaad,True,N/A,Status,S415_RESOURCE_TABLE_CENSUS_TARGET_147.csv,1,RIV-USE-GFX147-3,RIV-CONS-721B1C,False,36,NO_FLAG,NOT_VALIDATED_I03,NOT_VALIDATED_I03,NOT_EXECUTED_I03,SOURCE_LABEL_AVAILABLE,NOT_APPROVED_BY_CENSUS
RIV-LZ-4F2488,LZ,0x4F2488,0x4F25FE,0x4F,0x2488,374,9d2c62f2ddb120c68cbfadc69aea5cb84dd7e82e950e389ac7f2e06df8502f14,True,N/A,Score,S415_RESOURCE_TABLE_CENSUS_TARGET_147.csv,1,RIV-USE-GFX147-4,RIV-CONS-721B1C,False,30,NO_FLAG,NOT_VALIDATED_I03,NOT_VALIDATED_I03,NOT_EXECUTED_I03,SOURCE_LABEL_AVAILABLE,NOT_APPROVED_BY_CENSUS
RIV-LZ-4F25FE,LZ,0x4F25FE,0x4F2720,0x4F,0x25FE,290,23fc8283224ca5d2b21fe0e97397f620ba257537bffebebebc6a48e4cad4fa61,True,N/A,Exit,S415_RESOURCE_TABLE_CENSUS_TARGET_147.csv,1,RIV-USE-GFX147-5,RIV-CONS-721B1C,False,24,NO_FLAG,NOT_VALIDATED_I03,NOT_VALIDATED_I03,NOT_EXECUTED_I03,SOURCE_LABEL_AVAILABLE,NOT_APPROVED_BY_CENSUS
RIV-LZ-4F2720,LZ,0x4F2720,0x4F28DF,0x4F,0x2720,447,9f928a7bda444bc7635cd18b22f9a2b86437d08089a641794d9a87243f910872,True,N/A,Item Edit,S415_RESOURCE_TABLE_CENSUS_TARGET_147.csv,1,RIV-USE-GFX147-6,RIV-CONS-721B1C,False,51,NO_FLAG,NOT_VALIDATED_I03,NOT_VALIDATED_I03,NOT_EXECUTED_I03,SOURCE_LABEL_AVAILABLE,NOT_APPROVED_BY_CENSUS
RIV-LZ-4F28E0,LZ,0x4F28E0,0x4F2B03,0x4F,0x28E0,547,63b64168f07e9186da4b7984b07b4f28eb8affc2a8d115dc1f7c1df286906544,True,N/A,Item Select,S415_RESOURCE_TABLE_CENSUS_TARGET_147.csv,1,RIV-USE-GFX147-7,RIV-CONS-721B1C,False,63,NO_FLAG,NOT_VALIDATED_I03,NOT_VALIDATED_I03,NOT_EXECUTED_I03,SOURCE_LABEL_AVAILABLE,NOT_APPROVED_BY_CENSUS
RIV-LZ-4F2B04,LZ,0x4F2B04,0x4F2D7C,0x4F,0x2B04,632,6d8f0194702c8607eca4f238c68d38b0ba52fd0e064d15ea50172332293c0fb7,True,N/A,Position Shift,S415_RESOURCE_TABLE_CENSUS_TARGET_147.csv,1,RIV-USE-GFX147-8,RIV-CONS-721B1C,False,81,NO_FLAG,NOT_VALIDATED_I03,NOT_VALIDATED_I03,NOT_EXECUTED_I03,SOURCE_LABEL_AVAILABLE,NOT_APPROVED_BY_CENSUS
RIV-LZ-4F2D7C,LZ,0x4F2D7C,0x4F2F13,0x4F,0x2D7C,407,e38b5e5dfc97934c120c98b33ef0306c48e47766f76f718871414aed83268597,True,N/A,Escape,S415_RESOURCE_TABLE_CENSUS_TARGET_147.csv,1,RIV-USE-GFX147-9,RIV-CONS-721B1C,False,36,NO_FLAG,NOT_VALIDATED_I03,NOT_VALIDATED_I03,NOT_EXECUTED_I03,SOURCE_LABEL_AVAILABLE,NOT_APPROVED_BY_CENSUS
RIV-LZ-4F2F14,LZ,0x4F2F14,0x4F3115,0x4F,0x2F14,513,ddd967abea0ba8bc9d24fc7f646d590dc9dedea91f02ae859db294e8f549edf9,True,N/A,Continue,S415_RESOURCE_TABLE_CENSUS_TARGET_147.csv,1,RIV-USE-GFX147-10,RIV-CONS-721B1C,False,48,NO_FLAG,NOT_VALIDATED_I03,NOT_VALIDATED_I03,NOT_EXECUTED_I03,SOURCE_LABEL_AVAILABLE,NOT_APPROVED_BY_CENSUS
RIV-LZ-4F3116,LZ,0x4F3116,0x4F3261,0x4F,0x3116,331,d169024ea4035d3fabd4ce880a4a32e5ca729cc15062b4ff5f654ec262d540aa,True,N/A,Save,S415_RESOURCE_TABLE_CENSUS_TARGET_147.csv,1,RIV-USE-GFX147-11,RIV-CONS-721B1C,False,24,NO_FLAG,NOT_VALIDATED_I03,NOT_VALIDATED_I03,NOT_EXECUTED_I03,SOURCE_LABEL_AVAILABLE,NOT_APPROVED_BY_CENSUS
RIV-LZ-4F3262,LZ,0x4F3262,0x4F3476,0x4F,0x3262,532,7844efc63ddcf5aad50be2b1ea996a1a660934de4b8f4303c21e25850ab647d6,True,N/A,Battle Item,S415_RESOURCE_TABLE_CENSUS_TARGET_147.csv,1,RIV-USE-GFX147-12,RIV-CONS-721B1C,False,63,NO_FLAG,NOT_VALIDATED_I03,NOT_VALIDATED_I03,NOT_EXECUTED_I03,SOURCE_LABEL_AVAILABLE,NOT_APPROVED_BY_CENSUS
RIV-LZ-4F3476,LZ,0x4F3476,0x4F3624,0x4F,0x3476,430,81ea4edb5eefde53122887e4b5449c886fc5f465e0ba6595d2d9770307916af3,True,N/A,Delete,S415_RESOURCE_TABLE_CENSUS_TARGET_147.csv,1,RIV-USE-GFX147-13,RIV-CONS-721B1C,False,36,NO_FLAG,NOT_VALIDATED_I03,NOT_VALIDATED_I03,NOT_EXECUTED_I03,SOURCE_LABEL_AVAILABLE,NOT_APPROVED_BY_CENSUS
RIV-LZ-4F3624,LZ,0x4F3624,0x4F37B0,0x4F,0x3624,396,fe9bc6f11c8370c23663cec303ac1b5599b542dda5e36b9a5c9ad97caf97ed91,True,N/A,Config,S415_RESOURCE_TABLE_CENSUS_TARGET_147.csv,1,RIV-USE-GFX147-14,RIV-CONS-721B1C,False,36,NO_FLAG,NOT_VALIDATED_I03,NOT_VALIDATED_I03,NOT_EXECUTED_I03,SOURCE_LABEL_AVAILABLE,NOT_APPROVED_BY_CENSUS
RIV-LZ-4F37B0,LZ,0x4F37B0,0x4F3909,0x4F,0x37B0,345,d8eb843b74efd84d6763f737f590124fe889b5d97f3470a08cc6cd48f482d8c8,True,N/A,Extra,S415_RESOURCE_TABLE_CENSUS_TARGET_147.csv,1,RIV-USE-GFX147-15,RIV-CONS-721B1C,False,30,NO_FLAG,NOT_VALIDATED_I03,NOT_VALIDATED_I03,NOT_EXECUTED_I03,SOURCE_LABEL_AVAILABLE,NOT_APPROVED_BY_CENSUS
RIV-LZ-4F390A,LZ,0x4F390A,0x4F3A49,0x4F,0x390A,319,8c00a4e86957744792830c43027b1b85e03b4d6401d25f06d172c1fe9c62512b,True,N/A,Close,S415_RESOURCE_TABLE_CENSUS_TARGET_147.csv,1,RIV-USE-GFX147-16,RIV-CONS-721B1C,False,30,NO_FLAG,NOT_VALIDATED_I03,NOT_VALIDATED_I03,NOT_EXECUTED_I03,SOURCE_LABEL_AVAILABLE,NOT_APPROVED_BY_CENSUS
RIV-LZ-4F3A4A,LZ,0x4F3A4A,0x4F3BA7,0x4F,0x3A4A,349,ed0f435458c8d663286485167abad44720f7c10205504c2ac53026b305ede757,True,N/A,CG GALLERY,S415_RESOURCE_TABLE_CENSUS_TARGET_147.csv,1,RIV-USE-GFX147-137,RIV-CONS-721B1C,False,57,NO_FLAG,NOT_VALIDATED_I03,NOT_VALIDATED_I03,NOT_EXECUTED_I03,SOURCE_LABEL_AVAILABLE,NOT_APPROVED_BY_CENSUS
RIV-LZ-4F3C32,LZ,0x4F3C32,0x4F3D9F,0x4F,0x3C32,365,25dae777ce715cc2e7aa0d1666ca9f00214f637016d8c023f2e81833e6563a76,True,N/A,ITEM MANUAL,S415_RESOURCE_TABLE_CENSUS_TARGET_147.csv,1,RIV-USE-GFX147-138,RIV-CONS-721B1C,False,63,NO_FLAG,NOT_VALIDATED_I03,NOT_VALIDATED_I03,NOT_EXECUTED_I03,SOURCE_LABEL_AVAILABLE,NOT_APPROVED_BY_CENSUS
RIV-LZ-4F3E0E,LZ,0x4F3E0E,0x4F3FCB,0x4F,0x3E0E,445,a12ba70fd4fe55129db479d4f693109ad042cad3b1f8d7156a78680dec0ddc9b,True,N/A,SOUND MODE,S415_RESOURCE_TABLE_CENSUS_TARGET_147.csv,1,RIV-USE-GFX147-139,RIV-CONS-721B1C,False,57,NO_FLAG,NOT_VALIDATED_I03,NOT_VALIDATED_I03,NOT_EXECUTED_I03,SOURCE_LABEL_AVAILABLE,NOT_APPROVED_BY_CENSUS
RIV-LZ-4F3FD6,LZ,0x4F3FD6,0x4F413E,0x4F,0x3FD6,360,ff36d0c4d1113e946ed0a6a163ca461d0fa4d595c86ad8d246e4d49213953ea5,True,N/A,HIGH SCORE,S415_RESOURCE_TABLE_CENSUS_TARGET_147.csv,1,RIV-USE-GFX147-140,RIV-CONS-721B1C,False,57,NO_FLAG,NOT_VALIDATED_I03,NOT_VALIDATED_I03,NOT_EXECUTED_I03,SOURCE_LABEL_AVAILABLE,NOT_APPROVED_BY_CENSUS
RIV-LZ-4F423E,LZ,0x4F423E,0x4F442F,0x4F,0x423E,497,54f80f4504e9fee3998b1d679c19dd4fdd1f825b207f2da329000edd7b2f5696,True,N/A,FACE COLLECTION,S415_RESOURCE_TABLE_CENSUS_TARGET_147.csv,1,RIV-USE-GFX147-141,RIV-CONS-721B1C,False,87,NO_FLAG,NOT_VALIDATED_I03,NOT_VALIDATED_I03,NOT_EXECUTED_I03,SOURCE_LABEL_AVAILABLE,NOT_APPROVED_BY_CENSUS
RIV-LZ-4F450A,LZ,0x4F450A,0x4F4664,0x4F,0x450A,346,baaedc8170717b2190dd43e5a499501f65bd4e9a955495d1f4026552581d6df5,True,N/A,キャラ原案,S415_RESOURCE_TABLE_CENSUS_TARGET_147.csv,1,RIV-USE-GFX147-142,RIV-CONS-721B1C,False,30,NO_FLAG,NOT_VALIDATED_I03,NOT_VALIDATED_I03,NOT_EXECUTED_I03,SOURCE_LABEL_AVAILABLE,NOT_APPROVED_BY_CENSUS
RIV-LZ-4F46BA,LZ,0x4F46BA,0x4F46E4,0x4F,0x46BA,42,6d1d8e95836813affc362ac2570eb44b2785c5d0af43ccd1440589811c93ba3c,True,N/A,,S415_RESOURCE_TABLE_CENSUS_TARGET_147.csv,1,RIV-USE-GFX147-122,RIV-CONS-721B1C,False,0,NO_FLAG,NOT_VALIDATED_I03,NOT_VALIDATED_I03,NOT_EXECUTED_I03,NOT_ESTABLISHED_I03,NOT_APPROVED_BY_CENSUS
RIV-LZ-4F46E4,LZ,0x4F46E4,0x4F4725,0x4F,0x46E4,65,ef396239df62e94995f3d5687199d16f15f1f4043982cb98296046cf15c68277,True,N/A,,S415_RESOURCE_TABLE_CENSUS_TARGET_147.csv,1,RIV-USE-GFX147-18,RIV-CONS-721B1C,False,0,NO_FLAG,NOT_VALIDATED_I03,NOT_VALIDATED_I03,NOT_EXECUTED_I03,NOT_ESTABLISHED_I03,NOT_APPROVED_BY_CENSUS
RIV-LZ-4F4786,LZ,0x4F4786,0x4F47D8,0x4F,0x4786,82,43bb39215c6629839f7a8b7c47c57065d882ff96f8c2425f4979c4907842360f,True,N/A,,S415_RESOURCE_TABLE_CENSUS_TARGET_147.csv,1,RIV-USE-GFX147-19,RIV-CONS-721B1C,False,0,NO_FLAG,NOT_VALIDATED_I03,NOT_VALIDATED_I03,NOT_EXECUTED_I03,NOT_ESTABLISHED_I03,NOT_APPROVED_BY_CENSUS
RIV-LZ-4F47D8,LZ,0x4F47D8,0x4F483E,0x4F,0x47D8,102,235fd94043def4036b1942e35a4e804c799289dfe5164a1ad9fc5c8f7cecf99d,True,N/A,,,0,,,False,0,NO_FLAG,NOT_INDEXED,NOT_REVIEWED,NOT_EXECUTED_I05,NOT_DETERMINED_BY_HASH,NOT_INDEXED
RIV-LZ-4F483E,LZ,0x4F483E,0x4F48AC,0x4F,0x483E,110,59fc14bb1a5627dccccf38448d7a005ee86ea8b0997392eb0df3591d3658f4cd,True,N/A,,,0,,,False,0,NO_FLAG,NOT_INDEXED,NOT_REVIEWED,NOT_EXECUTED_I05,NOT_DETERMINED_BY_HASH,NOT_INDEXED
RIV-LZ-4F48AC,LZ,0x4F48AC,0x4F4ACF,0x4F,0x48AC,547,29ec85aae50d3362e3e4b463c48c815f3609b9f22ab6c573e500900e9c13e0e7,True,N/A,stylized signature/graphic; no confirmed Japanese text,S415_RESOURCE_TABLE_CENSUS_TARGET_147.csv,1,RIV-USE-GFX147-110,RIV-CONS-721B1C,False,309,NO_FLAG,NOT_VALIDATED_I03,NOT_VALIDATED_I03,NOT_EXECUTED_I03,SOURCE_LABEL_AVAILABLE,NOT_APPROVED_BY_CENSUS
RIV-LZ-4F4AD0,LZ,0x4F4AD0,0x4F4C25,0x4F,0x4AD0,341,dbd2bc5eb231c4719f230a5e9cec6b55120b031883e2a09df9688c72c37d0daf,True,N/A,CAUTION,S415_RESOURCE_TABLE_CENSUS_TARGET_147.csv,1,RIV-USE-GFX147-111,RIV-CONS-721B1C,False,42,NO_FLAG,NOT_VALIDATED_I03,NOT_VALIDATED_I03,NOT_EXECUTED_I03,SOURCE_LABEL_AVAILABLE,NOT_APPROVED_BY_CENSUS
RIV-LZ-4F4C26,LZ,0x4F4C26,0x4F4C52,0x4F,0x4C26,44,e3d32dac0dd0f86b66e54aa8e56c779efb26ff3a99b3e626c3c61048f5ca3d22,True,N/A,,S415_RESOURCE_TABLE_CENSUS_TARGET_147.csv,1,RIV-USE-GFX147-22,RIV-CONS-721B1C,False,0,NO_FLAG,NOT_VALIDATED_I03,NOT_VALIDATED_I03,NOT_EXECUTED_I03,NOT_ESTABLISHED_I03,NOT_APPROVED_BY_CENSUS
RIV-LZ-4F4C52,LZ,0x4F4C52,0x4F4C6D,0x4F,0x4C52,27,63d5a4763ed3768c055d55ae3662e52ed9645c251734e094f248964121210c9f,True,N/A,,S415_RESOURCE_TABLE_CENSUS_TARGET_147.csv,1,RIV-USE-GFX147-23,RIV-CONS-721B1C,False,0,NO_FLAG,NOT_VALIDATED_I03,NOT_VALIDATED_I03,NOT_EXECUTED_I03,NOT_ESTABLISHED_I03,NOT_APPROVED_BY_CENSUS
RIV-LZ-4F4C6E,LZ,0x4F4C6E,0x4F4D01,0x4F,0x4C6E,147,a5d8707cdb20c5bef5680db05da6bd2eb4ea1dbc9c2a2cf4a02e1701a1629100,True,N/A,TURN/EVE/HT/SCORE,S415_RESOURCE_TABLE_CENSUS_TARGET_147.csv,1,RIV-USE-GFX147-24,RIV-CONS-721B1C,False,102,NO_FLAG,NOT_VALIDATED_I03,NOT_VALIDATED_I03,NOT_EXECUTED_I03,SOURCE_LABEL_AVAILABLE,NOT_APPROVED_BY_CENSUS
RIV-LZ-4F4D02,LZ,0x4F4D02,0x4F4D26,0x4F,0x4D02,36,9cb67a004c472cbc69c66fdf8e333d850d219d8401dc33ba18d1b4580ef47666,True,N/A,,S415_RESOURCE_TABLE_CENSUS_TARGET_147.csv,1,RIV-USE-GFX147-17,RIV-CONS-721B1C,False,0,NO_FLAG,NOT_VALIDATED_I03,NOT_VALIDATED_I03,NOT_EXECUTED_I03,NOT_ESTABLISHED_I03,NOT_APPROVED_BY_CENSUS
RIV-LZ-4F4D26,LZ,0x4F4D26,0x4F4D91,0x4F,0x4D26,107,02af32d3c12565d502e72554678af20335a11f98cceed5abb7e70d20b59ed960,True,N/A,,S415_RESOURCE_TABLE_CENSUS_TARGET_147.csv,1,RIV-USE-GFX147-103,RIV-CONS-721B1C,False,0,NO_FLAG,NOT_VALIDATED_I03,NOT_VALIDATED_I03,NOT_EXECUTED_I03,NOT_ESTABLISHED_I03,NOT_APPROVED_BY_CENSUS
RIV-LZ-4F4D92,LZ,0x4F4D92,0x4F4DF5,0x4F,0x4D92,99,d9af52195d9b31d5e740e67019e6f420db8aa3afdde9d4ba4b75986f6cf83cb8,True,N/A,,S415_RESOURCE_TABLE_CENSUS_TARGET_147.csv,1,RIV-USE-GFX147-104,RIV-CONS-721B1C,False,0,NO_FLAG,NOT_VALIDATED_I03,NOT_VALIDATED_I03,NOT_EXECUTED_I03,NOT_ESTABLISHED_I03,NOT_APPROVED_BY_CENSUS
RIV-LZ-4F4DFE,LZ,0x4F4DFE,0x4F50ED,0x4F,0x4DFE,751,250da83f5bf563f658a8d6c0c3836a735229c54ba79afa0f1630a46ff6d221ef,True,N/A,,,0,,,False,0,NO_FLAG,NOT_INDEXED,NOT_REVIEWED,NOT_EXECUTED_I05,NOT_DETERMINED_BY_HASH,NOT_INDEXED
RIV-LZ-4F50EE,LZ,0x4F50EE,0x4F5415,0x4F,0x50EE,807,4d7b4c0f11c376e99ad9a45273b9cdd4a97525028826a21d68716248d9b687dd,True,N/A,,,0,,,False,0,NO_FLAG,NOT_INDEXED,NOT_REVIEWED,NOT_EXECUTED_I05,NOT_DETERMINED_BY_HASH,NOT_INDEXED
RIV-LZ-4F5416,LZ,0x4F5416,0x4F5794,0x4F,0x5416,894,20366070443a42aed680a1c349f1070051d03f6ed2832b78ae97ee9abe9ff7de,True,N/A,,,0,,,False,0,NO_FLAG,NOT_INDEXED,NOT_REVIEWED,NOT_EXECUTED_I05,NOT_DETERMINED_BY_HASH,NOT_INDEXED
RIV-LZ-4F5794,LZ,0x4F5794,0x4F5A06,0x4F,0x5794,626,f69f68bb5d7620b362a3bbe6ce664e655c1c719f25e924de95deeeb0f23d60a2,True,N/A,,,0,,,False,0,NO_FLAG,NOT_INDEXED,NOT_REVIEWED,NOT_EXECUTED_I05,NOT_DETERMINED_BY_HASH,NOT_INDEXED
RIV-LZ-4F5A06,LZ,0x4F5A06,0x4F5A70,0x4F,0x5A06,106,7b4a21dc85f4df8592aef30a432e0bbaf4f1d5fab7f203a12bd56bddc17ab13d,True,N/A,,S415_RESOURCE_TABLE_CENSUS_TARGET_147.csv,1,RIV-USE-GFX147-133,RIV-CONS-721B1C,False,0,NO_FLAG,NOT_VALIDATED_I03,NOT_VALIDATED_I03,NOT_EXECUTED_I03,NOT_ESTABLISHED_I03,NOT_APPROVED_BY_CENSUS
RIV-LZ-4F5A70,LZ,0x4F5A70,0x4F5B01,0x4F,0x5A70,145,e6836413fa06399c3d39914df926b05899242c97e30a212059d354eb625cd59b,True,N/A,,S415_RESOURCE_TABLE_CENSUS_TARGET_147.csv,1,RIV-USE-GFX147-134,RIV-CONS-721B1C,False,0,NO_FLAG,NOT_VALIDATED_I03,NOT_VALIDATED_I03,NOT_EXECUTED_I03,NOT_ESTABLISHED_I03,NOT_APPROVED_BY_CENSUS
RIV-LZ-4F5B02,LZ,0x4F5B02,0x4F5C69,0x4F,0x5B02,359,bc02096cbc86fe777d730f07183d2a3b21e6125f84070d5bc0d2814854793164,True,N/A,OverSkill,S415_RESOURCE_TABLE_CENSUS_TARGET_147.csv,1,RIV-USE-GFX147-135,RIV-CONS-721B1C,False,54,NO_FLAG,NOT_VALIDATED_I03,NOT_VALIDATED_I03,NOT_EXECUTED_I03,SOURCE_LABEL_AVAILABLE,NOT_APPROVED_BY_CENSUS
RIV-LZ-4F5C6A,LZ,0x4F5C6A,0x4F5DFA,0x4F,0x5C6A,400,d4eb4070d26f46a8718a073d43e0681958d2819298618ddb347717aedeb66573,True,N/A,Break Out!,S415_RESOURCE_TABLE_CENSUS_TARGET_147.csv,1,RIV-USE-GFX147-136,RIV-CONS-721B1C,False,57,NO_FLAG,NOT_VALIDATED_I03,NOT_VALIDATED_I03,NOT_EXECUTED_I03,SOURCE_LABEL_AVAILABLE,NOT_APPROVED_BY_CENSUS
RIV-LZ-4F5F3A,LZ,0x4F5F3A,0x4F5FAC,0x4F,0x5F3A,114,de5b595d8c352adab665369bbcb0e703e696add266f10241278f3a1890d1b6ad,True,N/A,ATTACK,S415_RESOURCE_TABLE_CENSUS_TARGET_147.csv,1,RIV-USE-GFX147-25,RIV-CONS-721B1C,False,36,NO_FLAG,NOT_VALIDATED_I03,NOT_VALIDATED_I03,NOT_EXECUTED_I03,SOURCE_LABEL_AVAILABLE,NOT_APPROVED_BY_CENSUS
RIV-LZ-4F5FAC,LZ,0x4F5FAC,0x4F6006,0x4F,0x5FAC,90,225316718ac078df1ad1c4ee6cb8cf625be8f0efeba9fa7d160c941818109f59,True,N/A,MAGIC,S415_RESOURCE_TABLE_CENSUS_TARGET_147.csv,1,RIV-USE-GFX147-26,RIV-CONS-721B1C,False,30,NO_FLAG,NOT_VALIDATED_I03,NOT_VALIDATED_I03,NOT_EXECUTED_I03,SOURCE_LABEL_AVAILABLE,NOT_APPROVED_BY_CENSUS
RIV-LZ-4F6006,LZ,0x4F6006,0x4F607C,0x4F,0x6006,118,1fc4a47d64ea4ec1bed2c20ce412086d927d32a1af8c9e069de92ad8e3107b29,True,N/A,SUPPORT,S415_RESOURCE_TABLE_CENSUS_TARGET_147.csv,1,RIV-USE-GFX147-27,RIV-CONS-721B1C,False,42,NO_FLAG,NOT_VALIDATED_I03,NOT_VALIDATED_I03,NOT_EXECUTED_I03,SOURCE_LABEL_AVAILABLE,NOT_APPROVED_BY_CENSUS
RIV-LZ-4F607C,LZ,0x4F607C,0x4F60C5,0x4F,0x607C,73,b4e07e247959d6e200034a63cd626179c9299d4bafec588dcc53ac16f39ab969,True,N/A,ETC,S415_RESOURCE_TABLE_CENSUS_TARGET_147.csv,1,RIV-USE-GFX147-28,RIV-CONS-721B1C,False,18,NO_FLAG,NOT_VALIDATED_I03,NOT_VALIDATED_I03,NOT_EXECUTED_I03,SOURCE_LABEL_AVAILABLE,NOT_APPROVED_BY_CENSUS
RIV-LZ-4F60C6,LZ,0x4F60C6,0x4F60F8,0x4F,0x60C6,50,0ca580d028b90171e9d22188af24b87e8ee584a759ca7b352e9a45818884dff0,True,N/A,,S415_RESOURCE_TABLE_CENSUS_TARGET_147.csv,1,RIV-USE-GFX147-29,RIV-CONS-721B1C,False,0,NO_FLAG,NOT_VALIDATED_I03,NOT_VALIDATED_I03,NOT_EXECUTED_I03,NOT_ESTABLISHED_I03,NOT_APPROVED_BY_CENSUS
RIV-LZ-4F60F8,LZ,0x4F60F8,0x4F6135,0x4F,0x60F8,61,0cabde95f4e2dc55e205fe0029c3bb6caaa747a9c1c1dd308e48a6d336244710,True,N/A,,S415_RESOURCE_TABLE_CENSUS_TARGET_147.csv,1,RIV-USE-GFX147-31,RIV-CONS-721B1C,False,0,NO_FLAG,NOT_VALIDATED_I03,NOT_VALIDATED_I03,NOT_EXECUTED_I03,NOT_ESTABLISHED_I03,NOT_APPROVED_BY_CENSUS
RIV-LZ-4F6136,LZ,0x4F6136,0x4F6175,0x4F,0x6136,63,abf88112cd47baa2159e30982418fd6884fb689897c1bc44ab44157ffcf98716,True,N/A,,S415_RESOURCE_TABLE_CENSUS_TARGET_147.csv,1,RIV-USE-GFX147-32,RIV-CONS-721B1C,False,0,NO_FLAG,NOT_VALIDATED_I03,NOT_VALIDATED_I03,NOT_EXECUTED_I03,NOT_ESTABLISHED_I03,NOT_APPROVED_BY_CENSUS
RIV-LZ-4F6176,LZ,0x4F6176,0x4F61A7,0x4F,0x6176,49,8c1a0400a7022e7907a25c6da5b3ba7ac9795b4386feedb8a698162361fa25e2,True,N/A,,S415_RESOURCE_TABLE_CENSUS_TARGET_147.csv,1,RIV-USE-GFX147-33,RIV-CONS-721B1C,False,0,NO_FLAG,NOT_VALIDATED_I03,NOT_VALIDATED_I03,NOT_EXECUTED_I03,NOT_ESTABLISHED_I03,NOT_APPROVED_BY_CENSUS
RIV-LZ-4F61A8,LZ,0x4F61A8,0x4F6296,0x4F,0x61A8,238,3fb18718439f40774ffb95cd5b8fae7147476e7c6167e830b0fbcff744c8e478,True,N/A,Max,S415_RESOURCE_TABLE_CENSUS_TARGET_147.csv,1,RIV-USE-GFX147-34,RIV-CONS-721B1C,False,18,NO_FLAG,NOT_VALIDATED_I03,NOT_VALIDATED_I03,NOT_EXECUTED_I03,SOURCE_LABEL_AVAILABLE,NOT_APPROVED_BY_CENSUS
RIV-LZ-4F6296,LZ,0x4F6296,0x4F6375,0x4F,0x6296,223,f0fc75ac4659c18315aef465de2efa24379a04db0e3cb87a77e7df2ea0e5218a,True,N/A,Rage,S415_RESOURCE_TABLE_CENSUS_TARGET_147.csv,1,RIV-USE-GFX147-35,RIV-CONS-721B1C,False,24,NO_FLAG,NOT_VALIDATED_I03,NOT_VALIDATED_I03,NOT_EXECUTED_I03,SOURCE_LABEL_AVAILABLE,NOT_APPROVED_BY_CENSUS
RIV-LZ-4F6376,LZ,0x4F6376,0x4F63EA,0x4F,0x6376,116,69c99cfbaffa62cfa7dec31ab506860d86870a808a544e97236baef7fbcf9a37,True,N/A,,S415_RESOURCE_TABLE_CENSUS_TARGET_147.csv,1,RIV-USE-GFX147-36,RIV-CONS-721B1C,False,0,NO_FLAG,NOT_VALIDATED_I03,NOT_VALIDATED_I03,NOT_EXECUTED_I03,NOT_ESTABLISHED_I03,NOT_APPROVED_BY_CENSUS
RIV-LZ-4F63EA,LZ,0x4F63EA,0x4F6457,0x4F,0x63EA,109,96edc7bddf7261039548a060e2101353f4fd3172e87b91a626357d1d68a32d69,True,N/A,,S415_RESOURCE_TABLE_CENSUS_TARGET_147.csv,1,RIV-USE-GFX147-37,RIV-CONS-721B1C,False,0,NO_FLAG,NOT_VALIDATED_I03,NOT_VALIDATED_I03,NOT_EXECUTED_I03,NOT_ESTABLISHED_I03,NOT_APPROVED_BY_CENSUS
RIV-LZ-4F7858,LZ,0x4F7858,0x4F78A4,0x4F,0x7858,76,b55332b2e3e3889a25ff00626aa1236b34769902183daa8a94fc0c33c809558a,True,N/A,,S415_RESOURCE_TABLE_CENSUS_TARGET_147.csv,1,RIV-USE-GFX147-38,RIV-CONS-721B1C,False,0,NO_FLAG,NOT_VALIDATED_I03,NOT_VALIDATED_I03,NOT_EXECUTED_I03,NOT_ESTABLISHED_I03,NOT_APPROVED_BY_CENSUS
RIV-LZ-4F8324,LZ,0x4F8324,0x4F8387,0x4F,0x8324,99,68252d6a8e4dee647ad095a87ae35c12b8b217c17ca5e00e63f2f3c3eccf0eaa,True,N/A,FULL,S415_RESOURCE_TABLE_CENSUS_TARGET_147.csv,1,RIV-USE-GFX147-123,RIV-CONS-721B1C,False,24,NO_FLAG,NOT_VALIDATED_I03,NOT_VALIDATED_I03,NOT_EXECUTED_I03,SOURCE_LABEL_AVAILABLE,NOT_APPROVED_BY_CENSUS
RIV-RAW-4F8388,RAW,0x4F8388,0x4F83E8,0x4F,0x8388,96,ff7885d2f2e808bff5d20b13825d85ad255fb61b7211f1bd598bc84f77954edb,True,N/A,,,0,,,False,0,NO_FLAG,NOT_INDEXED,NOT_REVIEWED,NOT_EXECUTED_I05,NOT_DETERMINED_BY_HASH,NOT_INDEXED
RIV-RAW-4F83E8,RAW,0x4F83E8,0x4F8448,0x4F,0x83E8,96,1eb846241241b1d4a27ef1fb835bcd92abc110a2ed0294bacb78396f81ae5126,True,N/A,,,0,,,False,0,NO_FLAG,NOT_INDEXED,NOT_REVIEWED,NOT_EXECUTED_I05,NOT_DETERMINED_BY_HASH,NOT_INDEXED
RIV-RAW-4F8448,RAW,0x4F8448,0x4F84A8,0x4F,0x8448,96,2caa75101d6b57ba004e36433b971245a11f40cc97efb6448052e99d39b71c8c,True,N/A,,,0,,,False,0,NO_FLAG,NOT_INDEXED,NOT_REVIEWED,NOT_EXECUTED_I05,NOT_DETERMINED_BY_HASH,NOT_INDEXED
RIV-RAW-4F84A8,RAW,0x4F84A8,0x4F8528,0x4F,0x84A8,128,cc40e5c323bc9c8dc2f34f48ff4e0c9789391db0c9237a056e0cb9bbbe1a9a86,True,N/A,,,0,,,False,0,NO_FLAG,NOT_INDEXED,NOT_REVIEWED,NOT_EXECUTED_I05,NOT_DETERMINED_BY_HASH,NOT_INDEXED
RIV-RAW-4F8528,RAW,0x4F8528,0x4F85A8,0x4F,0x8528,128,90b4ac7423e5a61ad36d2621dda3f1fb6b6ebfdca98c8272280fc1610b63b081,True,N/A,,,0,,,False,0,NO_FLAG,NOT_INDEXED,NOT_REVIEWED,NOT_EXECUTED_I05,NOT_DETERMINED_BY_HASH,NOT_INDEXED
RIV-RAW-4F85A8,RAW,0x4F85A8,0x4F8628,0x4F,0x85A8,128,67a097fb803bfb098b572ae22e155fce832d02e07c33f3b63ed195ddad2aa288,True,N/A,,,0,,,False,0,NO_FLAG,NOT_INDEXED,NOT_REVIEWED,NOT_EXECUTED_I05,NOT_DETERMINED_BY_HASH,NOT_INDEXED
RIV-RAW-4F8628,RAW,0x4F8628,0x4F86A8,0x4F,0x8628,128,00f6ce6d24e02a2de0811aa8279c299e5964d742a4399d665f087c5dbb668b3a,True,N/A,,,0,,,False,0,NO_FLAG,NOT_INDEXED,NOT_REVIEWED,NOT_EXECUTED_I05,NOT_DETERMINED_BY_HASH,NOT_INDEXED
RIV-RAW-4F86A8,RAW,0x4F86A8,0x4F8728,0x4F,0x86A8,128,ffd385319a8196b7c1c949540d5e4a40b9d8609e9303237d617351aac0d7f4e2,True,N/A,,,0,,,False,0,NO_FLAG,NOT_INDEXED,NOT_REVIEWED,NOT_EXECUTED_I05,NOT_DETERMINED_BY_HASH,NOT_INDEXED
RIV-RAW-4F8728,RAW,0x4F8728,0x4F87A8,0x4F,0x8728,128,36e4d853e5be9eeda099cf22cceeacc4e992b9cc7bceaeb291557114d9ef8cae,True,N/A,,,0,,,False,0,NO_FLAG,NOT_INDEXED,NOT_REVIEWED,NOT_EXECUTED_I05,NOT_DETERMINED_BY_HASH,NOT_INDEXED
RIV-RAW-4F87A8,RAW,0x4F87A8,0x4F8828,0x4F,0x87A8,128,b9402a2c61c0c7720b676d85ebeed33fa4ee230f4d3569fcf66026590c0d37a5,True,N/A,,,0,,,False,0,NO_FLAG,NOT_INDEXED,NOT_REVIEWED,NOT_EXECUTED_I05,NOT_DETERMINED_BY_HASH,NOT_INDEXED
RIV-RAW-4F8828,RAW,0x4F8828,0x4F88A8,0x4F,0x8828,128,498a466ddef8c4f17d649b9e05037df0ba4785612471fb7628f5d1fb22ce8341,True,N/A,,,0,,,False,0,NO_FLAG,NOT_INDEXED,NOT_REVIEWED,NOT_EXECUTED_I05,NOT_DETERMINED_BY_HASH,NOT_INDEXED
RIV-RAW-4F88A8,RAW,0x4F88A8,0x4F8928,0x4F,0x88A8,128,18376cf753f51af12d3d4059e0f706f2eb44d4ef6da76c6e21d973eef443da97,True,N/A,,,0,,,False,0,NO_FLAG,NOT_INDEXED,NOT_REVIEWED,NOT_EXECUTED_I05,NOT_DETERMINED_BY_HASH,NOT_INDEXED
RIV-RAW-4F8928,RAW,0x4F8928,0x4F89A8,0x4F,0x8928,128,c6df95c250e5cdee86b50285127c50a6fceb840602287ef2e7081cb36ab82833,True,N/A,,,0,,,False,0,NO_FLAG,NOT_INDEXED,NOT_REVIEWED,NOT_EXECUTED_I05,NOT_DETERMINED_BY_HASH,NOT_INDEXED
RIV-RAW-4F89A8,RAW,0x4F89A8,0x4F8A28,0x4F,0x89A8,128,278f6950c37dfcc41103f6acf93f2e08c0cbd0ce37301b42a8fa8eec2355e9a0,True,N/A,,,0,,,False,0,NO_FLAG,NOT_INDEXED,NOT_REVIEWED,NOT_EXECUTED_I05,NOT_DETERMINED_BY_HASH,NOT_INDEXED
RIV-RAW-4F8A28,RAW,0x4F8A28,0x4F8AA8,0x4F,0x8A28,128,f0233c5af3dac1a3831d24cb47c9975412a7e40ef360450e8f28d13606464309,True,N/A,,,0,,,False,0,NO_FLAG,NOT_INDEXED,NOT_REVIEWED,NOT_EXECUTED_I05,NOT_DETERMINED_BY_HASH,NOT_INDEXED
RIV-RAW-4F8AA8,RAW,0x4F8AA8,0x4F8B28,0x4F,0x8AA8,128,acfe79b3afda2952f7b088b4af94b1b91ff8b7c6a97e22f33f8f832681e81247,True,N/A,,,0,,,False,0,NO_FLAG,NOT_INDEXED,NOT_REVIEWED,NOT_EXECUTED_I05,NOT_DETERMINED_BY_HASH,NOT_INDEXED
RIV-RAW-4F8B28,RAW,0x4F8B28,0x4F8BA8,0x4F,0x8B28,128,bc7b40402c21361123a38a5625a94429f07e3c1d518df777375cc340cdee3d16,True,N/A,,,0,,,False,0,NO_FLAG,NOT_INDEXED,NOT_REVIEWED,NOT_EXECUTED_I05,NOT_DETERMINED_BY_HASH,NOT_INDEXED
RIV-RAW-4F8BA8,RAW,0x4F8BA8,0x4F8C28,0x4F,0x8BA8,128,5ab7489eab12fcd250f6864f857a735bdbaaaee0861b911215f08a82d58d24f4,True,N/A,,,0,,,False,0,NO_FLAG,NOT_INDEXED,NOT_REVIEWED,NOT_EXECUTED_I05,NOT_DETERMINED_BY_HASH,NOT_INDEXED
RIV-RAW-4F8C28,RAW,0x4F8C28,0x4F8CA8,0x4F,0x8C28,128,a033fa83caca597b3dc815704fdba66d23fa3ff91e2ad06367a2768dfa2f9311,True,N/A,,,0,,,False,0,NO_FLAG,NOT_INDEXED,NOT_REVIEWED,NOT_EXECUTED_I05,NOT_DETERMINED_BY_HASH,NOT_INDEXED
RIV-RAW-4F8CA8,RAW,0x4F8CA8,0x4F8D28,0x4F,0x8CA8,128,48108295903e0945ac1b36513baf27c90c64cb6328177ab942a2d52aa5812fe0,True,N/A,,,0,,,False,0,NO_FLAG,NOT_INDEXED,NOT_REVIEWED,NOT_EXECUTED_I05,NOT_DETERMINED_BY_HASH,NOT_INDEXED
RIV-RAW-4F8D28,RAW,0x4F8D28,0x4F8DA8,0x4F,0x8D28,128,eecb4ef907fc4e5349d74cb9c1386e883dcb758df9d8b8bf404e8020aa412ccc,True,N/A,,,0,,,False,0,NO_FLAG,NOT_INDEXED,NOT_REVIEWED,NOT_EXECUTED_I05,NOT_DETERMINED_BY_HASH,NOT_INDEXED
RIV-RAW-4F8DA8,RAW,0x4F8DA8,0x4F8E28,0x4F,0x8DA8,128,4adef7d8389b506dfcb706a776f57b906b6c89cfe5c59a16f38948b811df6440,True,N/A,,,0,,,False,0,NO_FLAG,NOT_INDEXED,NOT_REVIEWED,NOT_EXECUTED_I05,NOT_DETERMINED_BY_HASH,NOT_INDEXED
RIV-RAW-4F8E28,RAW,0x4F8E28,0x4F8EA8,0x4F,0x8E28,128,147735074aac84eb5394957cbe3ac6aa6a3d9273ddb84090b3a0ed15099411ce,True,N/A,,,0,,,False,0,NO_FLAG,NOT_INDEXED,NOT_REVIEWED,NOT_EXECUTED_I05,NOT_DETERMINED_BY_HASH,NOT_INDEXED
RIV-RAW-4F8EA8,RAW,0x4F8EA8,0x4F8F28,0x4F,0x8EA8,128,e685880369a78d33048699d96325d0cd7cf51010c76e6763217c691adf173004,True,N/A,,,0,,,False,0,NO_FLAG,NOT_INDEXED,NOT_REVIEWED,NOT_EXECUTED_I05,NOT_DETERMINED_BY_HASH,NOT_INDEXED
RIV-RAW-4F8F28,RAW,0x4F8F28,0x4F8FA8,0x4F,0x8F28,128,8c35eb2e479582b7214753543ddb93084aff9e7908a771e9271c0e047f36fd36,True,N/A,,,0,,,False,0,NO_FLAG,NOT_INDEXED,NOT_REVIEWED,NOT_EXECUTED_I05,NOT_DETERMINED_BY_HASH,NOT_INDEXED
RIV-RAW-4F8FA8,RAW,0x4F8FA8,0x4F9028,0x4F,0x8FA8,128,a54c9815d9f0028eaf8403f1bf3eba3989d89d0d16ff1aeac5a0f26031330477,True,N/A,,,0,,,False,0,NO_FLAG,NOT_INDEXED,NOT_REVIEWED,NOT_EXECUTED_I05,NOT_DETERMINED_BY_HASH,NOT_INDEXED
RIV-RAW-4F9028,RAW,0x4F9028,0x4F90A8,0x4F,0x9028,128,3fbd82c477cd510500ba9c6787760fca648061b70dd1d14907131b92ddf745ab,True,N/A,,,0,,,False,0,NO_FLAG,NOT_INDEXED,NOT_REVIEWED,NOT_EXECUTED_I05,NOT_DETERMINED_BY_HASH,NOT_INDEXED
RIV-RAW-4F90A8,RAW,0x4F90A8,0x4F9128,0x4F,0x90A8,128,ffcfedefa57b3aed22020ab0207a518b9884644883b75540f6f74ef384f15ebc,True,N/A,,,0,,,False,0,NO_FLAG,NOT_INDEXED,NOT_REVIEWED,NOT_EXECUTED_I05,NOT_DETERMINED_BY_HASH,NOT_INDEXED
RIV-RAW-4F9128,RAW,0x4F9128,0x4F91A8,0x4F,0x9128,128,4b28c5787179d030eab25e35ffa8061c55b915338682ef02f74345406ca56ad1,True,N/A,,,0,,,False,0,NO_FLAG,NOT_INDEXED,NOT_REVIEWED,NOT_EXECUTED_I05,NOT_DETERMINED_BY_HASH,NOT_INDEXED
RIV-RAW-4F91A8,RAW,0x4F91A8,0x4F9228,0x4F,0x91A8,128,1a0df22d95d973e12a7388d2bf03d2d2825ff884e849614a730e42d36e1d690e,True,N/A,,,0,,,False,0,NO_FLAG,NOT_INDEXED,NOT_REVIEWED,NOT_EXECUTED_I05,NOT_DETERMINED_BY_HASH,NOT_INDEXED
RIV-RAW-4F9228,RAW,0x4F9228,0x4F92A8,0x4F,0x9228,128,e28e9e975c58b69399588bb645b900f3c0807d7905a4bec4e3e58fb6ee7e203d,True,N/A,,,0,,,False,0,NO_FLAG,NOT_INDEXED,NOT_REVIEWED,NOT_EXECUTED_I05,NOT_DETERMINED_BY_HASH,NOT_INDEXED
RIV-RAW-4F92A8,RAW,0x4F92A8,0x4F9328,0x4F,0x92A8,128,d403819a15c86eea47040715f1ef79f608b704858eed040691d8b9bcabd8e5f1,True,N/A,,,0,,,False,0,NO_FLAG,NOT_INDEXED,NOT_REVIEWED,NOT_EXECUTED_I05,NOT_DETERMINED_BY_HASH,NOT_INDEXED
RIV-RAW-4F9328,RAW,0x4F9328,0x4F93A8,0x4F,0x9328,128,a21f7597b7790f928ecffa6b4989dcc3449197c8b9127d3cf27f78a26a3f6f09,True,N/A,,,0,,,False,0,NO_FLAG,NOT_INDEXED,NOT_REVIEWED,NOT_EXECUTED_I05,NOT_DETERMINED_BY_HASH,NOT_INDEXED
RIV-RAW-4F93A8,RAW,0x4F93A8,0x4F9428,0x4F,0x93A8,128,6aa157fcddd29f20278ed7dc534a1f5b39ae245664518d3a8d6b9827a4d8afea,True,N/A,,,0,,,False,0,NO_FLAG,NOT_INDEXED,NOT_REVIEWED,NOT_EXECUTED_I05,NOT_DETERMINED_BY_HASH,NOT_INDEXED
RIV-LZ-4F9428,LZ,0x4F9428,0x4F9492,0x4F,0x9428,106,ce6383a146e88996c890fdef7ffbf33926a7b467adb0daba2f0c8a8f00edbdbf,True,N/A,,S415_RESOURCE_TABLE_CENSUS_TARGET_147.csv,1,RIV-USE-GFX147-30,RIV-CONS-721B1C,False,0,NO_FLAG,NOT_VALIDATED_I03,NOT_VALIDATED_I03,NOT_EXECUTED_I03,NOT_ESTABLISHED_I03,NOT_APPROVED_BY_CENSUS
RIV-LZ-4FBCB4,LZ,0x4FBCB4,0x4FBD13,0x4F,0xBCB4,95,d9448034c4fef669e8082314598f0e96b2f0406619dcb821ca182db878bfd765,True,N/A,,,0,,,False,0,NO_FLAG,NOT_INDEXED,NOT_REVIEWED,NOT_EXECUTED_I05,NOT_DETERMINED_BY_HASH,NOT_INDEXED
RIV-LZ-4FBD14,LZ,0x4FBD14,0x4FBD73,0x4F,0xBD14,95,1cea0dcb4fed6bd3c9725855f11ffb21785269d0a5485facd7658984fe9041d9,True,N/A,,,0,,,False,0,NO_FLAG,NOT_INDEXED,NOT_REVIEWED,NOT_EXECUTED_I05,NOT_DETERMINED_BY_HASH,NOT_INDEXED
RIV-LZ-4FBD74,LZ,0x4FBD74,0x4FBDD9,0x4F,0xBD74,101,2b1f0e3092c95e6c23f0f1ff454eaf235a8b6fd462bb6481eadea953438997db,True,N/A,,,0,,,False,0,NO_FLAG,NOT_INDEXED,NOT_REVIEWED,NOT_EXECUTED_I05,NOT_DETERMINED_BY_HASH,NOT_INDEXED
RIV-LZ-4FBDDA,LZ,0x4FBDDA,0x4FBE40,0x4F,0xBDDA,102,3bf221494d9a1f4877e8143e163c0f1d08557a260735a3daa7b6e3db70cd7e68,True,N/A,,,0,,,False,0,NO_FLAG,NOT_INDEXED,NOT_REVIEWED,NOT_EXECUTED_I05,NOT_DETERMINED_BY_HASH,NOT_INDEXED
RIV-LZ-4FBE40,LZ,0x4FBE40,0x4FBEA6,0x4F,0xBE40,102,7ff84eb633c06c6be6b89af7f39e9248cf36f2ea444025412eaafb514b7f99de,True,N/A,,,0,,,False,0,NO_FLAG,NOT_INDEXED,NOT_REVIEWED,NOT_EXECUTED_I05,NOT_DETERMINED_BY_HASH,NOT_INDEXED
RIV-LZ-4FBEA6,LZ,0x4FBEA6,0x4FBF14,0x4F,0xBEA6,110,6837988e2d7edadb5e51b5989e3e300c962fb45d2cf7d57913ab63f56bd17d1e,True,N/A,,,0,,,False,0,NO_FLAG,NOT_INDEXED,NOT_REVIEWED,NOT_EXECUTED_I05,NOT_DETERMINED_BY_HASH,NOT_INDEXED
RIV-LZ-4FBF14,LZ,0x4FBF14,0x4FBF82,0x4F,0xBF14,110,b3af6b3bf81b8253b8fe8f8f83304f3639bfff87f0e111a3eb4c0e8d3fc8149f,True,N/A,,,0,,,False,0,NO_FLAG,NOT_INDEXED,NOT_REVIEWED,NOT_EXECUTED_I05,NOT_DETERMINED_BY_HASH,NOT_INDEXED
RIV-LZ-4FBF82,LZ,0x4FBF82,0x4FBFF0,0x4F,0xBF82,110,3dd8be5b023fb1f2360eee1f313d4ade096b247a2a71dfe7ec63c393601f51a9,True,N/A,,,0,,,False,0,NO_FLAG,NOT_INDEXED,NOT_REVIEWED,NOT_EXECUTED_I05,NOT_DETERMINED_BY_HASH,NOT_INDEXED
RIV-LZ-4FBFF0,LZ,0x4FBFF0,0x4FC05F,0x4F,0xBFF0,111,e09a3393f8e7ba25492fd0088a29fd9d3905b17d439ce405f0ae5bd4ba11b6c0,True,N/A,,,0,,,False,0,NO_FLAG,NOT_INDEXED,NOT_REVIEWED,NOT_EXECUTED_I05,NOT_DETERMINED_BY_HASH,NOT_INDEXED
RIV-LZ-4FC060,LZ,0x4FC060,0x4FC0CE,0x4F,0xC060,110,590024af0da89aada734c191f97a10f411a0966488fb88c947f4c596e7e41827,True,N/A,,,0,,,False,0,NO_FLAG,NOT_INDEXED,NOT_REVIEWED,NOT_EXECUTED_I05,NOT_DETERMINED_BY_HASH,NOT_INDEXED
RIV-LZ-4FC0CE,LZ,0x4FC0CE,0x4FC13C,0x4F,0xC0CE,110,6c6edecc6c2ddc8ae6eb98ea11695b2ca3d9d16874fbfe422332fea562cd0561,True,N/A,,,0,,,False,0,NO_FLAG,NOT_INDEXED,NOT_REVIEWED,NOT_EXECUTED_I05,NOT_DETERMINED_BY_HASH,NOT_INDEXED
RIV-LZ-4FC13C,LZ,0x4FC13C,0x4FC1AB,0x4F,0xC13C,111,d7351c3159b0971033184d175b0d3ff7954edd76b54ee145cb0d9435c305647e,True,N/A,,,0,,,False,0,NO_FLAG,NOT_INDEXED,NOT_REVIEWED,NOT_EXECUTED_I05,NOT_DETERMINED_BY_HASH,NOT_INDEXED
RIV-LZ-4FC1AC,LZ,0x4FC1AC,0x4FC214,0x4F,0xC1AC,104,6416e6121ba0839d09fb9e78e862cde77c2a83de26e62fb91f2667c14ebb8b3e,True,N/A,,,0,,,False,0,NO_FLAG,NOT_INDEXED,NOT_REVIEWED,NOT_EXECUTED_I05,NOT_DETERMINED_BY_HASH,NOT_INDEXED
RIV-LZ-4FC214,LZ,0x4FC214,0x4FC27B,0x4F,0xC214,103,cce305767e91881e7be891d94c167a4f7c901a5ad30ae1dbc24e95d2bab369e5,True,N/A,,,0,,,False,0,NO_FLAG,NOT_INDEXED,NOT_REVIEWED,NOT_EXECUTED_I05,NOT_DETERMINED_BY_HASH,NOT_INDEXED
RIV-LZ-4FC27C,LZ,0x4FC27C,0x4FC2E1,0x4F,0xC27C,101,f089e026fdac2b27a80d581ac3d297b6a8cef2e85872b07336ee1ebedd8c4cb2,True,N/A,,,0,,,False,0,NO_FLAG,NOT_INDEXED,NOT_REVIEWED,NOT_EXECUTED_I05,NOT_DETERMINED_BY_HASH,NOT_INDEXED
RIV-LZ-4FC2E2,LZ,0x4FC2E2,0x4FC341,0x4F,0xC2E2,95,91ff4372ce159b22117e1fb0237ed3fbc97fa572d6767aaa3cd4114b368a2544,True,N/A,,,0,,,False,0,NO_FLAG,NOT_INDEXED,NOT_REVIEWED,NOT_EXECUTED_I05,NOT_DETERMINED_BY_HASH,NOT_INDEXED
RIV-LZ-4FC342,LZ,0x4FC342,0x4FC3A1,0x4F,0xC342,95,1386dfcc0074e3d529afbb7092b42568b92e8df2ff287225cc46df1fbc008c79,True,N/A,,,0,,,False,0,NO_FLAG,NOT_INDEXED,NOT_REVIEWED,NOT_EXECUTED_I05,NOT_DETERMINED_BY_HASH,NOT_INDEXED
RIV-RAW-4FD2E2,RAW,0x4FD2E2,0x4FD342,0x4F,0xD2E2,96,42df0044cf42ee636ba548a8334adee8b91d8b8d48cd14f635a8b0ef317cd8fe,True,N/A,,,0,,,False,0,NO_FLAG,NOT_INDEXED,NOT_REVIEWED,NOT_EXECUTED_I05,NOT_DETERMINED_BY_HASH,NOT_INDEXED
RIV-LZ-4FD342,LZ,0x4FD342,0x4FD42E,0x4F,0xD342,236,7f0b69567a6db8afcc546611c73dc1c2c031c1fac759556fc0e4847b4fbe419d,True,N/A,Time Over,S415_RESOURCE_TABLE_CENSUS_TARGET_147.csv,1,RIV-USE-GFX147-95,RIV-CONS-721B1C,False,51,NO_FLAG,NOT_VALIDATED_I03,NOT_VALIDATED_I03,NOT_EXECUTED_I03,SOURCE_LABEL_AVAILABLE,NOT_APPROVED_BY_CENSUS
RIV-LZ-4FD42E,LZ,0x4FD42E,0x4FD4C2,0x4F,0xD42E,148,fc043a4f28e05854d1c958dac9a434f05226cbe36be25cabd06282140301d5d8,True,N/A,,S415_RESOURCE_TABLE_CENSUS_TARGET_147.csv,1,RIV-USE-GFX147-94,RIV-CONS-721B1C,False,0,NO_FLAG,NOT_VALIDATED_I03,NOT_VALIDATED_I03,NOT_EXECUTED_I03,NOT_ESTABLISHED_I03,NOT_APPROVED_BY_CENSUS
RIV-LZ-4FD4C2,LZ,0x4FD4C2,0x4FDA57,0x4F,0xD4C2,1429,5fd20fcaaddd54d8c7f703d26c28b91c96aed90302cb850ff8978c3c0311b052,True,N/A,Press Button as instruct!!!,S415_RESOURCE_TABLE_CENSUS_TARGET_147.csv,1,RIV-USE-GFX147-96,RIV-CONS-721B1C,False,153,NO_FLAG,NOT_VALIDATED_I03,NOT_VALIDATED_I03,NOT_EXECUTED_I03,SOURCE_LABEL_AVAILABLE,NOT_APPROVED_BY_CENSUS
RIV-LZ-4FDA58,LZ,0x4FDA58,0x4FDC25,0x4F,0xDA58,461,110ddae4fbd07ae1c10f54a8940019c45ee69fe60e46b09e7691a4346557ad8c,True,N/A,正しく入力せよ！,S415_RESOURCE_TABLE_CENSUS_TARGET_147.csv,1,RIV-USE-GFX147-97,RIV-CONS-721B1C,False,48,NO_FLAG,NOT_VALIDATED_I03,NOT_VALIDATED_I03,NOT_EXECUTED_I03,SOURCE_LABEL_AVAILABLE,NOT_APPROVED_BY_CENSUS
RIV-LZ-4FDC52,LZ,0x4FDC52,0x4FDE20,0x4F,0xDC52,462,cc48d7e38ae469ce56c196b1b3a25a96192e6ee9981f800d3f7e62701b0ae743,True,N/A,ひたすら連打せよ！,S415_RESOURCE_TABLE_CENSUS_TARGET_147.csv,1,RIV-USE-GFX147-98,RIV-CONS-721B1C,False,54,NO_FLAG,NOT_VALIDATED_I03,NOT_VALIDATED_I03,NOT_EXECUTED_I03,SOURCE_LABEL_AVAILABLE,NOT_APPROVED_BY_CENSUS
RIV-LZ-4FDE94,LZ,0x4FDE94,0x4FE058,0x4F,0xDE94,452,6119f8ddae717ba22f778094758f3082bb8a4600845eac8d0037be1b386f6fdf,True,N/A,タイミングよく押せ！,S415_RESOURCE_TABLE_CENSUS_TARGET_147.csv,1,RIV-USE-GFX147-99,RIV-CONS-721B1C,False,60,NO_FLAG,NOT_VALIDATED_I03,NOT_VALIDATED_I03,NOT_EXECUTED_I03,SOURCE_LABEL_AVAILABLE,NOT_APPROVED_BY_CENSUS
RIV-LZ-4FE0FC,LZ,0x4FE0FC,0x4FE2CE,0x4F,0xE0FC,466,29da5e3deeae569ca7dd339ea268c3ef6530df2be83702e05d335e9bab13d837,True,N/A,リズムを合わせる！,S415_RESOURCE_TABLE_CENSUS_TARGET_147.csv,1,RIV-USE-GFX147-100,RIV-CONS-721B1C,False,54,NO_FLAG,NOT_VALIDATED_I03,NOT_VALIDATED_I03,NOT_EXECUTED_I03,SOURCE_LABEL_AVAILABLE,NOT_APPROVED_BY_CENSUS
RIV-LZ-4FE336,LZ,0x4FE336,0x4FE4E9,0x4F,0xE336,435,5b0c270c86c18219e4340329eed2cb585dd71608efbf06d7afe1eb8dba3acd37,True,N/A,次の運に委ねよ！,S415_RESOURCE_TABLE_CENSUS_TARGET_147.csv,1,RIV-USE-GFX147-101,RIV-CONS-721B1C,False,48,NO_FLAG,NOT_VALIDATED_I03,NOT_VALIDATED_I03,NOT_EXECUTED_I03,SOURCE_LABEL_AVAILABLE,NOT_APPROVED_BY_CENSUS
RIV-LZ-4FE52E,LZ,0x4FE52E,0x4FE6C5,0x4F,0xE52E,407,e2bcaeff042e60325c2a724e0a015c474fbae2ad18b927285eb5da9cf7baa424,True,N/A,暗号を入力せよ！,S415_RESOURCE_TABLE_CENSUS_TARGET_147.csv,1,RIV-USE-GFX147-102,RIV-CONS-721B1C,False,48,NO_FLAG,NOT_VALIDATED_I03,NOT_VALIDATED_I03,NOT_EXECUTED_I03,SOURCE_LABEL_AVAILABLE,NOT_APPROVED_BY_CENSUS
RIV-LZ-57A834,LZ,0x57A834,0x57AC82,0x57,0xA834,1102,0e7ef8760b0bdbee7980fb8397c843f1514b1ed65673330d134cc32c145adc38,True,N/A,Triumph,S415_RESOURCE_TABLE_CENSUS_TARGET_147.csv,1,RIV-USE-GFX147-105,RIV-CONS-721B1C,False,42,NO_FLAG,NOT_VALIDATED_I03,NOT_VALIDATED_I03,NOT_EXECUTED_I03,SOURCE_LABEL_AVAILABLE,NOT_APPROVED_BY_CENSUS
RIV-LZ-57AC82,LZ,0x57AC82,0x57B1C5,0x57,0xAC82,1347,ff2425fde752b56b61de3c0cc3cf73b5a4c56d3d1de9a03c4e0cd6ddf3c6a782,True,N/A,Game Over,S415_RESOURCE_TABLE_CENSUS_TARGET_147.csv,1,RIV-USE-GFX147-106,RIV-CONS-721B1C,False,51,NO_FLAG,NOT_VALIDATED_I03,NOT_VALIDATED_I03,NOT_EXECUTED_I03,SOURCE_LABEL_AVAILABLE,NOT_APPROVED_BY_CENSUS
RIV-LZ-57B1C6,LZ,0x57B1C6,0x57B5AD,0x57,0xB1C6,999,c949556ec520f5dce74c11f8b7a8e1b2b818940c085cf2f00aecfc41ffc9f41c,True,N/A,Escape,S415_RESOURCE_TABLE_CENSUS_TARGET_147.csv,1,RIV-USE-GFX147-107,RIV-CONS-721B1C,False,36,NO_FLAG,NOT_VALIDATED_I03,NOT_VALIDATED_I03,NOT_EXECUTED_I03,SOURCE_LABEL_AVAILABLE,NOT_APPROVED_BY_CENSUS
RIV-LZ-57B5AE,LZ,0x57B5AE,0x57B880,0x57,0xB5AE,722,7212fb911ed47b464df0580536935b40384222495a933be4712b900ada38a8ad,True,N/A,Win,S415_RESOURCE_TABLE_CENSUS_TARGET_147.csv,1,RIV-USE-GFX147-108,RIV-CONS-721B1C,False,18,NO_FLAG,NOT_VALIDATED_I03,NOT_VALIDATED_I03,NOT_EXECUTED_I03,SOURCE_LABEL_AVAILABLE,NOT_APPROVED_BY_CENSUS
RIV-LZ-57B880,LZ,0x57B880,0x57BAD4,0x57,0xB880,596,02d7b352cae0526b35ac38b4fbcc8dee21d15c8da18f7dff2ea6c38d6e452913,True,N/A,Lose,S415_RESOURCE_TABLE_CENSUS_TARGET_147.csv,1,RIV-USE-GFX147-109,RIV-CONS-721B1C,False,24,NO_FLAG,NOT_VALIDATED_I03,NOT_VALIDATED_I03,NOT_EXECUTED_I03,SOURCE_LABEL_AVAILABLE,NOT_APPROVED_BY_CENSUS
RIV-LZ-57BAD4,LZ,0x57BAD4,0x57BC83,0x57,0xBAD4,431,621b28aecfb5e846f5860aaa8e58cd034c7ad214a65d4e525adfe271f7f2070f,True,N/A,Success!,S415_RESOURCE_TABLE_CENSUS_TARGET_147.csv,1,RIV-USE-GFX147-112,RIV-CONS-721B1C,False,48,NO_FLAG,NOT_VALIDATED_I03,NOT_VALIDATED_I03,NOT_EXECUTED_I03,SOURCE_LABEL_AVAILABLE,NOT_APPROVED_BY_CENSUS
RIV-LZ-57BC84,LZ,0x57BC84,0x57BDFE,0x57,0xBC84,378,c8500e0ac78b7c459e00574958eb833f6f888525669a01b835b825a9589307fc,True,N/A,...Miss,S415_RESOURCE_TABLE_CENSUS_TARGET_147.csv,1,RIV-USE-GFX147-113,RIV-CONS-721B1C,False,42,NO_FLAG,NOT_VALIDATED_I03,NOT_VALIDATED_I03,NOT_EXECUTED_I03,SOURCE_LABEL_AVAILABLE,NOT_APPROVED_BY_CENSUS
RIV-LZ-57BDFE,LZ,0x57BDFE,0x57BFB0,0x57,0xBDFE,434,a2d450652b342940b75ef3ea5c3bb90a4e48d8cbd08c6a776d85d2a8869a95cb,True,N/A,Lucky!,S415_RESOURCE_TABLE_CENSUS_TARGET_147.csv,1,RIV-USE-GFX147-114,RIV-CONS-721B1C,False,36,NO_FLAG,NOT_VALIDATED_I03,NOT_VALIDATED_I03,NOT_EXECUTED_I03,SOURCE_LABEL_AVAILABLE,NOT_APPROVED_BY_CENSUS
RIV-LZ-57BFB0,LZ,0x57BFB0,0x57C1D7,0x57,0xBFB0,551,ae4e677436f508cb1e1765275d04ce0bce0a9ac09f99ed2125d2dcb3b48a7e7e,True,N/A,Bad luck...,S415_RESOURCE_TABLE_CENSUS_TARGET_147.csv,1,RIV-USE-GFX147-115,RIV-CONS-721B1C,False,63,NO_FLAG,NOT_VALIDATED_I03,NOT_VALIDATED_I03,NOT_EXECUTED_I03,SOURCE_LABEL_AVAILABLE,NOT_APPROVED_BY_CENSUS
RIV-LZ-57C1D8,LZ,0x57C1D8,0x57C8F4,0x57,0xC1D8,1820,57d7293faaf76638b22df9e8cd6822d2cca9bd31a39249b92ab97860755eb853,True,N/A,,,0,,,False,0,NO_FLAG,NOT_INDEXED,NOT_REVIEWED,NOT_EXECUTED_I05,NOT_DETERMINED_BY_HASH,NOT_INDEXED
RIV-LZ-57C8F4,LZ,0x57C8F4,0x57C997,0x57,0xC8F4,163,876b88ce3abe81d63a8a4adf5610d29f09025a79e7eef0ed8a86531aced3fa69,True,N/A,RANK,S416_NON_TABLE_GRAPHIC_LOCALIZATION.json,1,RIV-USE-NON_TABLE_TRANSLATED-854F[1],,True,24,NO_FLAG,NOT_VALIDATED_I03,NOT_VALIDATED_I03,NOT_EXECUTED_I03,SOURCE_LABEL_AVAILABLE,STATIC_GRAPHIC_SPEC_MATCH
RIV-LZ-57C9C2,LZ,0x57C9C2,0x57CAE4,0x57,0xC9C2,290,14a9dca22349d172256eef3f2bd4399a0fe4bf13b5892a9246512534bad6b69c,True,N/A,,,0,,,False,0,NO_FLAG,NOT_INDEXED,NOT_REVIEWED,NOT_EXECUTED_I05,NOT_DETERMINED_BY_HASH,NOT_INDEXED
RIV-LZ-57CAE4,LZ,0x57CAE4,0x57CD09,0x57,0xCAE4,549,775734736d5285bcd4944ac875275abf95009a3ea3c57031c8bd0078765bd634,True,N/A,,,0,,,False,0,NO_FLAG,NOT_INDEXED,NOT_REVIEWED,NOT_EXECUTED_I05,NOT_DETERMINED_BY_HASH,NOT_INDEXED
RIV-LZ-57CD0A,LZ,0x57CD0A,0x57CDE4,0x57,0xCD0A,218,1b0118a6fc173c5d7f4380e74a5accc3cd707ab92aef0c29f28fcbd43e31288c,True,N/A,Arrow/logo-like graphic; no Japanese visible.,S415_RESOURCE_TABLE_CENSUS_TARGET_147.csv,1,RIV-USE-GFX147-120,RIV-CONS-721B1C,False,258,NO_FLAG,NOT_VALIDATED_I03,NOT_VALIDATED_I03,NOT_EXECUTED_I03,SOURCE_LABEL_AVAILABLE,NOT_APPROVED_BY_CENSUS
RIV-LZ-57CDE4,LZ,0x57CDE4,0x57CE60,0x57,0xCDE4,124,f7492c4d07f998ce62d8dc21c87741121221f2925f330bd9542712aa434a355f,True,N/A,Go Ahead!,S415_RESOURCE_TABLE_CENSUS_TARGET_147.csv,1,RIV-USE-GFX147-121,RIV-CONS-721B1C,False,51,NO_FLAG,NOT_VALIDATED_I03,NOT_VALIDATED_I03,NOT_EXECUTED_I03,SOURCE_LABEL_AVAILABLE,NOT_APPROVED_BY_CENSUS
RIV-LZ-57CE60,LZ,0x57CE60,0x57D2A2,0x57,0xCE60,1090,dae514f4e167aaa2808339df17666ec44d6d1f00ee2aa7eb10ce23eb281465ae,True,N/A,Team Edit subtitle -> Select 3 members / for battle.,S415_RESOURCE_TABLE_CENSUS_TARGET_147.csv,1,RIV-USE-GFX147-20,RIV-CONS-721B1C,False,285,NO_FLAG,NOT_VALIDATED_I03,NOT_VALIDATED_I03,NOT_EXECUTED_I03,SOURCE_LABEL_AVAILABLE,NOT_APPROVED_BY_CENSUS
RIV-LZ-57D384,LZ,0x57D384,0x57D96D,0x57,0xD384,1513,0174bb94269f3c8f38c0895bdc21df2ead2793a8a53f04b6d960f86c681f5ff5,True,N/A,Item Select / Select up to 4 items / to use.,S415_RESOURCE_TABLE_CENSUS_TARGET_147.csv,1,RIV-USE-GFX147-21,RIV-CONS-721B1C,False,234,NO_FLAG,NOT_VALIDATED_I03,NOT_VALIDATED_I03,NOT_EXECUTED_I03,SOURCE_LABEL_AVAILABLE,NOT_APPROVED_BY_CENSUS
RIV-LZ-57D96E,LZ,0x57D96E,0x57DAFE,0x57,0xD96E,400,0d381823f3ea6367bc2f19b105c9fc06aeca21d596b8f1066c6a229342e870fc,True,N/A,Sendia Spirit Woods,S415_RESOURCE_TABLE_CENSUS_TARGET_147.csv,1,RIV-USE-GFX147-50,RIV-CONS-721B1C,False,108,NO_FLAG,NOT_VALIDATED_I03,NOT_VALIDATED_I03,NOT_EXECUTED_I03,SOURCE_LABEL_AVAILABLE,NOT_APPROVED_BY_CENSUS
RIV-LZ-57DC96,LZ,0x57DC96,0x57DDB8,0x57,0xDC96,290,181d9bbc6a0953483c9af3971ad55f78ed4b695f6845afdc0b0fa5b1c6fd9a7d,True,N/A,Heaven's Gate,S415_RESOURCE_TABLE_CENSUS_TARGET_147.csv,1,RIV-USE-GFX147-51,RIV-CONS-721B1C,False,75,NO_FLAG,NOT_VALIDATED_I03,NOT_VALIDATED_I03,NOT_EXECUTED_I03,SOURCE_LABEL_AVAILABLE,NOT_APPROVED_BY_CENSUS
RIV-LZ-57DEBE,LZ,0x57DEBE,0x57E047,0x57,0xDEBE,393,074821da5157c808b61c4595bb9c8035d42427d08d5d9be750c78f222c5e4580,True,N/A,Lacrima Black Castle,S415_RESOURCE_TABLE_CENSUS_TARGET_147.csv,1,RIV-USE-GFX147-52,RIV-CONS-721B1C,False,114,NO_FLAG,NOT_VALIDATED_I03,NOT_VALIDATED_I03,NOT_EXECUTED_I03,SOURCE_LABEL_AVAILABLE,NOT_APPROVED_BY_CENSUS
RIV-LZ-57E1AE,LZ,0x57E1AE,0x57E2E9,0x57,0xE1AE,315,e0fc48084f9184c02a3b734b1b182a09facd558ae14381008bbd5fcdbd78cced,True,N/A,Neldo Tree Ruins,S415_RESOURCE_TABLE_CENSUS_TARGET_147.csv,1,RIV-USE-GFX147-53,RIV-CONS-721B1C,False,90,NO_FLAG,NOT_VALIDATED_I03,NOT_VALIDATED_I03,NOT_EXECUTED_I03,SOURCE_LABEL_AVAILABLE,NOT_APPROVED_BY_CENSUS
RIV-LZ-57E458,LZ,0x57E458,0x57E5D2,0x57,0xE458,378,33370645f6ec8261e3328a70335f71cc4634b82c11475c2eb6715783ac68b3ef,True,N/A,Sunken City Tethys,S415_RESOURCE_TABLE_CENSUS_TARGET_147.csv,1,RIV-USE-GFX147-54,RIV-CONS-721B1C,False,102,NO_FLAG,NOT_VALIDATED_I03,NOT_VALIDATED_I03,NOT_EXECUTED_I03,SOURCE_LABEL_AVAILABLE,NOT_APPROVED_BY_CENSUS
RIV-LZ-57E728,LZ,0x57E728,0x57E864,0x57,0xE728,316,6b88f47a24cc8855aee03274ae1dc6fd20b02bd4b8c104b4c0e62b15a212f15b,True,N/A,Mireno Cemetery,S415_RESOURCE_TABLE_CENSUS_TARGET_147.csv,1,RIV-USE-GFX147-55,RIV-CONS-721B1C,False,87,NO_FLAG,NOT_VALIDATED_I03,NOT_VALIDATED_I03,NOT_EXECUTED_I03,SOURCE_LABEL_AVAILABLE,NOT_APPROVED_BY_CENSUS
RIV-LZ-57E992,LZ,0x57E992,0x57EAB1,0x57,0xE992,287,378249f91b3fc84cee8bd4fc41350a0f4c943345e3fdd505ea0e6bac275e46ce,True,N/A,Yggdrasil Realm,S415_RESOURCE_TABLE_CENSUS_TARGET_147.csv,1,RIV-USE-GFX147-56,RIV-CONS-721B1C,False,87,NO_FLAG,NOT_VALIDATED_I03,NOT_VALIDATED_I03,NOT_EXECUTED_I03,SOURCE_LABEL_AVAILABLE,NOT_APPROVED_BY_CENSUS
RIV-LZ-57EC24,LZ,0x57EC24,0x57ED00,0x57,0xEC24,220,503e3b3da70a202507f6c08881974cab470e6d1bb846a9759461176514dec895,True,N/A,Dark Maze,S415_RESOURCE_TABLE_CENSUS_TARGET_147.csv,1,RIV-USE-GFX147-57,RIV-CONS-721B1C,False,51,NO_FLAG,NOT_VALIDATED_I03,NOT_VALIDATED_I03,NOT_EXECUTED_I03,SOURCE_LABEL_AVAILABLE,NOT_APPROVED_BY_CENSUS
RIV-LZ-57EE1A,LZ,0x57EE1A,0x57EFC4,0x57,0xEE1A,426,ee31d233ca5acb4b0914af1d5c5e2b67e4704fe4be95b33490caa2111f936624,True,N/A,Balwene Grand Temple,S415_RESOURCE_TABLE_CENSUS_TARGET_147.csv,1,RIV-USE-GFX147-58,RIV-CONS-721B1C,False,114,NO_FLAG,NOT_VALIDATED_I03,NOT_VALIDATED_I03,NOT_EXECUTED_I03,SOURCE_LABEL_AVAILABLE,NOT_APPROVED_BY_CENSUS
RIV-LZ-57F10C,LZ,0x57F10C,0x57F4C7,0x57,0xF10C,955,50c785fcc43be10e025e3f55746d636b67045c7a1ea9ed35679cd72668d6e804,True,N/A,ATTACK / FOCUS,S416_NON_TABLE_GRAPHIC_LOCALIZATION.json,1,RIV-USE-NON_TABLE_TRANSLATED-42575[0],,True,78,NO_FLAG,NOT_VALIDATED_I03,NOT_VALIDATED_I03,NOT_EXECUTED_I03,SOURCE_LABEL_AVAILABLE,STATIC_GRAPHIC_SPEC_MATCH
RIV-LZ-57F620,LZ,0x57F620,0x57F974,0x57,0xF620,852,fc21c4ff8ffdca4054e678280d08bc5353f38376f540ddf8a1e02c0add5a6e28,True,N/A,MAGIC / FOCUS,S416_NON_TABLE_GRAPHIC_LOCALIZATION.json,1,RIV-USE-NON_TABLE_TRANSLATED-42575[1],,True,72,NO_FLAG,NOT_VALIDATED_I03,NOT_VALIDATED_I03,NOT_EXECUTED_I03,SOURCE_LABEL_AVAILABLE,STATIC_GRAPHIC_SPEC_MATCH
RIV-LZ-588E94,LZ,0x588E94,0x58933D,0x58,0x8E94,1193,4103c7290d6e6ecdbe0c591ddad5524612a7a4379de79e57c21b85d87758b68d,True,N/A,Rank S,S415_RESOURCE_TABLE_CENSUS_TARGET_147.csv,1,RIV-USE-GFX147-119,RIV-CONS-721B1C,False,33,NO_FLAG,NOT_VALIDATED_I03,NOT_VALIDATED_I03,NOT_EXECUTED_I03,SOURCE_LABEL_AVAILABLE,NOT_APPROVED_BY_CENSUS
RIV-LZ-58933E,LZ,0x58933E,0x5897BA,0x58,0x933E,1148,6c4ad5a7d6ce29b46f990ef648f6809162c6aa640f37f8e8b1a339782cfa05a4,True,N/A,Rank A,S415_RESOURCE_TABLE_CENSUS_TARGET_147.csv,1,RIV-USE-GFX147-118,RIV-CONS-721B1C,False,33,NO_FLAG,NOT_VALIDATED_I03,NOT_VALIDATED_I03,NOT_EXECUTED_I03,SOURCE_LABEL_AVAILABLE,NOT_APPROVED_BY_CENSUS
RIV-LZ-5897BA,LZ,0x5897BA,0x589B93,0x58,0x97BA,985,61f762a98ff142426604acf7c755dfc6ccb9ee4810be8400feb0bb7653936670,True,N/A,Rank B,S415_RESOURCE_TABLE_CENSUS_TARGET_147.csv,1,RIV-USE-GFX147-117,RIV-CONS-721B1C,False,33,NO_FLAG,NOT_VALIDATED_I03,NOT_VALIDATED_I03,NOT_EXECUTED_I03,SOURCE_LABEL_AVAILABLE,NOT_APPROVED_BY_CENSUS
RIV-LZ-589B94,LZ,0x589B94,0x589F71,0x58,0x9B94,989,387eea0d85357f71e98832b8481880bc869df93ad2f752a6f8204993ede9e7bf,True,N/A,Rank C,S415_RESOURCE_TABLE_CENSUS_TARGET_147.csv,1,RIV-USE-GFX147-116,RIV-CONS-721B1C,False,33,NO_FLAG,NOT_VALIDATED_I03,NOT_VALIDATED_I03,NOT_EXECUTED_I03,SOURCE_LABEL_AVAILABLE,NOT_APPROVED_BY_CENSUS
RIV-LZ-58DEC0,LZ,0x58DEC0,0x58DED2,0x58,0xDEC0,18,39f187710f1eb8e762520f36f8eda03ede51c3787821a062d6e8f6bb12fcdc37,True,N/A,,S417_8FC2_POINTER71_CENSUS.csv,1,RIV-USE-PTR71-0,RIV-CONS-728FC2,False,0,NO_FLAG,NOT_VALIDATED_I03,NOT_VALIDATED_I03,NOT_EXECUTED_I03,NOT_ESTABLISHED_I03,NOT_APPROVED_BY_CENSUS
RIV-LZ-58DED2,LZ,0x58DED2,0x58DEE5,0x58,0xDED2,19,e98270aa7d927e7c43ef01e4fe8d51edd2cc825f21887f81e6d2d0d3809bf705,True,N/A,,S417_8FC2_POINTER71_CENSUS.csv,1,RIV-USE-PTR71-1,RIV-CONS-728FC2,False,0,NO_FLAG,NOT_VALIDATED_I03,NOT_VALIDATED_I03,NOT_EXECUTED_I03,NOT_ESTABLISHED_I03,NOT_APPROVED_BY_CENSUS
RIV-LZ-58DEE6,LZ,0x58DEE6,0x58DEF9,0x58,0xDEE6,19,6ebb0cb8586e990510e14c18723b7cedae989d9e95f98c78a1d560ea972b04a8,True,N/A,,S417_8FC2_POINTER71_CENSUS.csv,1,RIV-USE-PTR71-2,RIV-CONS-728FC2,False,0,NO_FLAG,NOT_VALIDATED_I03,NOT_VALIDATED_I03,NOT_EXECUTED_I03,NOT_ESTABLISHED_I03,NOT_APPROVED_BY_CENSUS
RIV-LZ-58DEFA,LZ,0x58DEFA,0x58DF0E,0x58,0xDEFA,20,83173123f69800b677f0520d648f51e1835dd24ea8d49a680f8776d9e5b3de93,True,N/A,,S417_8FC2_POINTER71_CENSUS.csv,1,RIV-USE-PTR71-3,RIV-CONS-728FC2,False,0,NO_FLAG,NOT_VALIDATED_I03,NOT_VALIDATED_I03,NOT_EXECUTED_I03,NOT_ESTABLISHED_I03,NOT_APPROVED_BY_CENSUS
RIV-LZ-58DF0E,LZ,0x58DF0E,0x58DF24,0x58,0xDF0E,22,4c5c5304d12e3c3fae3c23ac63195c41f0486a6a9b72f71aa3d6409b0bea0f65,True,N/A,,S417_8FC2_POINTER71_CENSUS.csv,1,RIV-USE-PTR71-4,RIV-CONS-728FC2,False,0,NO_FLAG,NOT_VALIDATED_I03,NOT_VALIDATED_I03,NOT_EXECUTED_I03,NOT_ESTABLISHED_I03,NOT_APPROVED_BY_CENSUS
RIV-LZ-58DF24,LZ,0x58DF24,0x58DF3B,0x58,0xDF24,23,0754b6a4661248a6180ad746bbd1947143a725138bf40f98c968a49bf61b899f,True,N/A,,S417_8FC2_POINTER71_CENSUS.csv,1,RIV-USE-PTR71-5,RIV-CONS-728FC2,False,0,NO_FLAG,NOT_VALIDATED_I03,NOT_VALIDATED_I03,NOT_EXECUTED_I03,NOT_ESTABLISHED_I03,NOT_APPROVED_BY_CENSUS
RIV-LZ-58DF3C,LZ,0x58DF3C,0x58DF57,0x58,0xDF3C,27,0e4a5632b26d03f162025f71c22eb217f67cbe62aee39dc34ee8feef7dab663f,True,N/A,,S417_8FC2_POINTER71_CENSUS.csv,1,RIV-USE-PTR71-6,RIV-CONS-728FC2,False,0,NO_FLAG,NOT_VALIDATED_I03,NOT_VALIDATED_I03,NOT_EXECUTED_I03,NOT_ESTABLISHED_I03,NOT_APPROVED_BY_CENSUS
RIV-LZ-58DF58,LZ,0x58DF58,0x58DF77,0x58,0xDF58,31,36eaf4a2225e9263b95f4d8fcb06dffaae386acc12e50392e43f13a73f62686c,True,N/A,,S417_8FC2_POINTER71_CENSUS.csv,1,RIV-USE-PTR71-7,RIV-CONS-728FC2,False,0,NO_FLAG,NOT_VALIDATED_I03,NOT_VALIDATED_I03,NOT_EXECUTED_I03,NOT_ESTABLISHED_I03,NOT_APPROVED_BY_CENSUS
RIV-LZ-58DF78,LZ,0x58DF78,0x58DF9B,0x58,0xDF78,35,6e312325b1c463a07db24629f3098775bc8c3d0f7fef22f4c3941316f2ec5860,True,N/A,,S417_8FC2_POINTER71_CENSUS.csv,1,RIV-USE-PTR71-8,RIV-CONS-728FC2,False,0,NO_FLAG,NOT_VALIDATED_I03,NOT_VALIDATED_I03,NOT_EXECUTED_I03,NOT_ESTABLISHED_I03,NOT_APPROVED_BY_CENSUS
RIV-LZ-58DF9C,LZ,0x58DF9C,0x58DFC0,0x58,0xDF9C,36,eac91c37d5ddc3a7164f467aa933b23b679a8dc43b5c256737aa1acb8389ff09,True,N/A,,S417_8FC2_POINTER71_CENSUS.csv,1,RIV-USE-PTR71-9,RIV-CONS-728FC2,False,0,NO_FLAG,NOT_VALIDATED_I03,NOT_VALIDATED_I03,NOT_EXECUTED_I03,NOT_ESTABLISHED_I03,NOT_APPROVED_BY_CENSUS
RIV-LZ-58DFC0,LZ,0x58DFC0,0x58DFE4,0x58,0xDFC0,36,650386785118a33cc48b3ece091929f380a7fcb8bf0d889104c7e5fb0e993f0e,True,N/A,,S417_8FC2_POINTER71_CENSUS.csv,1,RIV-USE-PTR71-10,RIV-CONS-728FC2,False,0,NO_FLAG,NOT_VALIDATED_I03,NOT_VALIDATED_I03,NOT_EXECUTED_I03,NOT_ESTABLISHED_I03,NOT_APPROVED_BY_CENSUS
RIV-LZ-58DFE4,LZ,0x58DFE4,0x58E008,0x58,0xDFE4,36,16d84afc8cf9eca1c7bf2967e8773ece57d006c82f2f3e34f65f2d61f7adfc6c,True,N/A,,S417_8FC2_POINTER71_CENSUS.csv,1,RIV-USE-PTR71-11,RIV-CONS-728FC2,False,0,NO_FLAG,NOT_VALIDATED_I03,NOT_VALIDATED_I03,NOT_EXECUTED_I03,NOT_ESTABLISHED_I03,NOT_APPROVED_BY_CENSUS
RIV-LZ-58E008,LZ,0x58E008,0x58E02E,0x58,0xE008,38,23e82f393cf29c88be059c46f0abe20e5686121837ff48f254f020316f716e85,True,N/A,,S417_8FC2_POINTER71_CENSUS.csv,1,RIV-USE-PTR71-12,RIV-CONS-728FC2,False,0,NO_FLAG,NOT_VALIDATED_I03,NOT_VALIDATED_I03,NOT_EXECUTED_I03,NOT_ESTABLISHED_I03,NOT_APPROVED_BY_CENSUS
RIV-LZ-58E02E,LZ,0x58E02E,0x58E054,0x58,0xE02E,38,5c9fb63ccd20c1149ebc4b24d63e8b306f7bfc27ae76e1e0a5c02b5487beb138,True,N/A,,S417_8FC2_POINTER71_CENSUS.csv,1,RIV-USE-PTR71-13,RIV-CONS-728FC2,False,0,NO_FLAG,NOT_VALIDATED_I03,NOT_VALIDATED_I03,NOT_EXECUTED_I03,NOT_ESTABLISHED_I03,NOT_APPROVED_BY_CENSUS
RIV-LZ-58E054,LZ,0x58E054,0x58E07E,0x58,0xE054,42,ef97ed1453bb6dc9568e24598ae2e3bba834ce00af0bd25284db78057834d72e,True,N/A,,S417_8FC2_POINTER71_CENSUS.csv,1,RIV-USE-PTR71-14,RIV-CONS-728FC2,False,0,NO_FLAG,NOT_VALIDATED_I03,NOT_VALIDATED_I03,NOT_EXECUTED_I03,NOT_ESTABLISHED_I03,NOT_APPROVED_BY_CENSUS
RIV-LZ-58E07E,LZ,0x58E07E,0x58E0AC,0x58,0xE07E,46,38284ce68d3b05ad68f0a58bcfc69a4d59df7451aa9e63d4e243d27ef72fc902,True,N/A,,S417_8FC2_POINTER71_CENSUS.csv,1,RIV-USE-PTR71-15,RIV-CONS-728FC2,False,0,NO_FLAG,NOT_VALIDATED_I03,NOT_VALIDATED_I03,NOT_EXECUTED_I03,NOT_ESTABLISHED_I03,NOT_APPROVED_BY_CENSUS
RIV-LZ-58E0AC,LZ,0x58E0AC,0x58E0DE,0x58,0xE0AC,50,6b4aabdfd92a441deb88f6493c97464dd57f4f020c4890e694ee1d0c4864ecc6,True,N/A,,S417_8FC2_POINTER71_CENSUS.csv,1,RIV-USE-PTR71-16,RIV-CONS-728FC2,False,0,NO_FLAG,NOT_VALIDATED_I03,NOT_VALIDATED_I03,NOT_EXECUTED_I03,NOT_ESTABLISHED_I03,NOT_APPROVED_BY_CENSUS
RIV-LZ-58E0DE,LZ,0x58E0DE,0x58E111,0x58,0xE0DE,51,44c24159cbd37f3f97b8b4357474aba0fc7b5a6dbf7fa901c004925644b2c09b,True,N/A,,S417_8FC2_POINTER71_CENSUS.csv,1,RIV-USE-PTR71-17,RIV-CONS-728FC2,False,0,NO_FLAG,NOT_VALIDATED_I03,NOT_VALIDATED_I03,NOT_EXECUTED_I03,NOT_ESTABLISHED_I03,NOT_APPROVED_BY_CENSUS
RIV-LZ-58E112,LZ,0x58E112,0x58E145,0x58,0xE112,51,5882ef0ef8a770b5b1033dd305c6436c8fd3ad786c2f1da69039cab4eef81f3b,True,N/A,,S417_8FC2_POINTER71_CENSUS.csv,1,RIV-USE-PTR71-18,RIV-CONS-728FC2,False,0,NO_FLAG,NOT_VALIDATED_I03,NOT_VALIDATED_I03,NOT_EXECUTED_I03,NOT_ESTABLISHED_I03,NOT_APPROVED_BY_CENSUS
RIV-LZ-58E146,LZ,0x58E146,0x58E179,0x58,0xE146,51,95eef55418b7011a30f36e835e4fafb39ca2f2874791c813712d777184bbf02f,True,N/A,,S417_8FC2_POINTER71_CENSUS.csv,1,RIV-USE-PTR71-19,RIV-CONS-728FC2,False,0,NO_FLAG,NOT_VALIDATED_I03,NOT_VALIDATED_I03,NOT_EXECUTED_I03,NOT_ESTABLISHED_I03,NOT_APPROVED_BY_CENSUS
RIV-LZ-58E17A,LZ,0x58E17A,0x58E1AF,0x58,0xE17A,53,13c2c189c34d117e320045944329ec28a36204e7bb51e1c573f15554d4c4ce60,True,N/A,,S417_8FC2_POINTER71_CENSUS.csv,1,RIV-USE-PTR71-20,RIV-CONS-728FC2,False,0,NO_FLAG,NOT_VALIDATED_I03,NOT_VALIDATED_I03,NOT_EXECUTED_I03,NOT_ESTABLISHED_I03,NOT_APPROVED_BY_CENSUS
RIV-LZ-58E1B0,LZ,0x58E1B0,0x58E1E5,0x58,0xE1B0,53,5360263924877f281e2ef95207f2517290a4b990184b69d0031a45d1108f9b85,True,N/A,,S417_8FC2_POINTER71_CENSUS.csv,1,RIV-USE-PTR71-21,RIV-CONS-728FC2,False,0,NO_FLAG,NOT_VALIDATED_I03,NOT_VALIDATED_I03,NOT_EXECUTED_I03,NOT_ESTABLISHED_I03,NOT_APPROVED_BY_CENSUS
RIV-LZ-58E1E6,LZ,0x58E1E6,0x58E21F,0x58,0xE1E6,57,906dfeecb12f6cbc3ca9d38f507dbaeeff967c920ccf92e01a9e5dc30621eb19,True,N/A,,S417_8FC2_POINTER71_CENSUS.csv,1,RIV-USE-PTR71-22,RIV-CONS-728FC2,False,0,NO_FLAG,NOT_VALIDATED_I03,NOT_VALIDATED_I03,NOT_EXECUTED_I03,NOT_ESTABLISHED_I03,NOT_APPROVED_BY_CENSUS
RIV-LZ-58E220,LZ,0x58E220,0x58E25D,0x58,0xE220,61,1122dcbd64091ff886a04a9a5610308e53f365e64532cc63ad0bd820e6314415,True,N/A,,S417_8FC2_POINTER71_CENSUS.csv,1,RIV-USE-PTR71-23,RIV-CONS-728FC2,False,0,NO_FLAG,NOT_VALIDATED_I03,NOT_VALIDATED_I03,NOT_EXECUTED_I03,NOT_ESTABLISHED_I03,NOT_APPROVED_BY_CENSUS
RIV-LZ-58E25E,LZ,0x58E25E,0x58E29E,0x58,0xE25E,64,2914a2b49bf67535241c58680ef71fe852d146d722ceab82788b65a80f2ef12c,True,N/A,,S417_8FC2_POINTER71_CENSUS.csv,1,RIV-USE-PTR71-24,RIV-CONS-728FC2,False,0,NO_FLAG,NOT_VALIDATED_I03,NOT_VALIDATED_I03,NOT_EXECUTED_I03,NOT_ESTABLISHED_I03,NOT_APPROVED_BY_CENSUS
RIV-LZ-58E29E,LZ,0x58E29E,0x58E2E0,0x58,0xE29E,66,d27e33698b8774031e69b2b0634143782e6ee4d6998da4b644d46d9665bc36ba,True,N/A,,S417_8FC2_POINTER71_CENSUS.csv,1,RIV-USE-PTR71-25,RIV-CONS-728FC2,False,0,NO_FLAG,NOT_VALIDATED_I03,NOT_VALIDATED_I03,NOT_EXECUTED_I03,NOT_ESTABLISHED_I03,NOT_APPROVED_BY_CENSUS
RIV-LZ-58E2E0,LZ,0x58E2E0,0x58E322,0x58,0xE2E0,66,2d934c906ba179ca79d774897552a70b41878ff353f8a61c5f073963de290d17,True,N/A,,S417_8FC2_POINTER71_CENSUS.csv,1,RIV-USE-PTR71-26,RIV-CONS-728FC2,False,0,NO_FLAG,NOT_VALIDATED_I03,NOT_VALIDATED_I03,NOT_EXECUTED_I03,NOT_ESTABLISHED_I03,NOT_APPROVED_BY_CENSUS
RIV-LZ-58E322,LZ,0x58E322,0x58E364,0x58,0xE322,66,fe93cd36a84566042cfcea18c04d3a5430018c71fcfdacd481ec9cf763785447,True,N/A,,S417_8FC2_POINTER71_CENSUS.csv,1,RIV-USE-PTR71-27,RIV-CONS-728FC2,False,0,NO_FLAG,NOT_VALIDATED_I03,NOT_VALIDATED_I03,NOT_EXECUTED_I03,NOT_ESTABLISHED_I03,NOT_APPROVED_BY_CENSUS
RIV-LZ-58E364,LZ,0x58E364,0x58E3A8,0x58,0xE364,68,4304260e98e693ffa19ef72170d1fbf93527d7bbb5a18e4d6de5da8faa75811c,True,N/A,,S417_8FC2_POINTER71_CENSUS.csv,1,RIV-USE-PTR71-28,RIV-CONS-728FC2,False,0,NO_FLAG,NOT_VALIDATED_I03,NOT_VALIDATED_I03,NOT_EXECUTED_I03,NOT_ESTABLISHED_I03,NOT_APPROVED_BY_CENSUS
RIV-LZ-58E3A8,LZ,0x58E3A8,0x58E3EC,0x58,0xE3A8,68,d8b3d15969fd62324842cd273cdbaa45fbf52cdf53c624c6103ff0e91ab56338,True,N/A,,S417_8FC2_POINTER71_CENSUS.csv,1,RIV-USE-PTR71-29,RIV-CONS-728FC2,False,0,NO_FLAG,NOT_VALIDATED_I03,NOT_VALIDATED_I03,NOT_EXECUTED_I03,NOT_ESTABLISHED_I03,NOT_APPROVED_BY_CENSUS
RIV-LZ-58E3EC,LZ,0x58E3EC,0x58E432,0x58,0xE3EC,70,4fac650297b17b00fc589ce10f010901f4734d210e0542d20d705837aa0adc46,True,N/A,,S417_8FC2_POINTER71_CENSUS.csv,1,RIV-USE-PTR71-30,RIV-CONS-728FC2,False,0,NO_FLAG,NOT_VALIDATED_I03,NOT_VALIDATED_I03,NOT_EXECUTED_I03,NOT_ESTABLISHED_I03,NOT_APPROVED_BY_CENSUS
RIV-LZ-58E432,LZ,0x58E432,0x58E47C,0x58,0xE432,74,69bd12f1e307b2f7946a2ac8db5aba8e8ed6305019cd3d078f40660bda1758ff,True,N/A,,S417_8FC2_POINTER71_CENSUS.csv,1,RIV-USE-PTR71-31,RIV-CONS-728FC2,False,0,NO_FLAG,NOT_VALIDATED_I03,NOT_VALIDATED_I03,NOT_EXECUTED_I03,NOT_ESTABLISHED_I03,NOT_APPROVED_BY_CENSUS
RIV-LZ-58E47C,LZ,0x58E47C,0x58E4C9,0x58,0xE47C,77,8ab504e0716ffe50a7e81ab8900bff59bf78008887a42d49f33f4ca411b93aa8,True,N/A,,S417_8FC2_POINTER71_CENSUS.csv,1,RIV-USE-PTR71-32,RIV-CONS-728FC2,False,0,NO_FLAG,NOT_VALIDATED_I03,NOT_VALIDATED_I03,NOT_EXECUTED_I03,NOT_ESTABLISHED_I03,NOT_APPROVED_BY_CENSUS
RIV-LZ-58E4CA,LZ,0x58E4CA,0x58E519,0x58,0xE4CA,79,85f799ff640605f3e65b2d4b731c68a67c66d2fd605675c8d1b5a081cb347558,True,N/A,,S417_8FC2_POINTER71_CENSUS.csv,1,RIV-USE-PTR71-33,RIV-CONS-728FC2,False,0,NO_FLAG,NOT_VALIDATED_I03,NOT_VALIDATED_I03,NOT_EXECUTED_I03,NOT_ESTABLISHED_I03,NOT_APPROVED_BY_CENSUS
RIV-LZ-58E51A,LZ,0x58E51A,0x58E569,0x58,0xE51A,79,ec9816e7fe1714bfc30b76104f0467fb516d2ae90443aa3535b9f2db9054a780,True,N/A,,S417_8FC2_POINTER71_CENSUS.csv,1,RIV-USE-PTR71-34,RIV-CONS-728FC2,False,0,NO_FLAG,NOT_VALIDATED_I03,NOT_VALIDATED_I03,NOT_EXECUTED_I03,NOT_ESTABLISHED_I03,NOT_APPROVED_BY_CENSUS
RIV-LZ-58E56A,LZ,0x58E56A,0x58E5B9,0x58,0xE56A,79,1bad7c0bb8b166322423f9331f04adf23d34000e5b0420ae42ebdcb811827a9a,True,N/A,,S417_8FC2_POINTER71_CENSUS.csv,1,RIV-USE-PTR71-35,RIV-CONS-728FC2,False,0,NO_FLAG,NOT_VALIDATED_I03,NOT_VALIDATED_I03,NOT_EXECUTED_I03,NOT_ESTABLISHED_I03,NOT_APPROVED_BY_CENSUS
RIV-LZ-58E5BA,LZ,0x58E5BA,0x58E60B,0x58,0xE5BA,81,35a37a518be41c78eef798573ff45949b6f19722d7201aedacbbfa27694f740d,True,N/A,,S417_8FC2_POINTER71_CENSUS.csv,1,RIV-USE-PTR71-36,RIV-CONS-728FC2,False,0,NO_FLAG,NOT_VALIDATED_I03,NOT_VALIDATED_I03,NOT_EXECUTED_I03,NOT_ESTABLISHED_I03,NOT_APPROVED_BY_CENSUS
RIV-LZ-58E60C,LZ,0x58E60C,0x58E65D,0x58,0xE60C,81,2bfefabd3b61ece606608c56b0ed1c2b65574d5cfb6409b59e2e0029a367585d,True,N/A,,S417_8FC2_POINTER71_CENSUS.csv,1,RIV-USE-PTR71-37,RIV-CONS-728FC2,False,0,NO_FLAG,NOT_VALIDATED_I03,NOT_VALIDATED_I03,NOT_EXECUTED_I03,NOT_ESTABLISHED_I03,NOT_APPROVED_BY_CENSUS
RIV-LZ-58E65E,LZ,0x58E65E,0x58E6B3,0x58,0xE65E,85,20a98bccf9412b4e782b94cbf0b8b9f12661c9ab2d4aa0e91d4c3e65a500870f,True,N/A,,S417_8FC2_POINTER71_CENSUS.csv,1,RIV-USE-PTR71-38,RIV-CONS-728FC2,False,0,NO_FLAG,NOT_VALIDATED_I03,NOT_VALIDATED_I03,NOT_EXECUTED_I03,NOT_ESTABLISHED_I03,NOT_APPROVED_BY_CENSUS
RIV-LZ-58E6B4,LZ,0x58E6B4,0x58E70D,0x58,0xE6B4,89,49f70a2f9792dbc11d2e03ef99d0845e0348c14108eded618fb57be69c96289c,True,N/A,,S417_8FC2_POINTER71_CENSUS.csv,1,RIV-USE-PTR71-39,RIV-CONS-728FC2,False,0,NO_FLAG,NOT_VALIDATED_I03,NOT_VALIDATED_I03,NOT_EXECUTED_I03,NOT_ESTABLISHED_I03,NOT_APPROVED_BY_CENSUS
RIV-LZ-58E70E,LZ,0x58E70E,0x58E76A,0x58,0xE70E,92,8b25c06555f082c6ce6d8762b0a85f8534718d9d3cce7b79d4a49400afe8e8e9,True,N/A,,S417_8FC2_POINTER71_CENSUS.csv,1,RIV-USE-PTR71-40,RIV-CONS-728FC2,False,0,NO_FLAG,NOT_VALIDATED_I03,NOT_VALIDATED_I03,NOT_EXECUTED_I03,NOT_ESTABLISHED_I03,NOT_APPROVED_BY_CENSUS
RIV-LZ-58E76A,LZ,0x58E76A,0x58E7C8,0x58,0xE76A,94,74b1d16103d7cc5e76954ab755ba1426b8afcb20d0498b73b25e0baef228856c,True,N/A,,S417_8FC2_POINTER71_CENSUS.csv,1,RIV-USE-PTR71-41,RIV-CONS-728FC2,False,0,NO_FLAG,NOT_VALIDATED_I03,NOT_VALIDATED_I03,NOT_EXECUTED_I03,NOT_ESTABLISHED_I03,NOT_APPROVED_BY_CENSUS
RIV-LZ-58E7C8,LZ,0x58E7C8,0x58E826,0x58,0xE7C8,94,6f72963d6ed1feae23234fd6790513e8d865b9703f59ca840f4b0a4d133676bf,True,N/A,,S417_8FC2_POINTER71_CENSUS.csv,1,RIV-USE-PTR71-42,RIV-CONS-728FC2,False,0,NO_FLAG,NOT_VALIDATED_I03,NOT_VALIDATED_I03,NOT_EXECUTED_I03,NOT_ESTABLISHED_I03,NOT_APPROVED_BY_CENSUS
RIV-LZ-58E826,LZ,0x58E826,0x58E884,0x58,0xE826,94,eaca821ac80f108c5b1e0a0fac1c548e76102144ea70dcb416b48a83349c7314,True,N/A,,S417_8FC2_POINTER71_CENSUS.csv,1,RIV-USE-PTR71-43,RIV-CONS-728FC2,False,0,NO_FLAG,NOT_VALIDATED_I03,NOT_VALIDATED_I03,NOT_EXECUTED_I03,NOT_ESTABLISHED_I03,NOT_APPROVED_BY_CENSUS
RIV-LZ-58E884,LZ,0x58E884,0x58E8E4,0x58,0xE884,96,80880c83ae9d6836935ab8be36c66c851db4c16010fd3e040f3476811cbbc0db,True,N/A,,S417_8FC2_POINTER71_CENSUS.csv,1,RIV-USE-PTR71-44,RIV-CONS-728FC2,False,0,NO_FLAG,NOT_VALIDATED_I03,NOT_VALIDATED_I03,NOT_EXECUTED_I03,NOT_ESTABLISHED_I03,NOT_APPROVED_BY_CENSUS
RIV-LZ-58E8E4,LZ,0x58E8E4,0x58E944,0x58,0xE8E4,96,3bceb4ec7cc1e46fb80c54b4862266878735aa195047cb73e8b9de982b7a02e3,True,N/A,,S417_8FC2_POINTER71_CENSUS.csv,1,RIV-USE-PTR71-45,RIV-CONS-728FC2,False,0,NO_FLAG,NOT_VALIDATED_I03,NOT_VALIDATED_I03,NOT_EXECUTED_I03,NOT_ESTABLISHED_I03,NOT_APPROVED_BY_CENSUS
RIV-LZ-58E944,LZ,0x58E944,0x58E9A8,0x58,0xE944,100,200ce4338e8ad504759722f4948d65de77b890a19289b8815bcd24488d38179a,True,N/A,,S417_8FC2_POINTER71_CENSUS.csv,1,RIV-USE-PTR71-46,RIV-CONS-728FC2,False,0,NO_FLAG,NOT_VALIDATED_I03,NOT_VALIDATED_I03,NOT_EXECUTED_I03,NOT_ESTABLISHED_I03,NOT_APPROVED_BY_CENSUS
RIV-LZ-58E9A8,LZ,0x58E9A8,0x58EA10,0x58,0xE9A8,104,8c343290b709e400830e1eb8dcedaeede9ff2428538722f5ba300c8857b6b7b8,True,N/A,,S417_8FC2_POINTER71_CENSUS.csv,1,RIV-USE-PTR71-47,RIV-CONS-728FC2,False,0,NO_FLAG,NOT_VALIDATED_I03,NOT_VALIDATED_I03,NOT_EXECUTED_I03,NOT_ESTABLISHED_I03,NOT_APPROVED_BY_CENSUS
RIV-LZ-58EA10,LZ,0x58EA10,0x58EA7B,0x58,0xEA10,107,d00b580d375d97b0bdb2ef154008ec0b579cbb7bb5493e3560977596941746b6,True,N/A,,S417_8FC2_POINTER71_CENSUS.csv,1,RIV-USE-PTR71-48,RIV-CONS-728FC2,False,0,NO_FLAG,NOT_VALIDATED_I03,NOT_VALIDATED_I03,NOT_EXECUTED_I03,NOT_ESTABLISHED_I03,NOT_APPROVED_BY_CENSUS
RIV-LZ-58EA7C,LZ,0x58EA7C,0x58EAE9,0x58,0xEA7C,109,5e73cd2ed8c46e610c072e5c966ff387520aef68acc76c2b5d883e21573c69cf,True,N/A,,S417_8FC2_POINTER71_CENSUS.csv,1,RIV-USE-PTR71-49,RIV-CONS-728FC2,False,0,NO_FLAG,NOT_VALIDATED_I03,NOT_VALIDATED_I03,NOT_EXECUTED_I03,NOT_ESTABLISHED_I03,NOT_APPROVED_BY_CENSUS
RIV-LZ-58EAEA,LZ,0x58EAEA,0x58EB58,0x58,0xEAEA,110,8e51f0e98825d4faabcb72cca29e47e51e2ebbe29268173bed4506be967877fe,True,N/A,,S417_8FC2_POINTER71_CENSUS.csv,1,RIV-USE-PTR71-50,RIV-CONS-728FC2,False,0,NO_FLAG,NOT_VALIDATED_I03,NOT_VALIDATED_I03,NOT_EXECUTED_I03,NOT_ESTABLISHED_I03,NOT_APPROVED_BY_CENSUS
RIV-LZ-58EB58,LZ,0x58EB58,0x58EBC6,0x58,0xEB58,110,0064a6e9a0fbcc1fd16c1f30c64c2488697dbc338662e92773faf08df2f45e4f,True,N/A,,S417_8FC2_POINTER71_CENSUS.csv,1,RIV-USE-PTR71-51,RIV-CONS-728FC2,False,0,NO_FLAG,NOT_VALIDATED_I03,NOT_VALIDATED_I03,NOT_EXECUTED_I03,NOT_ESTABLISHED_I03,NOT_APPROVED_BY_CENSUS
RIV-LZ-58EBC6,LZ,0x58EBC6,0x58EC35,0x58,0xEBC6,111,4fa84c04ac44f4bd91c42609ad8e594f8361dc5c05bc5c1ef240bf0df784d234,True,N/A,,S417_8FC2_POINTER71_CENSUS.csv,1,RIV-USE-PTR71-52,RIV-CONS-728FC2,False,0,NO_FLAG,NOT_VALIDATED_I03,NOT_VALIDATED_I03,NOT_EXECUTED_I03,NOT_ESTABLISHED_I03,NOT_APPROVED_BY_CENSUS
RIV-LZ-58EC36,LZ,0x58EC36,0x58ECA5,0x58,0xEC36,111,558e2db82d26cef151a78a1d782369055f789a3cc7e6aaa2df7d36789bfb65fc,True,N/A,,S417_8FC2_POINTER71_CENSUS.csv,1,RIV-USE-PTR71-53,RIV-CONS-728FC2,False,0,NO_FLAG,NOT_VALIDATED_I03,NOT_VALIDATED_I03,NOT_EXECUTED_I03,NOT_ESTABLISHED_I03,NOT_APPROVED_BY_CENSUS
RIV-LZ-58ECA6,LZ,0x58ECA6,0x58ED19,0x58,0xECA6,115,61950e5234d56624efcff31596d3bd9e3918b0ad8b247b2f5a780f0ac98125b7,True,N/A,,S417_8FC2_POINTER71_CENSUS.csv,1,RIV-USE-PTR71-54,RIV-CONS-728FC2,False,0,NO_FLAG,NOT_VALIDATED_I03,NOT_VALIDATED_I03,NOT_EXECUTED_I03,NOT_ESTABLISHED_I03,NOT_APPROVED_BY_CENSUS
RIV-LZ-58ED1A,LZ,0x58ED1A,0x58ED91,0x58,0xED1A,119,95d77bcf4495caa684c560c972e542882a637760b25727ea2a6a2c88fdf70ff8,True,N/A,,S417_8FC2_POINTER71_CENSUS.csv,1,RIV-USE-PTR71-55,RIV-CONS-728FC2,False,0,NO_FLAG,NOT_VALIDATED_I03,NOT_VALIDATED_I03,NOT_EXECUTED_I03,NOT_ESTABLISHED_I03,NOT_APPROVED_BY_CENSUS
RIV-LZ-58ED92,LZ,0x58ED92,0x58EE0C,0x58,0xED92,122,5155a17b8eef4593498d564656de64bd7f81964fdf82b85d2679fc18036bbe62,True,N/A,,S417_8FC2_POINTER71_CENSUS.csv,1,RIV-USE-PTR71-56,RIV-CONS-728FC2,False,0,NO_FLAG,NOT_VALIDATED_I03,NOT_VALIDATED_I03,NOT_EXECUTED_I03,NOT_ESTABLISHED_I03,NOT_APPROVED_BY_CENSUS
RIV-LZ-58EE0C,LZ,0x58EE0C,0x58EE88,0x58,0xEE0C,124,ab3fe5cb35cef4b6a2a2e9246194bbe4b2cba14050daf176a345b7592a0e04de,True,N/A,,S417_8FC2_POINTER71_CENSUS.csv,1,RIV-USE-PTR71-57,RIV-CONS-728FC2,False,0,NO_FLAG,NOT_VALIDATED_I03,NOT_VALIDATED_I03,NOT_EXECUTED_I03,NOT_ESTABLISHED_I03,NOT_APPROVED_BY_CENSUS
RIV-LZ-58EE88,LZ,0x58EE88,0x58EF05,0x58,0xEE88,125,50dc2ef5186667dbcee241e6943f9c0b44d4c08218389407e28c2e4d92699c9d,True,N/A,,S417_8FC2_POINTER71_CENSUS.csv,1,RIV-USE-PTR71-58,RIV-CONS-728FC2,False,0,NO_FLAG,NOT_VALIDATED_I03,NOT_VALIDATED_I03,NOT_EXECUTED_I03,NOT_ESTABLISHED_I03,NOT_APPROVED_BY_CENSUS
RIV-LZ-58EF06,LZ,0x58EF06,0x58EF83,0x58,0xEF06,125,08a8345c933beb98e3305ad03aeac8f1a7e345547594bf7871d618b236d09ef9,True,N/A,,S417_8FC2_POINTER71_CENSUS.csv,1,RIV-USE-PTR71-59,RIV-CONS-728FC2,False,0,NO_FLAG,NOT_VALIDATED_I03,NOT_VALIDATED_I03,NOT_EXECUTED_I03,NOT_ESTABLISHED_I03,NOT_APPROVED_BY_CENSUS
RIV-LZ-58EF84,LZ,0x58EF84,0x58F002,0x58,0xEF84,126,67bd1bcd6795f2e848ddf8bcf2b1a4cd0105f1be43638d7d4f11e15690600cb9,True,N/A,,S417_8FC2_POINTER71_CENSUS.csv,1,RIV-USE-PTR71-60,RIV-CONS-728FC2,False,0,NO_FLAG,NOT_VALIDATED_I03,NOT_VALIDATED_I03,NOT_EXECUTED_I03,NOT_ESTABLISHED_I03,NOT_APPROVED_BY_CENSUS
RIV-LZ-58F002,LZ,0x58F002,0x58F080,0x58,0xF002,126,56ce7703d30a7a023d373899c229766038fb14229b74c330cf283006a87b77d1,True,N/A,,S417_8FC2_POINTER71_CENSUS.csv,1,RIV-USE-PTR71-61,RIV-CONS-728FC2,False,0,NO_FLAG,NOT_VALIDATED_I03,NOT_VALIDATED_I03,NOT_EXECUTED_I03,NOT_ESTABLISHED_I03,NOT_APPROVED_BY_CENSUS
RIV-LZ-58F080,LZ,0x58F080,0x58F100,0x58,0xF080,128,eb82cf848c2c79a999f38fb90029954914f32aba13f1a03c4a0aa7a010cb27e7,True,N/A,,S417_8FC2_POINTER71_CENSUS.csv,1,RIV-USE-PTR71-62,RIV-CONS-728FC2,False,0,NO_FLAG,NOT_VALIDATED_I03,NOT_VALIDATED_I03,NOT_EXECUTED_I03,NOT_ESTABLISHED_I03,NOT_APPROVED_BY_CENSUS
RIV-LZ-58F100,LZ,0x58F100,0x58F184,0x58,0xF100,132,a00e02c81c16cde9f942a21031de2bba5a1640b10ae64810bd9daf85bed5b2f4,True,N/A,,S417_8FC2_POINTER71_CENSUS.csv,1,RIV-USE-PTR71-63,RIV-CONS-728FC2,False,0,NO_FLAG,NOT_VALIDATED_I03,NOT_VALIDATED_I03,NOT_EXECUTED_I03,NOT_ESTABLISHED_I03,NOT_APPROVED_BY_CENSUS
RIV-LZ-58F184,LZ,0x58F184,0x58F20B,0x58,0xF184,135,5fcf4dcb7ea7b6516e7ab94fa451e3059ec1f0bbfb970c32bedb97f0151cbd7a,True,N/A,,S417_8FC2_POINTER71_CENSUS.csv,1,RIV-USE-PTR71-64,RIV-CONS-728FC2,False,0,NO_FLAG,NOT_VALIDATED_I03,NOT_VALIDATED_I03,NOT_EXECUTED_I03,NOT_ESTABLISHED_I03,NOT_APPROVED_BY_CENSUS
RIV-LZ-58F20C,LZ,0x58F20C,0x58F293,0x58,0xF20C,135,47d7afb46c2089fbbbc1163f7e337824be3091955585c803d84610d6aecf62f4,True,N/A,,S417_8FC2_POINTER71_CENSUS.csv,1,RIV-USE-PTR71-65,RIV-CONS-728FC2,False,0,NO_FLAG,NOT_VALIDATED_I03,NOT_VALIDATED_I03,NOT_EXECUTED_I03,NOT_ESTABLISHED_I03,NOT_APPROVED_BY_CENSUS
RIV-LZ-58F294,LZ,0x58F294,0x58F31C,0x58,0xF294,136,b21decd56f4fe510b3c0d0da35e77042725385f8f1d4abbc5305d21a25e256d0,True,N/A,,S417_8FC2_POINTER71_CENSUS.csv,1,RIV-USE-PTR71-66,RIV-CONS-728FC2,False,0,NO_FLAG,NOT_VALIDATED_I03,NOT_VALIDATED_I03,NOT_EXECUTED_I03,NOT_ESTABLISHED_I03,NOT_APPROVED_BY_CENSUS
RIV-LZ-58F31C,LZ,0x58F31C,0x58F3A5,0x58,0xF31C,137,5d2097859600aab9677d3162855eeee1df4a6827ac7b3c30325a025c875cf4f3,True,N/A,,S417_8FC2_POINTER71_CENSUS.csv,1,RIV-USE-PTR71-67,RIV-CONS-728FC2,False,0,NO_FLAG,NOT_VALIDATED_I03,NOT_VALIDATED_I03,NOT_EXECUTED_I03,NOT_ESTABLISHED_I03,NOT_APPROVED_BY_CENSUS
RIV-LZ-58F3A6,LZ,0x58F3A6,0x58F42F,0x58,0xF3A6,137,94a675a26919c5611f78017daf41d5c411f72722ac225ee7f4ade95536c79fbe,True,N/A,,S417_8FC2_POINTER71_CENSUS.csv,1,RIV-USE-PTR71-68,RIV-CONS-728FC2,False,0,NO_FLAG,NOT_VALIDATED_I03,NOT_VALIDATED_I03,NOT_EXECUTED_I03,NOT_ESTABLISHED_I03,NOT_APPROVED_BY_CENSUS
RIV-LZ-58F430,LZ,0x58F430,0x58F4B9,0x58,0xF430,137,bfb05397da487e3d4c9fdaca538d83971e730e9985ccd17bf4db5998dc0bf270,True,N/A,,S417_8FC2_POINTER71_CENSUS.csv,1,RIV-USE-PTR71-69,RIV-CONS-728FC2,False,0,NO_FLAG,NOT_VALIDATED_I03,NOT_VALIDATED_I03,NOT_EXECUTED_I03,NOT_ESTABLISHED_I03,NOT_APPROVED_BY_CENSUS
RIV-LZ-58F4BA,LZ,0x58F4BA,0x58F50F,0x58,0xF4BA,85,3ad99cef4759d5f04c0783628f152911fab6f133896178b5b089ab98ca3b7955,True,N/A,,S417_8FC2_POINTER71_CENSUS.csv,1,RIV-USE-PTR71-70,RIV-CONS-728FC2,False,0,NO_FLAG,NOT_VALIDATED_I03,NOT_VALIDATED_I03,NOT_EXECUTED_I03,NOT_ESTABLISHED_I03,NOT_APPROVED_BY_CENSUS
RIV-RAW-59C650,RAW,0x59C650,0x59D450,0x59,0xC650,3584,2a93f522913f46cdbdcb9dfc0501ed0a80520e9f6073c1fbed17551b805b23a2,True,N/A,,,0,,,False,0,NO_FLAG,NOT_INDEXED,NOT_REVIEWED,NOT_EXECUTED_I05,NOT_DETERMINED_BY_HASH,NOT_INDEXED
RIV-RAW-59D450,RAW,0x59D450,0x59E250,0x59,0xD450,3584,3a302090186f66e381330fde94dd6e3f69367c11a656c1972b29e8e76204eb1a,True,N/A,,,0,,,False,0,NO_FLAG,NOT_INDEXED,NOT_REVIEWED,NOT_EXECUTED_I05,NOT_DETERMINED_BY_HASH,NOT_INDEXED
RIV-RAW-59E250,RAW,0x59E250,0x59F050,0x59,0xE250,3584,cb066050e7a9b5c4e098bc38ca8b4898f5fe1d026406c8f6f6bd14287677cfac,True,N/A,,,0,,,False,0,NO_FLAG,NOT_INDEXED,NOT_REVIEWED,NOT_EXECUTED_I05,NOT_DETERMINED_BY_HASH,NOT_INDEXED
RIV-RAW-59F050,RAW,0x59F050,0x59FE50,0x59,0xF050,3584,a1dd2c9bf484dc09fcac5efe0a951854f541f569929e8d65e28d82a93a20ce12,True,N/A,,,0,,,False,0,NO_FLAG,NOT_INDEXED,NOT_REVIEWED,NOT_EXECUTED_I05,NOT_DETERMINED_BY_HASH,NOT_INDEXED
RIV-LZ-5A1070,LZ,0x5A1070,0x5A1FE9,0x5A,0x1070,3961,e0913aa2b70531ce0d51225e35d45c0f643fb6bd075327e0bdde5a49e348f388,True,N/A,,,0,,,False,0,NO_FLAG,NOT_INDEXED,NOT_REVIEWED,NOT_EXECUTED_I05,NOT_DETERMINED_BY_HASH,NOT_INDEXED
RIV-LZ-5A200A,LZ,0x5A200A,0x5A3600,0x5A,0x200A,5622,974ccb09fc4b165848bb30d0086b310bc3551344fce5690ea906eff1cd932fb4,True,N/A,,,0,,,False,0,NO_FLAG,NOT_INDEXED,NOT_REVIEWED,NOT_EXECUTED_I05,NOT_DETERMINED_BY_HASH,NOT_INDEXED
RIV-LZ-5A3620,LZ,0x5A3620,0x5A4B8B,0x5A,0x3620,5483,0f6fc08784754bbc75cfb285c3c23112dfc425ab7d70a103ab786e6caa2327f8,True,N/A,,,0,,,False,0,NO_FLAG,NOT_INDEXED,NOT_REVIEWED,NOT_EXECUTED_I05,NOT_DETERMINED_BY_HASH,NOT_INDEXED
RIV-LZ-5A4BAC,LZ,0x5A4BAC,0x5A603F,0x5A,0x4BAC,5267,39ded5e78b1cfe562200ce207376e89b7300290a33131a2a8665cccee3bd6821,True,N/A,,,0,,,False,0,NO_FLAG,NOT_INDEXED,NOT_REVIEWED,NOT_EXECUTED_I05,NOT_DETERMINED_BY_HASH,NOT_INDEXED
RIV-LZ-5A6060,LZ,0x5A6060,0x5A72CF,0x5A,0x6060,4719,899cca691f8ffc2c0dae6af0b5a809d0836d28c80aee2f03e8c6972024b46451,True,N/A,,,0,,,False,0,NO_FLAG,NOT_INDEXED,NOT_REVIEWED,NOT_EXECUTED_I05,NOT_DETERMINED_BY_HASH,NOT_INDEXED
RIV-LZ-5A72F0,LZ,0x5A72F0,0x5A8B42,0x5A,0x72F0,6226,f973b12216619f18b8049760d6f380ed33955435ec1562f9de54dd63aac9c881,True,N/A,,,0,,,False,0,NO_FLAG,NOT_INDEXED,NOT_REVIEWED,NOT_EXECUTED_I05,NOT_DETERMINED_BY_HASH,NOT_INDEXED
RIV-LZ-5A8B42,LZ,0x5A8B42,0x5AA20F,0x5A,0x8B42,5837,af1df6adebf974bf237ebc2fc0e6e6767fb250ebc06588bbf5dab3fd8bacb428,True,N/A,,,0,,,False,0,NO_FLAG,NOT_INDEXED,NOT_REVIEWED,NOT_EXECUTED_I05,NOT_DETERMINED_BY_HASH,NOT_INDEXED
RIV-LZ-5AA210,LZ,0x5AA210,0x5AB91B,0x5A,0xA210,5899,f078199b94eb59f7dff4c1bb6b16087a7b94d2872f4dffc6b024727860d1cd51,True,N/A,,,0,,,False,0,NO_FLAG,NOT_INDEXED,NOT_REVIEWED,NOT_EXECUTED_I05,NOT_DETERMINED_BY_HASH,NOT_INDEXED
RIV-LZ-5AB91C,LZ,0x5AB91C,0x5ACFA2,0x5A,0xB91C,5766,7e7c4f200aeae0c9a165ecbf8ccc35d3468b64e7d1e369cd85c24bf63caea602,True,N/A,,,0,,,False,0,NO_FLAG,NOT_INDEXED,NOT_REVIEWED,NOT_EXECUTED_I05,NOT_DETERMINED_BY_HASH,NOT_INDEXED
RIV-LZ-5ACFA2,LZ,0x5ACFA2,0x5AE754,0x5A,0xCFA2,6066,66add116e4efce3838eedff018b037f2ca05fff7734c8a013c4ee80caff45e73,True,N/A,,,0,,,False,0,NO_FLAG,NOT_INDEXED,NOT_REVIEWED,NOT_EXECUTED_I05,NOT_DETERMINED_BY_HASH,NOT_INDEXED
RIV-LZ-5AE754,LZ,0x5AE754,0x5AF44B,0x5A,0xE754,3319,89ee96411530033b82460e238757535d59f5c9a592c915fa92c2e34087db19bb,True,N/A,,,0,,,False,0,NO_FLAG,NOT_INDEXED,NOT_REVIEWED,NOT_EXECUTED_I05,NOT_DETERMINED_BY_HASH,NOT_INDEXED
RIV-LZ-5AF44C,LZ,0x5AF44C,0x5AFF9A,0x5A,0xF44C,2894,204bb97ddde498e287810b86054873ce50c880350d94ca20fca1ce6fe379bed3,True,N/A,,,0,,,False,0,NO_FLAG,NOT_INDEXED,NOT_REVIEWED,NOT_EXECUTED_I05,NOT_DETERMINED_BY_HASH,NOT_INDEXED
RIV-LZ-5B0000,LZ,0x5B0000,0x5B0C85,0x5B,0x0000,3205,dc56892362bd6e1fb40f11e9282822b43ddfd1d2fef6afa72842f04af6d4bac8,True,N/A,,,0,,,False,0,NO_FLAG,NOT_INDEXED,NOT_REVIEWED,NOT_EXECUTED_I05,NOT_DETERMINED_BY_HASH,NOT_INDEXED
RIV-LZ-5B0C86,LZ,0x5B0C86,0x5B2412,0x5B,0x0C86,6028,a673c29d3f73c7f05d1175a42edcc4b6dd245cdfa77851c8e532b9d6eec0f56d,True,N/A,,,0,,,False,0,NO_FLAG,NOT_INDEXED,NOT_REVIEWED,NOT_EXECUTED_I05,NOT_DETERMINED_BY_HASH,NOT_INDEXED
RIV-LZ-5B2412,LZ,0x5B2412,0x5B3066,0x5B,0x2412,3156,62681101a3cac198233c6ca582622bd7302d9a48b3960c54e9303b3bfcc812c1,True,N/A,,,0,,,False,0,NO_FLAG,NOT_INDEXED,NOT_REVIEWED,NOT_EXECUTED_I05,NOT_DETERMINED_BY_HASH,NOT_INDEXED
RIV-LZ-5B3066,LZ,0x5B3066,0x5B486B,0x5B,0x3066,6149,aeef89e2abc06273d729bc79e619076d12316a30216a73ed92e745d4c98c4d72,True,N/A,,,0,,,False,0,NO_FLAG,NOT_INDEXED,NOT_REVIEWED,NOT_EXECUTED_I05,NOT_DETERMINED_BY_HASH,NOT_INDEXED
RIV-LZ-5B486C,LZ,0x5B486C,0x5B616E,0x5B,0x486C,6402,280e7418176dbba10513d9613689fefbda322565dc7bbedef247e0d8aae50f58,True,N/A,,,0,,,False,0,NO_FLAG,NOT_INDEXED,NOT_REVIEWED,NOT_EXECUTED_I05,NOT_DETERMINED_BY_HASH,NOT_INDEXED
RIV-LZ-5B616E,LZ,0x5B616E,0x5B7662,0x5B,0x616E,5364,d1cdf685bb1b552c14e210cccbfb3f6a5922f6e5f54dbcdd4f16531addaae200,True,N/A,,,0,,,False,0,NO_FLAG,NOT_INDEXED,NOT_REVIEWED,NOT_EXECUTED_I05,NOT_DETERMINED_BY_HASH,NOT_INDEXED
RIV-LZ-5B7662,LZ,0x5B7662,0x5B9132,0x5B,0x7662,6864,d24d251d2129fd8bca2c777e4c569daabff9406c343b4f0884fded3e1ac16b70,True,N/A,,,0,,,False,0,NO_FLAG,NOT_INDEXED,NOT_REVIEWED,NOT_EXECUTED_I05,NOT_DETERMINED_BY_HASH,NOT_INDEXED
RIV-LZ-5B9132,LZ,0x5B9132,0x5BA638,0x5B,0x9132,5382,d2d2c05b46feac60e22d53c283a01b14fce3b7b0139111126e6dd93e5e5494bf,True,N/A,,,0,,,False,0,NO_FLAG,NOT_INDEXED,NOT_REVIEWED,NOT_EXECUTED_I05,NOT_DETERMINED_BY_HASH,NOT_INDEXED
RIV-LZ-5BA638,LZ,0x5BA638,0x5BB72C,0x5B,0xA638,4340,f71e44d3da57551201350068935d19c94ccefcc53348c23da5574c839a64257b,True,N/A,,,0,,,False,0,NO_FLAG,NOT_INDEXED,NOT_REVIEWED,NOT_EXECUTED_I05,NOT_DETERMINED_BY_HASH,NOT_INDEXED
RIV-LZ-5BB72C,LZ,0x5BB72C,0x5BC89B,0x5B,0xB72C,4463,1e4bd59ddc552d3d027683c78671a2c2b7a11d9d6a4257790f89c4225a9ec40b,True,N/A,,,0,,,False,0,NO_FLAG,NOT_INDEXED,NOT_REVIEWED,NOT_EXECUTED_I05,NOT_DETERMINED_BY_HASH,NOT_INDEXED
RIV-LZ-5BC89C,LZ,0x5BC89C,0x5BE229,0x5B,0xC89C,6541,54578d8b884d12656a3e9f7fe779768d307942ca43e255d37f0f993e669cdd85,True,N/A,,,0,,,False,0,NO_FLAG,NOT_INDEXED,NOT_REVIEWED,NOT_EXECUTED_I05,NOT_DETERMINED_BY_HASH,NOT_INDEXED
RIV-LZ-5BE22A,LZ,0x5BE22A,0x5BF92E,0x5B,0xE22A,5892,ad09e04d35b18ccf0e61d9604b05ec3235d3d1d0f60ac3f226b947aeaac5958c,True,N/A,,,0,,,False,0,NO_FLAG,NOT_INDEXED,NOT_REVIEWED,NOT_EXECUTED_I05,NOT_DETERMINED_BY_HASH,NOT_INDEXED
RIV-LZ-5C0000,LZ,0x5C0000,0x5C1DF4,0x5C,0x0000,7668,61049f10c568e6a97d6ff126762f4eb919a87910943d04905fe0ed0c1cdf533b,True,N/A,,,0,,,False,0,NO_FLAG,NOT_INDEXED,NOT_REVIEWED,NOT_EXECUTED_I05,NOT_DETERMINED_BY_HASH,NOT_INDEXED
RIV-LZ-5C1DF4,LZ,0x5C1DF4,0x5C2E84,0x5C,0x1DF4,4240,0fa598238bcda0770c2cb9d7b1efa3e36e1b8f1e287953a98ca61a48b219e7e4,True,N/A,,,0,,,False,0,NO_FLAG,NOT_INDEXED,NOT_REVIEWED,NOT_EXECUTED_I05,NOT_DETERMINED_BY_HASH,NOT_INDEXED
RIV-LZ-5C2E84,LZ,0x5C2E84,0x5C3A2F,0x5C,0x2E84,2987,d29f49a41d52f50e0d7c4b36c30cf062971a01aa163384262032baab5cc81c4c,True,N/A,,,0,,,False,0,NO_FLAG,NOT_INDEXED,NOT_REVIEWED,NOT_EXECUTED_I05,NOT_DETERMINED_BY_HASH,NOT_INDEXED
RIV-LZ-5C3A30,LZ,0x5C3A30,0x5C4ABA,0x5C,0x3A30,4234,175037be067d6ab40a2351080cf0b17148e892d5b2c1c27457f2e124ddaf3c29,True,N/A,,,0,,,False,0,NO_FLAG,NOT_INDEXED,NOT_REVIEWED,NOT_EXECUTED_I05,NOT_DETERMINED_BY_HASH,NOT_INDEXED
RIV-LZ-5C4ABA,LZ,0x5C4ABA,0x5C6247,0x5C,0x4ABA,6029,b909db15d6e6cf8da9f57ef652359f5f227743e0d9d01a653dea9b367e51f978,True,N/A,,,0,,,False,0,NO_FLAG,NOT_INDEXED,NOT_REVIEWED,NOT_EXECUTED_I05,NOT_DETERMINED_BY_HASH,NOT_INDEXED
RIV-LZ-5C6248,LZ,0x5C6248,0x5C7845,0x5C,0x6248,5629,f686cb5081877e1a0b3a8a0c730950c9c39d01873a61997bb976132d8a2f68ac,True,N/A,,,0,,,False,0,NO_FLAG,NOT_INDEXED,NOT_REVIEWED,NOT_EXECUTED_I05,NOT_DETERMINED_BY_HASH,NOT_INDEXED
RIV-LZ-5C7846,LZ,0x5C7846,0x5C8E93,0x5C,0x7846,5709,00b076b95712797cb4595a86107865b4d7930dd15cc58eb97b86373b6204a3ee,True,N/A,,,0,,,False,0,NO_FLAG,NOT_INDEXED,NOT_REVIEWED,NOT_EXECUTED_I05,NOT_DETERMINED_BY_HASH,NOT_INDEXED
RIV-LZ-5C8E94,LZ,0x5C8E94,0x5CAAEC,0x5C,0x8E94,7256,364bee898935e860c9930cc7aed5ca5eb26b2dea32156df5d9b0b6b4428a5e61,True,N/A,,,0,,,False,0,NO_FLAG,NOT_INDEXED,NOT_REVIEWED,NOT_EXECUTED_I05,NOT_DETERMINED_BY_HASH,NOT_INDEXED
RIV-LZ-5CAAEC,LZ,0x5CAAEC,0x5CC86A,0x5C,0xAAEC,7550,0289362a0a3cb06f711012aaa10fdfefa6fc647284068bf9769320c41814c7b6,True,N/A,,,0,,,False,0,NO_FLAG,NOT_INDEXED,NOT_REVIEWED,NOT_EXECUTED_I05,NOT_DETERMINED_BY_HASH,NOT_INDEXED
RIV-LZ-5CC8AA,LZ,0x5CC8AA,0x5CE108,0x5C,0xC8AA,6238,b0974b23cb147e839a795a56114c6226dbbdf0882511258d4e668fa871120a69,True,N/A,,,0,,,False,0,NO_FLAG,NOT_INDEXED,NOT_REVIEWED,NOT_EXECUTED_I05,NOT_DETERMINED_BY_HASH,NOT_INDEXED
RIV-LZ-5CE168,LZ,0x5CE168,0x5CF94B,0x5C,0xE168,6115,ae225704b9dd6e4334318f074f9e0b7c840c31b24139f89393f9c962fe22b256,True,N/A,,,0,,,False,0,NO_FLAG,NOT_INDEXED,NOT_REVIEWED,NOT_EXECUTED_I05,NOT_DETERMINED_BY_HASH,NOT_INDEXED
RIV-LZ-5D0000,LZ,0x5D0000,0x5D190C,0x5D,0x0000,6412,8e4b7f251cc386178486a0a1f56c0f0649f8f62fabbe9b35acb46056e6a6ec91,True,N/A,,,0,,,False,0,NO_FLAG,NOT_INDEXED,NOT_REVIEWED,NOT_EXECUTED_I05,NOT_DETERMINED_BY_HASH,NOT_INDEXED
RIV-LZ-5D196C,LZ,0x5D196C,0x5D3461,0x5D,0x196C,6901,073f688742895ab37c730b0faa69e56bea5e9e2533f3ba0201db54f97d27697d,True,N/A,,,0,,,False,0,NO_FLAG,NOT_INDEXED,NOT_REVIEWED,NOT_EXECUTED_I05,NOT_DETERMINED_BY_HASH,NOT_INDEXED
RIV-LZ-5D34A2,LZ,0x5D34A2,0x5D52D8,0x5D,0x34A2,7734,53f10d0de0c1f95d46c3dda2a2238a8aee4bf9312a91663bea32427afeb4ff1f,True,N/A,,,0,,,False,0,NO_FLAG,NOT_INDEXED,NOT_REVIEWED,NOT_EXECUTED_I05,NOT_DETERMINED_BY_HASH,NOT_INDEXED
RIV-LZ-5D5318,LZ,0x5D5318,0x5D6424,0x5D,0x5318,4364,f1c8cd7870864dfd7ca476d5eadccb4864a84e499ba2b331ae6766e180501b94,True,N/A,,,0,,,False,0,NO_FLAG,NOT_INDEXED,NOT_REVIEWED,NOT_EXECUTED_I05,NOT_DETERMINED_BY_HASH,NOT_INDEXED
RIV-LZ-5D6464,LZ,0x5D6464,0x5D7C26,0x5D,0x6464,6082,5a3c28d206c94748674f4158f9ef580d74976f27cb3c741f93b388844c2e8687,True,N/A,,,0,,,False,0,NO_FLAG,NOT_INDEXED,NOT_REVIEWED,NOT_EXECUTED_I05,NOT_DETERMINED_BY_HASH,NOT_INDEXED
RIV-LZ-5D7CA6,LZ,0x5D7CA6,0x5D9282,0x5D,0x7CA6,5596,2eea6f04fa59c6181fcf5e7096305aee1596d554127859ce49ac0c9933bfdae7,True,N/A,,,0,,,False,0,NO_FLAG,NOT_INDEXED,NOT_REVIEWED,NOT_EXECUTED_I05,NOT_DETERMINED_BY_HASH,NOT_INDEXED
RIV-LZ-5D92C2,LZ,0x5D92C2,0x5DAE03,0x5D,0x92C2,6977,7e453ec5c66800a078b8c6e54fd11e64586fb1f1da6998ea24992c74e454506f,True,N/A,,,0,,,False,0,NO_FLAG,NOT_INDEXED,NOT_REVIEWED,NOT_EXECUTED_I05,NOT_DETERMINED_BY_HASH,NOT_INDEXED
RIV-LZ-5DAE44,LZ,0x5DAE44,0x5DC600,0x5D,0xAE44,6076,9b5f4c67c09e14c4c1474317b41d6eaa12238dccdbd34d6991c5af4a27c6113d,True,N/A,,,0,,,False,0,NO_FLAG,NOT_INDEXED,NOT_REVIEWED,NOT_EXECUTED_I05,NOT_DETERMINED_BY_HASH,NOT_INDEXED
RIV-LZ-5DC650,LZ,0x5DC650,0x5DC8E1,0x5D,0xC650,657,1ca73e8a667859c5ad4b9f38df0fb0c6c5d038fef96d0d19f177c0a814754d8b,True,N/A,,,0,,,False,0,NO_FLAG,NOT_INDEXED,NOT_REVIEWED,NOT_EXECUTED_I05,NOT_DETERMINED_BY_HASH,NOT_INDEXED
RIV-LZ-5DCA52,LZ,0x5DCA52,0x5DCD07,0x5D,0xCA52,693,90c6c64f5e58c4eeb7654356a50104422c00d4cb56af6f82fadde61e2117aaea,True,N/A,,,0,,,False,0,NO_FLAG,NOT_INDEXED,NOT_REVIEWED,NOT_EXECUTED_I05,NOT_DETERMINED_BY_HASH,NOT_INDEXED
RIV-LZ-5DCE2C,LZ,0x5DCE2C,0x5DD0A2,0x5D,0xCE2C,630,547b92c34f0f7c81c471c0dd4ce5eca96ff193cce78071833365b10612827773,True,N/A,,,0,,,False,0,NO_FLAG,NOT_INDEXED,NOT_REVIEWED,NOT_EXECUTED_I05,NOT_DETERMINED_BY_HASH,NOT_INDEXED
RIV-LZ-5DD1B0,LZ,0x5DD1B0,0x5DD4AA,0x5D,0xD1B0,762,ee1b9567050bcae3e6324081eb010229661206bbd24e92aaf951360f8522d262,True,N/A,,,0,,,False,0,NO_FLAG,NOT_INDEXED,NOT_REVIEWED,NOT_EXECUTED_I05,NOT_DETERMINED_BY_HASH,NOT_INDEXED
RIV-LZ-5DD6DA,LZ,0x5DD6DA,0x5DD9AE,0x5D,0xD6DA,724,36165c051fceefe092d904e2151031f3aa71a1428b75441f9e29031a24444a2b,True,N/A,,,0,,,False,0,NO_FLAG,NOT_INDEXED,NOT_REVIEWED,NOT_EXECUTED_I05,NOT_DETERMINED_BY_HASH,NOT_INDEXED
RIV-LZ-5DDB1A,LZ,0x5DDB1A,0x5DDE30,0x5D,0xDB1A,790,7ee8d079bec3f601f0b53ce30fbc7d31a14312c6bbd4b931997ef0033a5e669d,True,N/A,,,0,,,False,0,NO_FLAG,NOT_INDEXED,NOT_REVIEWED,NOT_EXECUTED_I05,NOT_DETERMINED_BY_HASH,NOT_INDEXED
RIV-LZ-5DDE30,LZ,0x5DDE30,0x5DE18D,0x5D,0xDE30,861,e2d00e89eff89db084a8b59bfcfc037db8bec0769e7b7868a1e809bd1c0ef7eb,True,N/A,,,0,,,False,0,NO_FLAG,NOT_INDEXED,NOT_REVIEWED,NOT_EXECUTED_I05,NOT_DETERMINED_BY_HASH,NOT_INDEXED
RIV-LZ-5DE2A6,LZ,0x5DE2A6,0x5DE561,0x5D,0xE2A6,699,5b34af143b8b9ba13367ce859e028bc914d2b6ea506b7f4d39e90dac74c92857,True,N/A,,,0,,,False,0,NO_FLAG,NOT_INDEXED,NOT_REVIEWED,NOT_EXECUTED_I05,NOT_DETERMINED_BY_HASH,NOT_INDEXED
RIV-LZ-5E0000,LZ,0x5E0000,0x5E015E,0x5E,0x0000,350,f4b16a648c4e1ab9beaaec8114b8d8811d1b4fa2875003969ea23cd38af5281c,True,N/A,,INTRO_ASSETS.json,1,RIV-USE-INTRO55-0,RIV-CONS-7239AF,False,0,NO_FLAG,NOT_VALIDATED_I03,NOT_VALIDATED_I03,NOT_EXECUTED_I03,NOT_ESTABLISHED_I03,NOT_APPROVED_BY_CENSUS
RIV-LZ-5E017E,LZ,0x5E017E,0x5E0511,0x5E,0x017E,915,0e167411b53bde892b4462cfe6c93fd91f1815d5a8f8d36818aa5cdcbc8194dc,True,N/A,,INTRO_ASSETS.json,1,RIV-USE-INTRO55-1,RIV-CONS-7239AF,False,0,NO_FLAG,NOT_VALIDATED_I03,NOT_VALIDATED_I03,NOT_EXECUTED_I03,NOT_ESTABLISHED_I03,NOT_APPROVED_BY_CENSUS
RIV-LZ-5E0532,LZ,0x5E0532,0x5E08CD,0x5E,0x0532,923,30e5c7500c5247853d619bb6ffd6fbb4225efe3828cfe479017126c89b0e3dc4,True,N/A,,INTRO_ASSETS.json,1,RIV-USE-INTRO55-2,RIV-CONS-7239AF,False,0,NO_FLAG,NOT_VALIDATED_I03,NOT_VALIDATED_I03,NOT_EXECUTED_I03,NOT_ESTABLISHED_I03,NOT_APPROVED_BY_CENSUS
RIV-LZ-5E08CE,LZ,0x5E08CE,0x5E096C,0x5E,0x08CE,158,b8a5c0ecd8986781f65f356f90b4249969a30fcc296ed30b29e3473c38e8ee05,True,N/A,Ragnarok,INTRO_ASSETS.json,1,RIV-USE-INTRO55-3,RIV-CONS-7239AF,False,48,NO_FLAG,NOT_VALIDATED_I03,NOT_VALIDATED_I03,NOT_EXECUTED_I03,SOURCE_LABEL_AVAILABLE,NOT_APPROVED_BY_CENSUS
RIV-LZ-5E0A3E,LZ,0x5E0A3E,0x5E0B1C,0x5E,0x0A3E,222,ebfd897e4ccf7722808d15cdcdf7c83847c1dbbc59fad3fbab42b7963b9dc6bb,True,N/A,Death-Bring Angelix,INTRO_ASSETS.json,1,RIV-USE-INTRO55-4,RIV-CONS-7239AF,False,111,NO_FLAG,NOT_VALIDATED_I03,NOT_VALIDATED_I03,NOT_EXECUTED_I03,SOURCE_LABEL_AVAILABLE,NOT_APPROVED_BY_CENSUS
RIV-LZ-5E0CB2,LZ,0x5E0CB2,0x5E0DA6,0x5E,0x0CB2,244,2e477af6a41847f67d9fb390888837b4e3206152c7e081f7514cee2adfb8849f,True,N/A,"Sacred Garden ""Riviera""",INTRO_ASSETS.json,1,RIV-USE-INTRO55-5,RIV-CONS-7239AF,False,132,NO_FLAG,NOT_VALIDATED_I03,NOT_VALIDATED_I03,NOT_EXECUTED_I03,SOURCE_LABEL_AVAILABLE,NOT_APPROVED_BY_CENSUS
RIV-LZ-5E0F72,LZ,0x5E0F72,0x5E100E,0x5E,0x0F72,156,0d41f2ce50b938039b277e04c30f482846075b197795282ad9d984e1244ae865,True,N/A,Ark of Ruin,INTRO_ASSETS.json,1,RIV-USE-INTRO55-6,RIV-CONS-7239AF,False,60,NO_FLAG,NOT_VALIDATED_I03,NOT_VALIDATED_I03,NOT_EXECUTED_I03,SOURCE_LABEL_AVAILABLE,NOT_APPROVED_BY_CENSUS
RIV-LZ-5E10E8,LZ,0x5E10E8,0x5E11BC,0x5E,0x10E8,212,e1f482d7847a63f8fcb283dc7b553d1bab12d8f6724d5618aec914a66a6a932f,True,N/A,the Second Advent,INTRO_ASSETS.json,1,RIV-USE-INTRO55-7,RIV-CONS-7239AF,False,96,NO_FLAG,NOT_VALIDATED_I03,NOT_VALIDATED_I03,NOT_EXECUTED_I03,SOURCE_LABEL_AVAILABLE,NOT_APPROVED_BY_CENSUS
RIV-LZ-5E1330,LZ,0x5E1330,0x5E15A1,0x5E,0x1330,625,e69ff5f9bee0436b8d122032df09ae6184333d8a23584027cc3ffc8973d918fc,True,N/A,"The gods and angels dwelt in Heaven.
Demons gathered in the Netherworld.",INTRO_ASSETS.json,1,RIV-USE-INTRO55-8,RIV-CONS-7239AF,False,198,NO_FLAG,NOT_VALIDATED_I03,NOT_VALIDATED_I03,NOT_EXECUTED_I03,SOURCE_LABEL_AVAILABLE,NOT_APPROVED_BY_CENSUS
RIV-LZ-5E1946,LZ,0x5E1946,0x5E1BE9,0x5E,0x1946,675,5766fff303f2613f9598ad8bf762123441c8f7e29ab2bf6906f1055ed67325f1,True,N/A,"The demons invaded Heaven, igniting
Ragnarok, the war of gods and demons.",INTRO_ASSETS.json,1,RIV-USE-INTRO55-9,RIV-CONS-7239AF,False,204,NO_FLAG,NOT_VALIDATED_I03,NOT_VALIDATED_I03,NOT_EXECUTED_I03,SOURCE_LABEL_AVAILABLE,NOT_APPROVED_BY_CENSUS
RIV-LZ-5E1F9A,LZ,0x5E1F9A,0x5E220B,0x5E,0x1F9A,625,c91ff4a30075d697fa622d1efea1adc87653873438f8b9b30af64e711ede85df,True,N/A,"As the war grew ever more savage,
the world sank into deepest chaos...",INTRO_ASSETS.json,1,RIV-USE-INTRO55-10,RIV-CONS-7239AF,False,201,NO_FLAG,NOT_VALIDATED_I03,NOT_VALIDATED_I03,NOT_EXECUTED_I03,SOURCE_LABEL_AVAILABLE,NOT_APPROVED_BY_CENSUS
RIV-LZ-5E25B0,LZ,0x5E25B0,0x5E2837,0x5E,0x25B0,647,7719574953e83c465fc6542f023ac5645036fb7c46fe9ee102606e517e53cf03,True,N/A,"Evil gods and demons overwhelmed
Heaven, leaving it on the brink of ruin.",INTRO_ASSETS.json,1,RIV-USE-INTRO55-11,RIV-CONS-7239AF,False,219,NO_FLAG,NOT_VALIDATED_I03,NOT_VALIDATED_I03,NOT_EXECUTED_I03,SOURCE_LABEL_AVAILABLE,NOT_APPROVED_BY_CENSUS
RIV-LZ-5E2C30,LZ,0x5E2C30,0x5E2EBC,0x5E,0x2C30,652,99742ea3d3a8f36058e67d41233dbafacaf2c7f553a5e3fcb7dd1874d895f041,True,N/A,"At last, the gods broke their own taboo,
sacrificing their lives and wisdom...",INTRO_ASSETS.json,1,RIV-USE-INTRO55-12,RIV-CONS-7239AF,False,219,NO_FLAG,NOT_VALIDATED_I03,NOT_VALIDATED_I03,NOT_EXECUTED_I03,SOURCE_LABEL_AVAILABLE,NOT_APPROVED_BY_CENSUS
RIV-LZ-5E31C4,LZ,0x5E31C4,0x5E3465,0x5E,0x31C4,673,a34f9abc08f672b68a881bb2cfd5bde8600fd54d61876547c8b7fab9e51d7b04,True,N/A,"to create black-winged Grim Angels,
whose blades would herald destruction.",INTRO_ASSETS.json,1,RIV-USE-INTRO55-13,RIV-CONS-7239AF,False,216,NO_FLAG,NOT_VALIDATED_I03,NOT_VALIDATED_I03,NOT_EXECUTED_I03,SOURCE_LABEL_AVAILABLE,NOT_APPROVED_BY_CENSUS
RIV-LZ-5E37C8,LZ,0x5E37C8,0x5E3A4A,0x5E,0x37C8,642,ac7b70249c8cf48e27aef8d90cfd67e8732663261ea730b346e3534eaaf73756,True,N/A,"With Diviners imbued with divine might,
the Grim Angels flew into battle...",INTRO_ASSETS.json,1,RIV-USE-INTRO55-14,RIV-CONS-7239AF,False,219,NO_FLAG,NOT_VALIDATED_I03,NOT_VALIDATED_I03,NOT_EXECUTED_I03,SOURCE_LABEL_AVAILABLE,NOT_APPROVED_BY_CENSUS
RIV-LZ-5E3E9A,LZ,0x5E3E9A,0x5E4133,0x5E,0x3E9A,665,8c166228c158d65f2d048ae975cf2b94aa9536c0265b711ab1cbc6b83593b4e4,True,N/A,"The Grim Angels fought a brutal war,
but their deeds at last brought peace.",INTRO_ASSETS.json,1,RIV-USE-INTRO55-15,RIV-CONS-7239AF,False,210,NO_FLAG,NOT_VALIDATED_I03,NOT_VALIDATED_I03,NOT_EXECUTED_I03,SOURCE_LABEL_AVAILABLE,NOT_APPROVED_BY_CENSUS
RIV-LZ-5E45DE,LZ,0x5E45DE,0x5E488F,0x5E,0x45DE,689,06ed7fe1710251558f46140bed036709e6d73e7d79c47b88e7bdd34a89ae2ed4,True,N/A,"The demons were sealed in their realm,
but the gods, too, were doomed to perish.",INTRO_ASSETS.json,1,RIV-USE-INTRO55-16,RIV-CONS-7239AF,False,225,NO_FLAG,NOT_VALIDATED_I03,NOT_VALIDATED_I03,NOT_EXECUTED_I03,SOURCE_LABEL_AVAILABLE,NOT_APPROVED_BY_CENSUS
RIV-LZ-5E4BFE,LZ,0x5E4BFE,0x5E4E7C,0x5E,0x4BFE,638,c4b7630584c3b6f5e1397f47e3c83d7d722715830f1f6dc5f008bd1d01a5df18,True,N/A,"On Riviera, an isle at Heaven's edge,
they left all their power and wisdom.",INTRO_ASSETS.json,1,RIV-USE-INTRO55-17,RIV-CONS-7239AF,False,204,NO_FLAG,NOT_VALIDATED_I03,NOT_VALIDATED_I03,NOT_EXECUTED_I03,SOURCE_LABEL_AVAILABLE,NOT_APPROVED_BY_CENSUS
RIV-LZ-5E528A,LZ,0x5E528A,0x5E5507,0x5E,0x528A,637,85d3b624a73f888a689ed1480468d9c2dfc1fa0a27e63b3039bdad759cb467e0,True,N/A,"They entrusted it to faithful spirits,
a promised land for the gods' return.",INTRO_ASSETS.json,1,RIV-USE-INTRO55-18,RIV-CONS-7239AF,False,213,NO_FLAG,NOT_VALIDATED_I03,NOT_VALIDATED_I03,NOT_EXECUTED_I03,SOURCE_LABEL_AVAILABLE,NOT_APPROVED_BY_CENSUS
RIV-LZ-5E5872,LZ,0x5E5872,0x5E5A6A,0x5E,0x5872,504,47a943fba40dcbf9799f2f02e90bd564056409d57d1aa324bbf603b3a5afa055,True,N/A,"With the gods gone, a thousand years
passed in silence...",INTRO_ASSETS.json,1,RIV-USE-INTRO55-19,RIV-CONS-7239AF,False,198,NO_FLAG,NOT_VALIDATED_I03,NOT_VALIDATED_I03,NOT_EXECUTED_I03,SOURCE_LABEL_AVAILABLE,NOT_APPROVED_BY_CENSUS
RIV-LZ-5E5D04,LZ,0x5E5D04,0x5E5F9F,0x5E,0x5D04,667,e77f4aae3c654fad007c4720dbb0238897a7247d6ebfc910e20fc7b59a9caf13,True,N/A,"Signs of the demons' return to Riviera
turned ages of peace into turmoil.",INTRO_ASSETS.json,1,RIV-USE-INTRO55-20,RIV-CONS-7239AF,False,210,NO_FLAG,NOT_VALIDATED_I03,NOT_VALIDATED_I03,NOT_EXECUTED_I03,SOURCE_LABEL_AVAILABLE,NOT_APPROVED_BY_CENSUS
RIV-LZ-5E64AE,LZ,0x5E64AE,0x5E673A,0x5E,0x64AE,652,0f01860eaf630ab7dcee91ebd08f618cac963e513606ed4b43df30eff7b29257,True,N/A,"With the gods gone, another Ragnarok
would surely bring Heaven to its end.",INTRO_ASSETS.json,1,RIV-USE-INTRO55-21,RIV-CONS-7239AF,False,204,NO_FLAG,NOT_VALIDATED_I03,NOT_VALIDATED_I03,NOT_EXECUTED_I03,SOURCE_LABEL_AVAILABLE,NOT_APPROVED_BY_CENSUS
RIV-LZ-5E6B90,LZ,0x5E6B90,0x5E6E0C,0x5E,0x6B90,636,4b8527360af49cf05ac61d84d7325ccac42892d4c1a514e8556936eaf198c4d8,True,N/A,"The Seven Sages, the gods' deputies,
staked Heaven's fate on one decision.",INTRO_ASSETS.json,1,RIV-USE-INTRO55-22,RIV-CONS-7239AF,False,207,NO_FLAG,NOT_VALIDATED_I03,NOT_VALIDATED_I03,NOT_EXECUTED_I03,SOURCE_LABEL_AVAILABLE,NOT_APPROVED_BY_CENSUS
RIV-LZ-5E723A,LZ,0x5E723A,0x5E74B7,0x5E,0x723A,637,5c3beda255579f7dc5d8bfbe793274dce1234defd78479d2862b010e4beed225,True,N/A,"To unleash the gods' power in Riviera:
the Ark of Ruin, which erases all...",INTRO_ASSETS.json,1,RIV-USE-INTRO55-23,RIV-CONS-7239AF,False,210,NO_FLAG,NOT_VALIDATED_I03,NOT_VALIDATED_I03,NOT_EXECUTED_I03,SOURCE_LABEL_AVAILABLE,NOT_APPROVED_BY_CENSUS
RIV-LZ-5E787C,LZ,0x5E787C,0x5E7AF2,0x5E,0x787C,630,60ab42d0fe123f1fdfca6bb133f4eadbb1686e89e303f79180ca4950815ec7f4,True,N/A,"To carry out their plan, the Seven
Sages chose agents worthy of the task.",INTRO_ASSETS.json,1,RIV-USE-INTRO55-24,RIV-CONS-7239AF,False,210,NO_FLAG,NOT_VALIDATED_I03,NOT_VALIDATED_I03,NOT_EXECUTED_I03,SOURCE_LABEL_AVAILABLE,NOT_APPROVED_BY_CENSUS
RIV-LZ-5E7E82,LZ,0x5E7E82,0x5E8111,0x5E,0x7E82,655,2e0d717e77a7986daaebac6f137841614273e88d2c0dcea57b356150be873af6,True,N/A,"heirs to the divine weapons, Diviners,
black-winged angels of destruction...",INTRO_ASSETS.json,1,RIV-USE-INTRO55-25,RIV-CONS-7239AF,False,213,NO_FLAG,NOT_VALIDATED_I03,NOT_VALIDATED_I03,NOT_EXECUTED_I03,SOURCE_LABEL_AVAILABLE,NOT_APPROVED_BY_CENSUS
RIV-LZ-5E8434,LZ,0x5E8434,0x5E866F,0x5E,0x8434,571,c0ee8040433b1a7583a2d004ce12ee4904d28f57c4b1a52465fb87c951360672,True,N/A,"The Grim Angels, born anew,
a thousand years after Ragnarok.",INTRO_ASSETS.json,1,RIV-USE-INTRO55-26,RIV-CONS-7239AF,False,180,NO_FLAG,NOT_VALIDATED_I03,NOT_VALIDATED_I03,NOT_EXECUTED_I03,SOURCE_LABEL_AVAILABLE,NOT_APPROVED_BY_CENSUS
RIV-LZ-5E88D2,LZ,0x5E88D2,0x5E8A23,0x5E,0x88D2,337,adc9f85388f7d98cacf611024d2ec590da627057d1a2d7a940d489e3e70a0322,True,N/A,"Now, upon the land of Riviera...",INTRO_ASSETS.json,1,RIV-USE-INTRO55-27,RIV-CONS-7239AF,False,177,NO_FLAG,NOT_VALIDATED_I03,NOT_VALIDATED_I03,NOT_EXECUTED_I03,SOURCE_LABEL_AVAILABLE,NOT_APPROVED_BY_CENSUS
RIV-LZ-5E8ADA,LZ,0x5E8ADA,0x5E8C16,0x5E,0x8ADA,316,64a63dd07ded0b7befe48b82f6c5395bdc5ca2c27c7ec0b7459653ba2bf159c1,True,N/A,Two Grim Angels descend...,INTRO_ASSETS.json,1,RIV-USE-INTRO55-28,RIV-CONS-7239AF,False,147,NO_FLAG,NOT_VALIDATED_I03,NOT_VALIDATED_I03,NOT_EXECUTED_I03,SOURCE_LABEL_AVAILABLE,NOT_APPROVED_BY_CENSUS
RIV-LZ-5E8DD6,LZ,0x5E8DD6,0x5E8F82,0x5E,0x8DD6,428,0cf501ebea5b2aa5b8c80caa792ddc767c60692abd7a9971494d561431308dba,True,N/A,,INTRO_ASSETS.json,1,RIV-USE-INTRO55-29,RIV-CONS-7239AF,False,0,NO_FLAG,NOT_VALIDATED_I03,NOT_VALIDATED_I03,NOT_EXECUTED_I03,NOT_ESTABLISHED_I03,NOT_APPROVED_BY_CENSUS
RIV-LZ-5E8F82,LZ,0x5E8F82,0x5E926F,0x5E,0x8F82,749,80905d764d851683d381469267eb02f3cbe9bef5b180234923f35d95ba031522,True,N/A,,INTRO_ASSETS.json,1,RIV-USE-INTRO55-30,RIV-CONS-7239AF,False,0,NO_FLAG,NOT_VALIDATED_I03,NOT_VALIDATED_I03,NOT_EXECUTED_I03,NOT_ESTABLISHED_I03,NOT_APPROVED_BY_CENSUS
RIV-LZ-5E9270,LZ,0x5E9270,0x5E942C,0x5E,0x9270,444,30de756ece9b5a29747c23597af23d0a08ac07b0214fd767a144de413081ee0c,True,N/A,THE WINGLESS ANGEL,INTRO_ASSETS.json;S416_NON_TABLE_GRAPHIC_LOCALIZATION.json,2,RIV-USE-INTRO55-37;RIV-USE-NON_TABLE_TRANSLATED-39AF[37],RIV-CONS-7239AF,True,102,NO_FLAG,NOT_VALIDATED_I03,NOT_VALIDATED_I03,NOT_EXECUTED_I03,SOURCE_LABEL_AVAILABLE,STATIC_GRAPHIC_SPEC_MATCH
RIV-LZ-5E964C,LZ,0x5E964C,0x5E97C3,0x5E,0x964C,375,e6eb4bc8415c23b27b6f436ca169ef3fc1141842577c791535452df05cd065ec,True,N/A,THE SCARLET WITCH,INTRO_ASSETS.json;S416_NON_TABLE_GRAPHIC_LOCALIZATION.json,2,RIV-USE-INTRO55-38;RIV-USE-NON_TABLE_TRANSLATED-39AF[38],RIV-CONS-7239AF,True,96,NO_FLAG,NOT_VALIDATED_I03,NOT_VALIDATED_I03,NOT_EXECUTED_I03,SOURCE_LABEL_AVAILABLE,STATIC_GRAPHIC_SPEC_MATCH
RIV-LZ-5E9946,LZ,0x5E9946,0x5E9AAF,0x5E,0x9946,361,ede52539981efe31c8b5fcccf53f7634fe96fcf4f6df52933237e14ae94f4274,True,N/A,LAST OF THE ARCS,INTRO_ASSETS.json;S416_NON_TABLE_GRAPHIC_LOCALIZATION.json,2,RIV-USE-INTRO55-39;RIV-USE-NON_TABLE_TRANSLATED-39AF[39],RIV-CONS-7239AF,True,87,NO_FLAG,NOT_VALIDATED_I03,NOT_VALIDATED_I03,NOT_EXECUTED_I03,SOURCE_LABEL_AVAILABLE,STATIC_GRAPHIC_SPEC_MATCH
RIV-LZ-5E9C88,LZ,0x5E9C88,0x5E9E2A,0x5E,0x9C88,418,d5682e70568a1ea1b54d462d144a7de8d09e93c0ee5659cfe3a9c2470a915950,True,N/A,THE SPUNKY ARCHER,INTRO_ASSETS.json;S416_NON_TABLE_GRAPHIC_LOCALIZATION.json,2,RIV-USE-INTRO55-40;RIV-USE-NON_TABLE_TRANSLATED-39AF[40],RIV-CONS-7239AF,True,96,NO_FLAG,NOT_VALIDATED_I03,NOT_VALIDATED_I03,NOT_EXECUTED_I03,SOURCE_LABEL_AVAILABLE,STATIC_GRAPHIC_SPEC_MATCH
RIV-LZ-5E9F86,LZ,0x5E9F86,0x5EA0DF,0x5E,0x9F86,345,e9e380ca4425b8127d19fcca1905bc4bebf663bea789ebeb37ff9b065b141029,True,N/A,THE KIND FENCER,INTRO_ASSETS.json;S416_NON_TABLE_GRAPHIC_LOCALIZATION.json,2,RIV-USE-INTRO55-41;RIV-USE-NON_TABLE_TRANSLATED-39AF[41],RIV-CONS-7239AF,True,84,NO_FLAG,NOT_VALIDATED_I03,NOT_VALIDATED_I03,NOT_EXECUTED_I03,SOURCE_LABEL_AVAILABLE,STATIC_GRAPHIC_SPEC_MATCH
RIV-LZ-5EA2D6,LZ,0x5EA2D6,0x5EA46A,0x5E,0xA2D6,404,9f751751dba641b381f15fff6584aa957c762a97ff15383a7a559812e16d7c41,True,N/A,THE SOLITARY ANGEL,INTRO_ASSETS.json;S416_NON_TABLE_GRAPHIC_LOCALIZATION.json,2,RIV-USE-INTRO55-42;RIV-USE-NON_TABLE_TRANSLATED-39AF[42],RIV-CONS-7239AF,True,102,NO_FLAG,NOT_VALIDATED_I03,NOT_VALIDATED_I03,NOT_EXECUTED_I03,SOURCE_LABEL_AVAILABLE,STATIC_GRAPHIC_SPEC_MATCH
RIV-LZ-5EA6C0,LZ,0x5EA6C0,0x5EAA4C,0x5E,0xA6C0,908,dd5ebbeedba0a5d608640fed45bedf1f7a7a4c1888cea9e8116e232b4e054625,True,N/A,,INTRO_ASSETS.json,1,RIV-USE-INTRO55-43,RIV-CONS-7239AF,False,0,NO_FLAG,NOT_VALIDATED_I03,NOT_VALIDATED_I03,NOT_EXECUTED_I03,NOT_ESTABLISHED_I03,NOT_APPROVED_BY_CENSUS
RIV-LZ-5EAA4C,LZ,0x5EAA4C,0x5EADA1,0x5E,0xAA4C,853,a3766d0ac6a5a7b245b3cb0f2fcb35f02eb31ad715dd366e802805fa74e29e1a,True,N/A,,INTRO_ASSETS.json,1,RIV-USE-INTRO55-44,RIV-CONS-7239AF,False,0,NO_FLAG,NOT_VALIDATED_I03,NOT_VALIDATED_I03,NOT_EXECUTED_I03,NOT_ESTABLISHED_I03,NOT_APPROVED_BY_CENSUS
RIV-LZ-5EADA2,LZ,0x5EADA2,0x5EB0F1,0x5E,0xADA2,847,2563c1ef8bc663b8def325d92fd62bd5f6031b8bbacf72844e31ae64c017cf1c,True,N/A,,INTRO_ASSETS.json,1,RIV-USE-INTRO55-45,RIV-CONS-7239AF,False,0,NO_FLAG,NOT_VALIDATED_I03,NOT_VALIDATED_I03,NOT_EXECUTED_I03,NOT_ESTABLISHED_I03,NOT_APPROVED_BY_CENSUS
RIV-LZ-5EB0F2,LZ,0x5EB0F2,0x5EB3D2,0x5E,0xB0F2,736,bc5aaa6be51fd9919569fe239debfa64a7fb14c0b5e7c5b47399db4738db7a14,True,N/A,,INTRO_ASSETS.json,1,RIV-USE-INTRO55-46,RIV-CONS-7239AF,False,0,NO_FLAG,NOT_VALIDATED_I03,NOT_VALIDATED_I03,NOT_EXECUTED_I03,NOT_ESTABLISHED_I03,NOT_APPROVED_BY_CENSUS
RIV-LZ-5EB3D2,LZ,0x5EB3D2,0x5EB65A,0x5E,0xB3D2,648,c77bfd528fa1bd1e4e6b2dd5d735c116c4b7f86dd4c231032f1119605828267d,True,N/A,,INTRO_ASSETS.json,1,RIV-USE-INTRO55-47,RIV-CONS-7239AF,False,0,NO_FLAG,NOT_VALIDATED_I03,NOT_VALIDATED_I03,NOT_EXECUTED_I03,NOT_ESTABLISHED_I03,NOT_APPROVED_BY_CENSUS
RIV-LZ-5EB65A,LZ,0x5EB65A,0x5EB9CC,0x5E,0xB65A,882,039de39eda83ea2735002843104e5ff2db5a755629d1b201388966e84634dbc6,True,N/A,,INTRO_ASSETS.json,1,RIV-USE-INTRO55-48,RIV-CONS-7239AF,False,0,NO_FLAG,NOT_VALIDATED_I03,NOT_VALIDATED_I03,NOT_EXECUTED_I03,NOT_ESTABLISHED_I03,NOT_APPROVED_BY_CENSUS
RIV-LZ-5EB9CC,LZ,0x5EB9CC,0x5EBA37,0x5E,0xB9CC,107,10c548df5303f7900247d44acc4a1e65f173b0b282f3b9335184ba1b3b69b1fe,True,N/A,EIN,INTRO_ASSETS.json;S416_NON_TABLE_GRAPHIC_LOCALIZATION.json,2,RIV-USE-INTRO55-49;RIV-USE-NON_TABLE_TRANSLATED-39AF[49],RIV-CONS-7239AF,True,18,NO_FLAG,NOT_VALIDATED_I03,NOT_VALIDATED_I03,NOT_EXECUTED_I03,SOURCE_LABEL_AVAILABLE,STATIC_GRAPHIC_SPEC_MATCH
RIV-LZ-5EBB48,LZ,0x5EBB48,0x5EBC10,0x5E,0xBB48,200,2aff7284b8e67610e31755f00a00db4082da9806ba6764787eee6305dbeceacc,True,N/A,CIERRA,INTRO_ASSETS.json;S416_NON_TABLE_GRAPHIC_LOCALIZATION.json,2,RIV-USE-INTRO55-50;RIV-USE-NON_TABLE_TRANSLATED-39AF[50],RIV-CONS-7239AF,True,36,NO_FLAG,NOT_VALIDATED_I03,NOT_VALIDATED_I03,NOT_EXECUTED_I03,SOURCE_LABEL_AVAILABLE,STATIC_GRAPHIC_SPEC_MATCH
RIV-LZ-5EBC58,LZ,0x5EBC58,0x5EBD17,0x5E,0xBC58,191,012c0c08fe5a09c64c9b2d7ca09964000fea9c4604bc87742912417844f818af,True,N/A,SERENE,INTRO_ASSETS.json;S416_NON_TABLE_GRAPHIC_LOCALIZATION.json,2,RIV-USE-INTRO55-51;RIV-USE-NON_TABLE_TRANSLATED-39AF[51],RIV-CONS-7239AF,True,36,NO_FLAG,NOT_VALIDATED_I03,NOT_VALIDATED_I03,NOT_EXECUTED_I03,SOURCE_LABEL_AVAILABLE,STATIC_GRAPHIC_SPEC_MATCH
RIV-LZ-5EBD74,LZ,0x5EBD74,0x5EBDEA,0x5E,0xBD74,118,88238174aa8d4e202bcbd5071b39dc279a251a42faae91c1ab5967cf3e12d4e7,True,N/A,LINA,INTRO_ASSETS.json;S416_NON_TABLE_GRAPHIC_LOCALIZATION.json,2,RIV-USE-INTRO55-52;RIV-USE-NON_TABLE_TRANSLATED-39AF[52],RIV-CONS-7239AF,True,24,NO_FLAG,NOT_VALIDATED_I03,NOT_VALIDATED_I03,NOT_EXECUTED_I03,SOURCE_LABEL_AVAILABLE,STATIC_GRAPHIC_SPEC_MATCH
RIV-LZ-5EBE7E,LZ,0x5EBE7E,0x5EBEF2,0x5E,0xBE7E,116,30d5b2ac0dbdc81f67dba12051bb0beaaf38c3ca2161739796ebf467e69d7a13,True,N/A,FIA,INTRO_ASSETS.json;S416_NON_TABLE_GRAPHIC_LOCALIZATION.json,2,RIV-USE-INTRO55-53;RIV-USE-NON_TABLE_TRANSLATED-39AF[53],RIV-CONS-7239AF,True,18,NO_FLAG,NOT_VALIDATED_I03,NOT_VALIDATED_I03,NOT_EXECUTED_I03,SOURCE_LABEL_AVAILABLE,STATIC_GRAPHIC_SPEC_MATCH
RIV-LZ-5EBF6E,LZ,0x5EBF6E,0x5EC00A,0x5E,0xBF6E,156,cd3613c959d4b8bbff3f85cf11e064248ff252c48cf4ec1ef7b3f16a28a73bde,True,N/A,LEDAH,INTRO_ASSETS.json;S416_NON_TABLE_GRAPHIC_LOCALIZATION.json,2,RIV-USE-INTRO55-54;RIV-USE-NON_TABLE_TRANSLATED-39AF[54],RIV-CONS-7239AF,True,30,NO_FLAG,NOT_VALIDATED_I03,NOT_VALIDATED_I03,NOT_EXECUTED_I03,SOURCE_LABEL_AVAILABLE,STATIC_GRAPHIC_SPEC_MATCH
RIV-LZ-5F0000,LZ,0x5F0000,0x5F1794,0x5F,0x0000,6036,7af14ee8e951721f760183047f226fa541ca589597e68de51feba9484b616e61,True,N/A,,INTRO_ASSETS.json,1,RIV-USE-INTRO55-32,RIV-CONS-7239AF,False,0,NO_FLAG,NOT_VALIDATED_I03,NOT_VALIDATED_I03,NOT_EXECUTED_I03,NOT_ESTABLISHED_I03,NOT_APPROVED_BY_CENSUS
RIV-LZ-5F17B4,LZ,0x5F17B4,0x5F2F36,0x5F,0x17B4,6018,c2e230ffc1dc0e7d80b6d4ded446443d856a9108de25afad269301599b41d54d,True,N/A,,INTRO_ASSETS.json,1,RIV-USE-INTRO55-33,RIV-CONS-7239AF,False,0,NO_FLAG,NOT_VALIDATED_I03,NOT_VALIDATED_I03,NOT_EXECUTED_I03,NOT_ESTABLISHED_I03,NOT_APPROVED_BY_CENSUS
RIV-LZ-5F2F56,LZ,0x5F2F56,0x5F43E1,0x5F,0x2F56,5259,f02ed083fba44dab53bb4d5ffcce7bc4c8d652e2719a4e5c461e35bfa5068cf6,True,N/A,,INTRO_ASSETS.json,1,RIV-USE-INTRO55-34,RIV-CONS-7239AF,False,0,NO_FLAG,NOT_VALIDATED_I03,NOT_VALIDATED_I03,NOT_EXECUTED_I03,NOT_ESTABLISHED_I03,NOT_APPROVED_BY_CENSUS
RIV-LZ-5F4402,LZ,0x5F4402,0x5F5C3D,0x5F,0x4402,6203,a7673fa92f0572aa95dfc82b17152cec9459f9223eb39e9045d1e789b4926e77,True,N/A,,INTRO_ASSETS.json,1,RIV-USE-INTRO55-35,RIV-CONS-7239AF,False,0,NO_FLAG,NOT_VALIDATED_I03,NOT_VALIDATED_I03,NOT_EXECUTED_I03,NOT_ESTABLISHED_I03,NOT_APPROVED_BY_CENSUS
RIV-LZ-5F5C5E,LZ,0x5F5C5E,0x5F7203,0x5F,0x5C5E,5541,627b0ec4c831d84856acfe67d958217ae06038106225ac6ceeeb7b0970cd2a2e,True,N/A,,INTRO_ASSETS.json,1,RIV-USE-INTRO55-36,RIV-CONS-7239AF,False,0,NO_FLAG,NOT_VALIDATED_I03,NOT_VALIDATED_I03,NOT_EXECUTED_I03,NOT_ESTABLISHED_I03,NOT_APPROVED_BY_CENSUS
RIV-LZ-5F7224,LZ,0x5F7224,0x5F8204,0x5F,0x7224,4064,efc475a5477ad398761be43f609013d62bced6091d9ff0711a2cfb206bd30183,True,N/A,,INTRO_ASSETS.json,1,RIV-USE-INTRO55-31,RIV-CONS-7239AF,False,0,NO_FLAG,NOT_VALIDATED_I03,NOT_VALIDATED_I03,NOT_EXECUTED_I03,NOT_ESTABLISHED_I03,NOT_APPROVED_BY_CENSUS
RIV-LZ-5F8224,LZ,0x5F8224,0x5F8382,0x5F,0x8224,350,96f3016937abbb363e56ed86816422ccbb12e439f7c5cf44cfd2cf6ef89cd8d9,True,N/A,ENEMY!,S415_RESOURCE_TABLE_CENSUS_TARGET_147.csv,1,RIV-USE-GFX147-60,RIV-CONS-721B1C,False,36,NO_FLAG,NOT_VALIDATED_I03,NOT_VALIDATED_I03,NOT_EXECUTED_I03,SOURCE_LABEL_AVAILABLE,NOT_APPROVED_BY_CENSUS
RIV-LZ-5F8404,LZ,0x5F8404,0x5F859C,0x5F,0x8404,408,6844dc554bfcd81b9c4b8a80f91e1db429f4e3f9c8fa2a6d570ff8a1d4adb7ef,True,N/A,CRITICAL!,S415_RESOURCE_TABLE_CENSUS_TARGET_147.csv,1,RIV-USE-GFX147-61,RIV-CONS-721B1C,False,54,NO_FLAG,NOT_VALIDATED_I03,NOT_VALIDATED_I03,NOT_EXECUTED_I03,SOURCE_LABEL_AVAILABLE,NOT_APPROVED_BY_CENSUS
RIV-LZ-5F8660,LZ,0x5F8660,0x5F87DA,0x5F,0x8660,378,cd2f78eead2639243cc71f4e50a670eb14edb639c61f3e3d142abaf277624449,True,N/A,TRAP ACTIVATED!,S415_RESOURCE_TABLE_CENSUS_TARGET_147.csv,1,RIV-USE-GFX147-62,RIV-CONS-721B1C,False,87,NO_FLAG,NOT_VALIDATED_I03,NOT_VALIDATED_I03,NOT_EXECUTED_I03,SOURCE_LABEL_AVAILABLE,NOT_APPROVED_BY_CENSUS
RIV-LZ-5F88DC,LZ,0x5F88DC,0x5F89A7,0x5F,0x88DC,203,0b875968f187d4a05ada063852421eac0dc130b9e3fbfc62b09b753835608f74,True,N/A,FAIL!,S415_RESOURCE_TABLE_CENSUS_TARGET_147.csv,1,RIV-USE-GFX147-63,RIV-CONS-721B1C,False,30,NO_FLAG,NOT_VALIDATED_I03,NOT_VALIDATED_I03,NOT_EXECUTED_I03,SOURCE_LABEL_AVAILABLE,NOT_APPROVED_BY_CENSUS
RIV-LZ-5F89FC,LZ,0x5F89FC,0x5F8B8E,0x5F,0x89FC,402,f07260a68084dda587b485da70ff55e785b1d3fe59411b732cf49d4bec2f7f07,True,N/A,ITEM ACQUIRED,S415_RESOURCE_TABLE_CENSUS_TARGET_147.csv,1,RIV-USE-GFX147-59,RIV-CONS-721B1C,False,75,NO_FLAG,NOT_VALIDATED_I03,NOT_VALIDATED_I03,NOT_EXECUTED_I03,SOURCE_LABEL_AVAILABLE,NOT_APPROVED_BY_CENSUS
RIV-LZ-5F8C06,LZ,0x5F8C06,0x5F8D3E,0x5F,0x8C06,312,04689e605fa75b27991c4c4d7f2e7b43e42fd9baa54957bf94e54765d755d51e,True,N/A,ITEM CHANGED,S415_RESOURCE_TABLE_CENSUS_TARGET_147.csv,1,RIV-USE-GFX147-64,RIV-CONS-721B1C,False,69,NO_FLAG,NOT_VALIDATED_I03,NOT_VALIDATED_I03,NOT_EXECUTED_I03,SOURCE_LABEL_AVAILABLE,NOT_APPROVED_BY_CENSUS
RIV-LZ-5F8E6E,LZ,0x5F8E6E,0x5F9065,0x5F,0x8E6E,503,e4d2871babd169165bb45c7e27e11a32fbac478533572dcce974eaaa029feed6,True,N/A,HIDDEN ROUTE!,S415_RESOURCE_TABLE_CENSUS_TARGET_147.csv,1,RIV-USE-GFX147-65,RIV-CONS-721B1C,False,75,NO_FLAG,NOT_VALIDATED_I03,NOT_VALIDATED_I03,NOT_EXECUTED_I03,SOURCE_LABEL_AVAILABLE,NOT_APPROVED_BY_CENSUS
RIV-LZ-5F916A,LZ,0x5F916A,0x5F9314,0x5F,0x916A,426,71b7eaf5048ba9b32597e9918729c41406648598e4c9afe60d187210f2ac9291,True,N/A,POWER UP,S415_RESOURCE_TABLE_CENSUS_TARGET_147.csv,1,RIV-USE-GFX147-66,RIV-CONS-721B1C,False,45,NO_FLAG,NOT_VALIDATED_I03,NOT_VALIDATED_I03,NOT_EXECUTED_I03,SOURCE_LABEL_AVAILABLE,NOT_APPROVED_BY_CENSUS
RIV-LZ-5F9342,LZ,0x5F9342,0x5F9482,0x5F,0x9342,320,00fe7c13dd5fc1485916cadabb426f592c3705e4f4a6d01e9b03b097be751507,True,N/A,HP RECOVERED,S415_RESOURCE_TABLE_CENSUS_TARGET_147.csv,1,RIV-USE-GFX147-67,RIV-CONS-721B1C,False,69,NO_FLAG,NOT_VALIDATED_I03,NOT_VALIDATED_I03,NOT_EXECUTED_I03,SOURCE_LABEL_AVAILABLE,NOT_APPROVED_BY_CENSUS
RIV-LZ-5F9548,LZ,0x5F9548,0x5F971F,0x5F,0x9548,471,32f6813b7b9f9e8639d3eea44743b0236d9149735cd419a8ef3e8dc7090ec401,True,N/A,ACCIDENT!,S415_RESOURCE_TABLE_CENSUS_TARGET_147.csv,1,RIV-USE-GFX147-68,RIV-CONS-721B1C,False,54,NO_FLAG,NOT_VALIDATED_I03,NOT_VALIDATED_I03,NOT_EXECUTED_I03,SOURCE_LABEL_AVAILABLE,NOT_APPROVED_BY_CENSUS
RIV-LZ-5F9790,LZ,0x5F9790,0x5F9951,0x5F,0x9790,449,742a6a9602368fd879cae84928ab7749df001e877363b07f015d59afe99afef9,True,N/A,JOINS PARTY,S415_RESOURCE_TABLE_CENSUS_TARGET_147.csv,1,RIV-USE-GFX147-69,RIV-CONS-721B1C,False,63,NO_FLAG,NOT_VALIDATED_I03,NOT_VALIDATED_I03,NOT_EXECUTED_I03,SOURCE_LABEL_AVAILABLE,NOT_APPROVED_BY_CENSUS
RIV-LZ-5F9960,LZ,0x5F9960,0x5F9A96,0x5F,0x9960,310,46d3607eda35637b84093c84276fa1459192f76869ad064776f49a7c8eb24b49,True,N/A,CANNOT MOVE!,S415_RESOURCE_TABLE_CENSUS_TARGET_147.csv,1,RIV-USE-GFX147-70,RIV-CONS-721B1C,False,69,NO_FLAG,NOT_VALIDATED_I03,NOT_VALIDATED_I03,NOT_EXECUTED_I03,SOURCE_LABEL_AVAILABLE,NOT_APPROVED_BY_CENSUS
RIV-LZ-5F9B8A,LZ,0x5F9B8A,0x5F9CDD,0x5F,0x9B8A,339,fdbd407b4572a75fc66d43b0fc4bbe0810099ae3c3b472bdca089a6812a4e271,True,N/A,BEGIN TURN...,S415_RESOURCE_TABLE_CENSUS_TARGET_147.csv,1,RIV-USE-GFX147-71,RIV-CONS-721B1C,False,75,NO_FLAG,NOT_VALIDATED_I03,NOT_VALIDATED_I03,NOT_EXECUTED_I03,SOURCE_LABEL_AVAILABLE,NOT_APPROVED_BY_CENSUS
RIV-LZ-5F9E32,LZ,0x5F9E32,0x5F9F2C,0x5F,0x9E32,250,ddeaf7c0b563b6827be05363eb17c43f4c282832f08c9096fe9f4fb436e6cca6,True,N/A,UNLOCKED,S415_RESOURCE_TABLE_CENSUS_TARGET_147.csv,1,RIV-USE-GFX147-72,RIV-CONS-721B1C,False,48,NO_FLAG,NOT_VALIDATED_I03,NOT_VALIDATED_I03,NOT_EXECUTED_I03,SOURCE_LABEL_AVAILABLE,NOT_APPROVED_BY_CENSUS
RIV-LZ-5FA068,LZ,0x5FA068,0x5FA174,0x5F,0xA068,268,e518c8103e2b00d9278ba453c9b43ad60c81493bf689549882db78d5255a935f,True,N/A,ROCKFALL!,S415_RESOURCE_TABLE_CENSUS_TARGET_147.csv,1,RIV-USE-GFX147-73,RIV-CONS-721B1C,False,54,NO_FLAG,NOT_VALIDATED_I03,NOT_VALIDATED_I03,NOT_EXECUTED_I03,SOURCE_LABEL_AVAILABLE,NOT_APPROVED_BY_CENSUS
RIV-LZ-5FA2A0,LZ,0x5FA2A0,0x5FA386,0x5F,0xA2A0,230,f5155996a6f14d5a4e70f8471c9296cafc7200dcf9d0d105c54192467648c2a5,True,N/A,RESCUED!,S415_RESOURCE_TABLE_CENSUS_TARGET_147.csv,1,RIV-USE-GFX147-74,RIV-CONS-721B1C,False,48,NO_FLAG,NOT_VALIDATED_I03,NOT_VALIDATED_I03,NOT_EXECUTED_I03,SOURCE_LABEL_AVAILABLE,NOT_APPROVED_BY_CENSUS
RIV-LZ-5FA4B0,LZ,0x5FA4B0,0x5FA646,0x5F,0xA4B0,406,06803030b7dfa50354445308e05560acd1e23999a285b376de49ad0072e487f6,True,N/A,AGHARTA SUMMONED,S415_RESOURCE_TABLE_CENSUS_TARGET_147.csv,1,RIV-USE-GFX147-75,RIV-CONS-721B1C,False,93,NO_FLAG,NOT_VALIDATED_I03,NOT_VALIDATED_I03,NOT_EXECUTED_I03,SOURCE_LABEL_AVAILABLE,NOT_APPROVED_BY_CENSUS
RIV-LZ-5FA750,LZ,0x5FA750,0x5FA8A0,0x5F,0xA750,336,246e4e179dc041d222b31a5daaf688f81537b56f477bafb9a948464943825e1a,True,N/A,MAGIC CIRCLE!,S415_RESOURCE_TABLE_CENSUS_TARGET_147.csv,1,RIV-USE-GFX147-76,RIV-CONS-721B1C,False,75,NO_FLAG,NOT_VALIDATED_I03,NOT_VALIDATED_I03,NOT_EXECUTED_I03,SOURCE_LABEL_AVAILABLE,NOT_APPROVED_BY_CENSUS
RIV-LZ-5FAA38,LZ,0x5FAA38,0x5FAB7F,0x5F,0xAA38,327,650e1c1708c767b5cef17a24d294f7392936f40ee771c73823b8dfa49d737826,True,N/A,LIGHT UP,S415_RESOURCE_TABLE_CENSUS_TARGET_147.csv,1,RIV-USE-GFX147-77,RIV-CONS-721B1C,False,45,NO_FLAG,NOT_VALIDATED_I03,NOT_VALIDATED_I03,NOT_EXECUTED_I03,SOURCE_LABEL_AVAILABLE,NOT_APPROVED_BY_CENSUS
RIV-LZ-5FAC2C,LZ,0x5FAC2C,0x5FAD59,0x5F,0xAC2C,301,062ed6bb1feba9f1c3d118a5a2f05a51071ab25db98cbdb1e8f60f82da0071e0,True,N/A,RETURN TIME...,S415_RESOURCE_TABLE_CENSUS_TARGET_147.csv,1,RIV-USE-GFX147-78,RIV-CONS-721B1C,False,81,NO_FLAG,NOT_VALIDATED_I03,NOT_VALIDATED_I03,NOT_EXECUTED_I03,SOURCE_LABEL_AVAILABLE,NOT_APPROVED_BY_CENSUS
RIV-LZ-5FAE3C,LZ,0x5FAE3C,0x5FAF84,0x5F,0xAE3C,328,68eb7b3161ec65745807e8f6799e0202fb9cc20d9ce2de1103507cfe65729f1f,True,N/A,BARRIER DOWN,S415_RESOURCE_TABLE_CENSUS_TARGET_147.csv,1,RIV-USE-GFX147-79,RIV-CONS-721B1C,False,69,NO_FLAG,NOT_VALIDATED_I03,NOT_VALIDATED_I03,NOT_EXECUTED_I03,SOURCE_LABEL_AVAILABLE,NOT_APPROVED_BY_CENSUS
RIV-LZ-5FB05C,LZ,0x5FB05C,0x5FB1A1,0x5F,0xB05C,325,e9af24eb78e0fbd7a7d6ccf3ec767057d573d71d316373af287b0b5849b4fb07,True,N/A,WATER RISES!,S415_RESOURCE_TABLE_CENSUS_TARGET_147.csv,1,RIV-USE-GFX147-80,RIV-CONS-721B1C,False,69,NO_FLAG,NOT_VALIDATED_I03,NOT_VALIDATED_I03,NOT_EXECUTED_I03,SOURCE_LABEL_AVAILABLE,NOT_APPROVED_BY_CENSUS
RIV-LZ-5FB25A,LZ,0x5FB25A,0x5FB381,0x5F,0xB25A,295,741368f84a7d8b4c9ed2304c9ca5c75aab41af2bd40d4fe7090157cc512eb4b6,True,N/A,LEVEL SHIFT,S415_RESOURCE_TABLE_CENSUS_TARGET_147.csv,1,RIV-USE-GFX147-81,RIV-CONS-721B1C,False,63,NO_FLAG,NOT_VALIDATED_I03,NOT_VALIDATED_I03,NOT_EXECUTED_I03,SOURCE_LABEL_AVAILABLE,NOT_APPROVED_BY_CENSUS
RIV-LZ-5FB466,LZ,0x5FB466,0x5FB645,0x5F,0xB466,479,3632865d391e4736f66145324901dd42e30fec8f0998a5ad88f4982d18b3d4c1,True,N/A,MOUNTAIN COLLAPSE,S415_RESOURCE_TABLE_CENSUS_TARGET_147.csv,1,RIV-USE-GFX147-82,RIV-CONS-721B1C,False,99,NO_FLAG,NOT_VALIDATED_I03,NOT_VALIDATED_I03,NOT_EXECUTED_I03,SOURCE_LABEL_AVAILABLE,NOT_APPROVED_BY_CENSUS
RIV-LZ-5FB7A2,LZ,0x5FB7A2,0x5FB8DB,0x5F,0xB7A2,313,57f15a3724721a3e883500286be577917c560bc9e7a2947622cc47e0f0b82e07,True,N/A,ROCKS FALL!,S415_RESOURCE_TABLE_CENSUS_TARGET_147.csv,1,RIV-USE-GFX147-83,RIV-CONS-721B1C,False,63,NO_FLAG,NOT_VALIDATED_I03,NOT_VALIDATED_I03,NOT_EXECUTED_I03,SOURCE_LABEL_AVAILABLE,NOT_APPROVED_BY_CENSUS
RIV-LZ-5FBA66,LZ,0x5FBA66,0x5FBB67,0x5F,0xBA66,257,dab862f276052abfb80819ee50ef026edb43a4d4721aa519b87e19adc3478773,True,N/A,SUNKEN...,S415_RESOURCE_TABLE_CENSUS_TARGET_147.csv,1,RIV-USE-GFX147-84,RIV-CONS-721B1C,False,54,NO_FLAG,NOT_VALIDATED_I03,NOT_VALIDATED_I03,NOT_EXECUTED_I03,SOURCE_LABEL_AVAILABLE,NOT_APPROVED_BY_CENSUS
RIV-LZ-5FBC6A,LZ,0x5FBC6A,0x5FBE57,0x5F,0xBC6A,493,97b495ebd11fda5de3e4ace2751a5ed8a7c1a4215152056f0eed68be23559fb6,True,N/A,ACCURSED APPEARS!,S415_RESOURCE_TABLE_CENSUS_TARGET_147.csv,1,RIV-USE-GFX147-85,RIV-CONS-721B1C,False,99,NO_FLAG,NOT_VALIDATED_I03,NOT_VALIDATED_I03,NOT_EXECUTED_I03,SOURCE_LABEL_AVAILABLE,NOT_APPROVED_BY_CENSUS
RIV-LZ-5FBF68,LZ,0x5FBF68,0x5FC0DB,0x5F,0xBF68,371,168b23fad8cbe9978cae79024e9759c7a3c92175da93fdb75e54515ca23d9c95,True,N/A,VS GRIM ANGEL,S415_RESOURCE_TABLE_CENSUS_TARGET_147.csv,1,RIV-USE-GFX147-86,RIV-CONS-721B1C,False,72,NO_FLAG,NOT_VALIDATED_I03,NOT_VALIDATED_I03,NOT_EXECUTED_I03,SOURCE_LABEL_AVAILABLE,NOT_APPROVED_BY_CENSUS
RIV-LZ-5FC1A2,LZ,0x5FC1A2,0x5FC29E,0x5F,0xC1A2,252,97beb551a0c50573c66fcb914c1255534f21c3d5ddc8a67ba679eaae5b15be9d,True,N/A,VS HECTOR,S415_RESOURCE_TABLE_CENSUS_TARGET_147.csv,1,RIV-USE-GFX147-87,RIV-CONS-721B1C,False,51,NO_FLAG,NOT_VALIDATED_I03,NOT_VALIDATED_I03,NOT_EXECUTED_I03,SOURCE_LABEL_AVAILABLE,NOT_APPROVED_BY_CENSUS
RIV-LZ-5FC32E,LZ,0x5FC32E,0x5FC47C,0x5F,0xC32E,334,5686ed4ba1c046a00d1fa6bfdff6b1625c715b4c231391519ee068092094c1c2,True,N/A,DARK PRISON,S415_RESOURCE_TABLE_CENSUS_TARGET_147.csv,1,RIV-USE-GFX147-88,RIV-CONS-721B1C,False,63,NO_FLAG,NOT_VALIDATED_I03,NOT_VALIDATED_I03,NOT_EXECUTED_I03,SOURCE_LABEL_AVAILABLE,NOT_APPROVED_BY_CENSUS
RIV-LZ-5FC678,LZ,0x5FC678,0x5FC7A7,0x5F,0xC678,303,a8d4d9715d87c4222b54873e8019d45e9e73c4598e4f1bc848919ae6c0962171,True,N/A,VS SETH-RAH,S415_RESOURCE_TABLE_CENSUS_TARGET_147.csv,1,RIV-USE-GFX147-89,RIV-CONS-721B1C,False,63,NO_FLAG,NOT_VALIDATED_I03,NOT_VALIDATED_I03,NOT_EXECUTED_I03,SOURCE_LABEL_AVAILABLE,NOT_APPROVED_BY_CENSUS
RIV-LZ-5FC8EC,LZ,0x5FC8EC,0x5FC975,0x5F,0xC8EC,137,13ed4709d6f468fab07c576ada0e3e804f1a169552c5a9bb907c66c1079dc7be,True,N/A,SICK,S415_RESOURCE_TABLE_CENSUS_TARGET_147.csv,1,RIV-USE-GFX147-90,RIV-CONS-721B1C,False,24,NO_FLAG,NOT_VALIDATED_I03,NOT_VALIDATED_I03,NOT_EXECUTED_I03,SOURCE_LABEL_AVAILABLE,NOT_APPROVED_BY_CENSUS
RIV-LZ-5FCA0C,LZ,0x5FCA0C,0x5FCBCF,0x5F,0xCA0C,451,d40dae593fbc86ab1a366790d9a51db5f422a9385306823f1fa50c59428afecb,True,N/A,CRIMSON ZOMBIE!,S415_RESOURCE_TABLE_CENSUS_TARGET_147.csv,1,RIV-USE-GFX147-91,RIV-CONS-721B1C,False,87,NO_FLAG,NOT_VALIDATED_I03,NOT_VALIDATED_I03,NOT_EXECUTED_I03,SOURCE_LABEL_AVAILABLE,NOT_APPROVED_BY_CENSUS
RIV-LZ-5FCD6A,LZ,0x5FCD6A,0x5FCEF5,0x5F,0xCD6A,395,3b7f0d44e1108150081d6f3a595795135faff102daf4a376561196dd5aacd730,True,N/A,HADES APPEARS!,S415_RESOURCE_TABLE_CENSUS_TARGET_147.csv,1,RIV-USE-GFX147-92,RIV-CONS-721B1C,False,81,NO_FLAG,NOT_VALIDATED_I03,NOT_VALIDATED_I03,NOT_EXECUTED_I03,SOURCE_LABEL_AVAILABLE,NOT_APPROVED_BY_CENSUS
RIV-LZ-5FD0C8,LZ,0x5FD0C8,0x5FD2C5,0x5F,0xD0C8,509,564998f52e0c4cf641a435e1b7534c86ff41f02bdc22cb1a4fb1684e0cd8f9ae,True,N/A,SLEIPNIR IN...,S415_RESOURCE_TABLE_CENSUS_TARGET_147.csv,1,RIV-USE-GFX147-93,RIV-CONS-721B1C,False,81,NO_FLAG,NOT_VALIDATED_I03,NOT_VALIDATED_I03,NOT_EXECUTED_I03,SOURCE_LABEL_AVAILABLE,NOT_APPROVED_BY_CENSUS
RIV-SCRIPT-660B48,SCRIPT,0x660B48,0x660BCB,0x66,0x0B48,131,708fce98c6940b2a62c2d0a725301c8e6bbe5503d27da0c614c34eab213e2e25,True,UNAVAILABLE_HISTORICAL,Flamberg,S408_ITEM_MANUAL_TABLE_CENSUS_147.csv,1,RIV-USE-MANUAL147-4,RIV-CONS-72CBB8,False,48,NO_FLAG,NOT_VALIDATED_I03,NOT_VALIDATED_I03,NATIVE_RENDERER_CONFIRMED_S456_CONTROLLED_PROBE,SOURCE_LABEL_AVAILABLE,NOT_APPROVED_BY_CENSUS
RIV-SCRIPT-660BCB,SCRIPT,0x660BCB,0x660C4E,0x66,0x0BCB,131,e9574ba6bb1746f769d3897110def395efc639f0236a6e90c53acd89fff249ba,True,UNAVAILABLE_HISTORICAL,Thunder Blade,S408_ITEM_MANUAL_TABLE_CENSUS_147.csv,1,RIV-USE-MANUAL147-5,RIV-CONS-72CBB8,False,75,NO_FLAG,NOT_VALIDATED_I03,NOT_VALIDATED_I03,NATIVE_RENDERER_CONFIRMED_S456_CONTROLLED_PROBE,SOURCE_LABEL_AVAILABLE,NOT_APPROVED_BY_CENSUS
RIV-SCRIPT-660C4E,SCRIPT,0x660C4E,0x660CCF,0x66,0x0C4E,129,4f22c9a8325c2f88538ed6e52a959148e48e69382ad0797bad2b03d8ec6ca76f,True,UNAVAILABLE_HISTORICAL,Mithril Sword,S408_ITEM_MANUAL_TABLE_CENSUS_147.csv,1,RIV-USE-MANUAL147-6,RIV-CONS-72CBB8,False,75,NO_FLAG,NOT_VALIDATED_I03,NOT_VALIDATED_I03,NATIVE_RENDERER_CONFIRMED_S456_CONTROLLED_PROBE,SOURCE_LABEL_AVAILABLE,NOT_APPROVED_BY_CENSUS
RIV-SCRIPT-660CCF,SCRIPT,0x660CCF,0x660D4F,0x66,0x0CCF,128,33031b8fc3763bb73885b6d50464680b7fbaf5156e0d8460535eedd327c5d415,True,UNAVAILABLE_HISTORICAL,Gran Sabre,S408_ITEM_MANUAL_TABLE_CENSUS_147.csv,1,RIV-USE-MANUAL147-8,RIV-CONS-72CBB8,False,57,NO_FLAG,NOT_VALIDATED_I03,NOT_VALIDATED_I03,NATIVE_RENDERER_CONFIRMED_S456_CONTROLLED_PROBE,SOURCE_LABEL_AVAILABLE,NOT_APPROVED_BY_CENSUS
RIV-SCRIPT-660D4F,SCRIPT,0x660D4F,0x660DD0,0x66,0x0D4F,129,f0b9dd424e59aa697e69f791d9732de16659845575e4f5151dc74ce14f362cd1,True,UNAVAILABLE_HISTORICAL,Silver Rapier,S408_ITEM_MANUAL_TABLE_CENSUS_147.csv,1,RIV-USE-MANUAL147-10,RIV-CONS-72CBB8,False,75,NO_FLAG,NOT_VALIDATED_I03,NOT_VALIDATED_I03,NATIVE_RENDERER_CONFIRMED_S456_CONTROLLED_PROBE,SOURCE_LABEL_AVAILABLE,NOT_APPROVED_BY_CENSUS
RIV-SCRIPT-660DD0,SCRIPT,0x660DD0,0x660E50,0x66,0x0DD0,128,0fb5a656d2573a97346933331accf2966dacc5f551a9c6c003bcd5c96e9cf158,True,UNAVAILABLE_HISTORICAL,Blue Stinger,S408_ITEM_MANUAL_TABLE_CENSUS_147.csv,1,RIV-USE-MANUAL147-13,RIV-CONS-72CBB8,False,69,NO_FLAG,NOT_VALIDATED_I03,NOT_VALIDATED_I03,NATIVE_RENDERER_CONFIRMED_S456_CONTROLLED_PROBE,SOURCE_LABEL_AVAILABLE,NOT_APPROVED_BY_CENSUS
RIV-SCRIPT-660E50,SCRIPT,0x660E50,0x660ECF,0x66,0x0E50,127,4cbcb46e66a12331b8255c08d141676c06fa4abb280856bccc03d52a905fd553,True,UNAVAILABLE_HISTORICAL,Rosier,S408_ITEM_MANUAL_TABLE_CENSUS_147.csv,1,RIV-USE-MANUAL147-14,RIV-CONS-72CBB8,False,36,NO_FLAG,NOT_VALIDATED_I03,NOT_VALIDATED_I03,NATIVE_RENDERER_CONFIRMED_S456_CONTROLLED_PROBE,SOURCE_LABEL_AVAILABLE,NOT_APPROVED_BY_CENSUS
RIV-SCRIPT-660ECF,SCRIPT,0x660ECF,0x660F50,0x66,0x0ECF,129,ce0ea5bc243ef28b3ed6f71b63fdd0ec7637751375fcb3cd02546ae4031e47f7,True,UNAVAILABLE_HISTORICAL,Longbow,S408_ITEM_MANUAL_TABLE_CENSUS_147.csv,1,RIV-USE-MANUAL147-15,RIV-CONS-72CBB8,False,42,NO_FLAG,NOT_VALIDATED_I03,NOT_VALIDATED_I03,NATIVE_RENDERER_CONFIRMED_S456_CONTROLLED_PROBE,SOURCE_LABEL_AVAILABLE,NOT_APPROVED_BY_CENSUS
RIV-SCRIPT-660F50,SCRIPT,0x660F50,0x660FD3,0x66,0x0F50,131,67aff28d44105a53ffca3db955075d6a983ab48c34fd88055bc97c2c9e80a93c,True,UNAVAILABLE_HISTORICAL,Lightning Bow,S408_ITEM_MANUAL_TABLE_CENSUS_147.csv,1,RIV-USE-MANUAL147-16,RIV-CONS-72CBB8,False,75,NO_FLAG,NOT_VALIDATED_I03,NOT_VALIDATED_I03,NATIVE_RENDERER_CONFIRMED_S456_CONTROLLED_PROBE,SOURCE_LABEL_AVAILABLE,NOT_APPROVED_BY_CENSUS
RIV-SCRIPT-660FD3,SCRIPT,0x660FD3,0x661054,0x66,0x0FD3,129,77be73ac2a54db4aafecfd992ffdd55360366ba6423a6618a7c69a7d49441320,True,UNAVAILABLE_HISTORICAL,Elfin Bow,S408_ITEM_MANUAL_TABLE_CENSUS_147.csv,1,RIV-USE-MANUAL147-17,RIV-CONS-72CBB8,False,51,NO_FLAG,NOT_VALIDATED_I03,NOT_VALIDATED_I03,NATIVE_RENDERER_CONFIRMED_S456_CONTROLLED_PROBE,SOURCE_LABEL_AVAILABLE,NOT_APPROVED_BY_CENSUS
RIV-SCRIPT-661054,SCRIPT,0x661054,0x6610D3,0x66,0x1054,127,612eae560522d5974223d2d0be4d13667188d2223cae088181a664432feeafb9,True,UNAVAILABLE_HISTORICAL,Iria's Bow,S408_ITEM_MANUAL_TABLE_CENSUS_147.csv,1,RIV-USE-MANUAL147-18,RIV-CONS-72CBB8,False,57,NO_FLAG,NOT_VALIDATED_I03,NOT_VALIDATED_I03,NATIVE_RENDERER_CONFIRMED_S456_CONTROLLED_PROBE,SOURCE_LABEL_AVAILABLE,NOT_APPROVED_BY_CENSUS
RIV-SCRIPT-66110C,SCRIPT,0x66110C,0x66114E,0x66,0x110C,66,30607047e8087ebdae4a31b4b905f0c7e0594199745fa43e4b9cef1b8af55c7d,True,UNAVAILABLE_HISTORICAL,Diana's Bow,S408_ITEM_MANUAL_TABLE_CENSUS_147.csv,1,RIV-USE-MANUAL147-20,RIV-CONS-72CBB8,False,63,NO_FLAG,NOT_VALIDATED_I03,NOT_VALIDATED_I03,NATIVE_RENDERER_CONFIRMED_S456_CONTROLLED_PROBE,SOURCE_LABEL_AVAILABLE,NOT_APPROVED_BY_CENSUS
RIV-SCRIPT-66114E,SCRIPT,0x66114E,0x661190,0x66,0x114E,66,88c325b3a0565244aed968b11c07ac10a41688e44b48e6c9a4ccc63245b76ab0,True,UNAVAILABLE_HISTORICAL,Hell Scythe,S408_ITEM_MANUAL_TABLE_CENSUS_147.csv,1,RIV-USE-MANUAL147-21,RIV-CONS-72CBB8,False,63,NO_FLAG,NOT_VALIDATED_I03,NOT_VALIDATED_I03,NATIVE_RENDERER_CONFIRMED_S456_CONTROLLED_PROBE,SOURCE_LABEL_AVAILABLE,NOT_APPROVED_BY_CENSUS
RIV-SCRIPT-661190,SCRIPT,0x661190,0x6611D1,0x66,0x1190,65,9747cdef9cdffb1a72c1ad2b6d269f452673c391b262506568f8d1e66bf0bad3,True,UNAVAILABLE_HISTORICAL,Ogre Blade,S408_ITEM_MANUAL_TABLE_CENSUS_147.csv,1,RIV-USE-MANUAL147-22,RIV-CONS-72CBB8,False,57,NO_FLAG,NOT_VALIDATED_I03,NOT_VALIDATED_I03,NATIVE_RENDERER_CONFIRMED_S456_CONTROLLED_PROBE,SOURCE_LABEL_AVAILABLE,NOT_APPROVED_BY_CENSUS
RIV-SCRIPT-6611D1,SCRIPT,0x6611D1,0x661213,0x66,0x11D1,66,94a04cddbbdb32677c7c3d03f9a8cef838209c516f4154cd206c94e24270cfd2,True,UNAVAILABLE_HISTORICAL,Burning Sun,S408_ITEM_MANUAL_TABLE_CENSUS_147.csv,1,RIV-USE-MANUAL147-23,RIV-CONS-72CBB8,False,63,NO_FLAG,NOT_VALIDATED_I03,NOT_VALIDATED_I03,NATIVE_RENDERER_CONFIRMED_S456_CONTROLLED_PROBE,SOURCE_LABEL_AVAILABLE,NOT_APPROVED_BY_CENSUS
RIV-SCRIPT-661213,SCRIPT,0x661213,0x661254,0x66,0x1213,65,0f0d06b03e72366f25d194d3f7f6776d94b4aadb7e3c2ed934e0f932e58afca5,True,UNAVAILABLE_HISTORICAL,Black Scythe,S408_ITEM_MANUAL_TABLE_CENSUS_147.csv,1,RIV-USE-MANUAL147-24,RIV-CONS-72CBB8,False,69,NO_FLAG,NOT_VALIDATED_I03,NOT_VALIDATED_I03,NATIVE_RENDERER_CONFIRMED_S456_CONTROLLED_PROBE,SOURCE_LABEL_AVAILABLE,NOT_APPROVED_BY_CENSUS
RIV-SCRIPT-661254,SCRIPT,0x661254,0x661294,0x66,0x1254,64,4862f808231f746f4fda48c38b3c5bc7b36750aff36973e5c5bb7394429d582d,True,UNAVAILABLE_HISTORICAL,Silver Moon,S408_ITEM_MANUAL_TABLE_CENSUS_147.csv,1,RIV-USE-MANUAL147-25,RIV-CONS-72CBB8,False,63,NO_FLAG,NOT_VALIDATED_I03,NOT_VALIDATED_I03,NATIVE_RENDERER_CONFIRMED_S456_CONTROLLED_PROBE,SOURCE_LABEL_AVAILABLE,NOT_APPROVED_BY_CENSUS
RIV-SCRIPT-661294,SCRIPT,0x661294,0x6612D6,0x66,0x1294,66,0503d7079a6a19f815fe56e0db6be9497bf03e4fb86ebcd08904dda54a8d02f2,True,UNAVAILABLE_HISTORICAL,Infinite Arc,S408_ITEM_MANUAL_TABLE_CENSUS_147.csv,1,RIV-USE-MANUAL147-26,RIV-CONS-72CBB8,False,69,NO_FLAG,NOT_VALIDATED_I03,NOT_VALIDATED_I03,NATIVE_RENDERER_CONFIRMED_S456_CONTROLLED_PROBE,SOURCE_LABEL_AVAILABLE,NOT_APPROVED_BY_CENSUS
RIV-SCRIPT-6612D6,SCRIPT,0x6612D6,0x661318,0x66,0x12D6,66,10f1469b38fc54767b2c9c8eb5d45b4038997a1ba640aef564cd144578f535de,True,UNAVAILABLE_HISTORICAL,Coral Staff,S408_ITEM_MANUAL_TABLE_CENSUS_147.csv,1,RIV-USE-MANUAL147-27,RIV-CONS-72CBB8,False,63,NO_FLAG,NOT_VALIDATED_I03,NOT_VALIDATED_I03,NATIVE_RENDERER_CONFIRMED_S456_CONTROLLED_PROBE,SOURCE_LABEL_AVAILABLE,NOT_APPROVED_BY_CENSUS
RIV-SCRIPT-661318,SCRIPT,0x661318,0x661359,0x66,0x1318,65,7e091537674be360303b3e0c52cdeb00d73065722a05afd0fcc931b71f996862,True,UNAVAILABLE_HISTORICAL,Ruby Staff,S408_ITEM_MANUAL_TABLE_CENSUS_147.csv,1,RIV-USE-MANUAL147-28,RIV-CONS-72CBB8,False,57,NO_FLAG,NOT_VALIDATED_I03,NOT_VALIDATED_I03,NATIVE_RENDERER_CONFIRMED_S456_CONTROLLED_PROBE,SOURCE_LABEL_AVAILABLE,NOT_APPROVED_BY_CENSUS
RIV-SCRIPT-661359,SCRIPT,0x661359,0x66139B,0x66,0x1359,66,7c12e3fb849557b345bd6d0a3c3669cf3b6f3e606a1089558452c85e888d708e,True,UNAVAILABLE_HISTORICAL,Moon Wand,S408_ITEM_MANUAL_TABLE_CENSUS_147.csv,1,RIV-USE-MANUAL147-29,RIV-CONS-72CBB8,False,51,NO_FLAG,NOT_VALIDATED_I03,NOT_VALIDATED_I03,NATIVE_RENDERER_CONFIRMED_S456_CONTROLLED_PROBE,SOURCE_LABEL_AVAILABLE,NOT_APPROVED_BY_CENSUS
RIV-SCRIPT-66139B,SCRIPT,0x66139B,0x6613DD,0x66,0x139B,66,892b7ead070fddcf21c36aad49bc5638328f5b72bf45a1e48ada6691b88e359e,True,UNAVAILABLE_HISTORICAL,Salamander Rod,S408_ITEM_MANUAL_TABLE_CENSUS_147.csv,1,RIV-USE-MANUAL147-30,RIV-CONS-72CBB8,False,81,NO_FLAG,NOT_VALIDATED_I03,NOT_VALIDATED_I03,NATIVE_RENDERER_CONFIRMED_S456_CONTROLLED_PROBE,SOURCE_LABEL_AVAILABLE,NOT_APPROVED_BY_CENSUS
RIV-SCRIPT-6613DD,SCRIPT,0x6613DD,0x66141F,0x66,0x13DD,66,763643c20a44ffd7c7b27eb6964fe92d6f11d09ea59aa7ef1671ebb83fb50a0b,True,UNAVAILABLE_HISTORICAL,Phoenix Wand,S408_ITEM_MANUAL_TABLE_CENSUS_147.csv,1,RIV-USE-MANUAL147-31,RIV-CONS-72CBB8,False,69,NO_FLAG,NOT_VALIDATED_I03,NOT_VALIDATED_I03,NATIVE_RENDERER_CONFIRMED_S456_CONTROLLED_PROBE,SOURCE_LABEL_AVAILABLE,NOT_APPROVED_BY_CENSUS
RIV-SCRIPT-66141F,SCRIPT,0x66141F,0x661461,0x66,0x141F,66,70e6230ee304376421c5500839b92d967288de6815d5a68457788392f0db6a05,True,UNAVAILABLE_HISTORICAL,Southern Cross,S408_ITEM_MANUAL_TABLE_CENSUS_147.csv,1,RIV-USE-MANUAL147-32,RIV-CONS-72CBB8,False,81,NO_FLAG,NOT_VALIDATED_I03,NOT_VALIDATED_I03,NATIVE_RENDERER_CONFIRMED_S456_CONTROLLED_PROBE,SOURCE_LABEL_AVAILABLE,NOT_APPROVED_BY_CENSUS
RIV-SCRIPT-661461,SCRIPT,0x661461,0x6614A0,0x66,0x1461,63,6ee010e421a3dda3b3675d2664b405193b22a9cbaa43d5a684cb9fbbb38c9222,True,UNAVAILABLE_HISTORICAL,Gae Bolg,S408_ITEM_MANUAL_TABLE_CENSUS_147.csv,1,RIV-USE-MANUAL147-33,RIV-CONS-72CBB8,False,45,NO_FLAG,NOT_VALIDATED_I03,NOT_VALIDATED_I03,NATIVE_RENDERER_CONFIRMED_S456_CONTROLLED_PROBE,SOURCE_LABEL_AVAILABLE,NOT_APPROVED_BY_CENSUS
RIV-SCRIPT-6614A0,SCRIPT,0x6614A0,0x6614E0,0x66,0x14A0,64,374fceb21d536e5d76f6dcc528a0342e355b24d7e7ac3e2331998d263eee4b9a,True,UNAVAILABLE_HISTORICAL,Ice Javelin,S408_ITEM_MANUAL_TABLE_CENSUS_147.csv,1,RIV-USE-MANUAL147-34,RIV-CONS-72CBB8,False,63,NO_FLAG,NOT_VALIDATED_I03,NOT_VALIDATED_I03,NATIVE_RENDERER_CONFIRMED_S456_CONTROLLED_PROBE,SOURCE_LABEL_AVAILABLE,NOT_APPROVED_BY_CENSUS
RIV-SCRIPT-6614E0,SCRIPT,0x6614E0,0x661522,0x66,0x14E0,66,1bf3974a6ea78f777f9b1bf1d7606f0e0d161655f114f241e46ab1dcd7a2cf3f,True,UNAVAILABLE_HISTORICAL,Cross Lance,S408_ITEM_MANUAL_TABLE_CENSUS_147.csv,1,RIV-USE-MANUAL147-35,RIV-CONS-72CBB8,False,63,NO_FLAG,NOT_VALIDATED_I03,NOT_VALIDATED_I03,NATIVE_RENDERER_CONFIRMED_S456_CONTROLLED_PROBE,SOURCE_LABEL_AVAILABLE,NOT_APPROVED_BY_CENSUS
RIV-SCRIPT-661522,SCRIPT,0x661522,0x661563,0x66,0x1522,65,3413a74d469b2dc2b6f84f61be6ebccb809532e8f21bd64c0aec0a98e927352c,True,UNAVAILABLE_HISTORICAL,Crystal Lance,S408_ITEM_MANUAL_TABLE_CENSUS_147.csv,1,RIV-USE-MANUAL147-36,RIV-CONS-72CBB8,False,75,NO_FLAG,NOT_VALIDATED_I03,NOT_VALIDATED_I03,NATIVE_RENDERER_CONFIRMED_S456_CONTROLLED_PROBE,SOURCE_LABEL_AVAILABLE,NOT_APPROVED_BY_CENSUS
RIV-SCRIPT-661563,SCRIPT,0x661563,0x6615A5,0x66,0x1563,66,0116347f8eb9f69dac3efc5779b9b6470bf1564bbea8db2ec6c151e0c9b67f74,True,UNAVAILABLE_HISTORICAL,Silvia,S408_ITEM_MANUAL_TABLE_CENSUS_147.csv,1,RIV-USE-MANUAL147-37,RIV-CONS-72CBB8,False,36,NO_FLAG,NOT_VALIDATED_I03,NOT_VALIDATED_I03,NATIVE_RENDERER_CONFIRMED_S456_CONTROLLED_PROBE,SOURCE_LABEL_AVAILABLE,NOT_APPROVED_BY_CENSUS
RIV-SCRIPT-6615A5,SCRIPT,0x6615A5,0x6615E7,0x66,0x15A5,66,79947495fb538b62c4591bdfd0a018bd6fd23596b6b8a13449845917eadfa8f8,True,UNAVAILABLE_HISTORICAL,Rose Whip,S408_ITEM_MANUAL_TABLE_CENSUS_147.csv,1,RIV-USE-MANUAL147-38,RIV-CONS-72CBB8,False,51,NO_FLAG,NOT_VALIDATED_I03,NOT_VALIDATED_I03,NATIVE_RENDERER_CONFIRMED_S456_CONTROLLED_PROBE,SOURCE_LABEL_AVAILABLE,NOT_APPROVED_BY_CENSUS
RIV-SCRIPT-6615E7,SCRIPT,0x6615E7,0x661629,0x66,0x15E7,66,98a4d508e11c5e7b0038ac535e14304ed7e4ce059832e624f7d9bf7e9e88eb4f,True,UNAVAILABLE_HISTORICAL,Flame Whip,S408_ITEM_MANUAL_TABLE_CENSUS_147.csv,1,RIV-USE-MANUAL147-39,RIV-CONS-72CBB8,False,57,NO_FLAG,NOT_VALIDATED_I03,NOT_VALIDATED_I03,NATIVE_RENDERER_CONFIRMED_S456_CONTROLLED_PROBE,SOURCE_LABEL_AVAILABLE,NOT_APPROVED_BY_CENSUS
RIV-SCRIPT-661629,SCRIPT,0x661629,0x66166B,0x66,0x1629,66,f9816633a2d74b8913fba8249aa2d4f6ef47b0eec487d21b2c01a1b87b8ba87a,True,UNAVAILABLE_HISTORICAL,Thunder Chain,S408_ITEM_MANUAL_TABLE_CENSUS_147.csv,1,RIV-USE-MANUAL147-40,RIV-CONS-72CBB8,False,75,NO_FLAG,NOT_VALIDATED_I03,NOT_VALIDATED_I03,NATIVE_RENDERER_CONFIRMED_S456_CONTROLLED_PROBE,SOURCE_LABEL_AVAILABLE,NOT_APPROVED_BY_CENSUS
RIV-SCRIPT-66166B,SCRIPT,0x66166B,0x6616AD,0x66,0x166B,66,6bd6a80a0e0e3b3e05a9cdd218941d29e03a4098b0cec0607daaa4f4f7501d70,True,UNAVAILABLE_HISTORICAL,Viper Whip,S408_ITEM_MANUAL_TABLE_CENSUS_147.csv,1,RIV-USE-MANUAL147-41,RIV-CONS-72CBB8,False,57,NO_FLAG,NOT_VALIDATED_I03,NOT_VALIDATED_I03,NATIVE_RENDERER_CONFIRMED_S456_CONTROLLED_PROBE,SOURCE_LABEL_AVAILABLE,NOT_APPROVED_BY_CENSUS
RIV-SCRIPT-6616AD,SCRIPT,0x6616AD,0x6616EF,0x66,0x16AD,66,98b8ced23c9d905ade2e11bf7bcdb171e54963f61f680f6f975829712dddfcc5,True,UNAVAILABLE_HISTORICAL,Harpie Talon,S408_ITEM_MANUAL_TABLE_CENSUS_147.csv,1,RIV-USE-MANUAL147-42,RIV-CONS-72CBB8,False,69,NO_FLAG,NOT_VALIDATED_I03,NOT_VALIDATED_I03,NATIVE_RENDERER_CONFIRMED_S456_CONTROLLED_PROBE,SOURCE_LABEL_AVAILABLE,NOT_APPROVED_BY_CENSUS
RIV-SCRIPT-6616EF,SCRIPT,0x6616EF,0x661731,0x66,0x16EF,66,82a441d0602dccf062ccca06c14526e87e85a44ff22d1ea65a4ffd2a651d60e2,True,UNAVAILABLE_HISTORICAL,Blood Fang,S408_ITEM_MANUAL_TABLE_CENSUS_147.csv,1,RIV-USE-MANUAL147-43,RIV-CONS-72CBB8,False,57,NO_FLAG,NOT_VALIDATED_I03,NOT_VALIDATED_I03,NATIVE_RENDERER_CONFIRMED_S456_CONTROLLED_PROBE,SOURCE_LABEL_AVAILABLE,NOT_APPROVED_BY_CENSUS
RIV-SCRIPT-661731,SCRIPT,0x661731,0x661773,0x66,0x1731,66,d7fd2cb74e0093ce770e1936df493c83414779972b58f57a5375ac1f820d6237,True,UNAVAILABLE_HISTORICAL,Wyvernzem,S408_ITEM_MANUAL_TABLE_CENSUS_147.csv,1,RIV-USE-MANUAL147-44,RIV-CONS-72CBB8,False,54,NO_FLAG,NOT_VALIDATED_I03,NOT_VALIDATED_I03,NATIVE_RENDERER_CONFIRMED_S456_CONTROLLED_PROBE,SOURCE_LABEL_AVAILABLE,NOT_APPROVED_BY_CENSUS
RIV-SCRIPT-661773,SCRIPT,0x661773,0x6617B4,0x66,0x1773,65,143316ebaffd4fd50f0819522a92efd2793c4541b945de972a8e3e4f6277302c,True,UNAVAILABLE_HISTORICAL,Leyte Claw,S408_ITEM_MANUAL_TABLE_CENSUS_147.csv,1,RIV-USE-MANUAL147-45,RIV-CONS-72CBB8,False,57,NO_FLAG,NOT_VALIDATED_I03,NOT_VALIDATED_I03,NATIVE_RENDERER_CONFIRMED_S456_CONTROLLED_PROBE,SOURCE_LABEL_AVAILABLE,NOT_APPROVED_BY_CENSUS
RIV-SCRIPT-6617B4,SCRIPT,0x6617B4,0x6617F6,0x66,0x17B4,66,26f0d97d168bbb7803d919af0943475ec8c276073f371f662652ab5d8ab453fe,True,UNAVAILABLE_HISTORICAL,Book of Laura,S408_ITEM_MANUAL_TABLE_CENSUS_147.csv,1,RIV-USE-MANUAL147-46,RIV-CONS-72CBB8,False,72,NO_FLAG,NOT_VALIDATED_I03,NOT_VALIDATED_I03,NATIVE_RENDERER_CONFIRMED_S456_CONTROLLED_PROBE,SOURCE_LABEL_AVAILABLE,NOT_APPROVED_BY_CENSUS
RIV-SCRIPT-6617F6,SCRIPT,0x6617F6,0x661837,0x66,0x17F6,65,c186fa2b677f4a01bd88268d5bfb5e7a50d3c3dba8dcf62eb3636bfe6487abba,True,UNAVAILABLE_HISTORICAL,Book of Nanai,S408_ITEM_MANUAL_TABLE_CENSUS_147.csv,1,RIV-USE-MANUAL147-47,RIV-CONS-72CBB8,False,72,NO_FLAG,NOT_VALIDATED_I03,NOT_VALIDATED_I03,NATIVE_RENDERER_CONFIRMED_S456_CONTROLLED_PROBE,SOURCE_LABEL_AVAILABLE,NOT_APPROVED_BY_CENSUS
RIV-SCRIPT-661837,SCRIPT,0x661837,0x661879,0x66,0x1837,66,386328c27c9ab3356189c438d8826766a66dfb7814e25c886d3caad315cf37f0,True,UNAVAILABLE_HISTORICAL,Book of Gelt,S408_ITEM_MANUAL_TABLE_CENSUS_147.csv,1,RIV-USE-MANUAL147-48,RIV-CONS-72CBB8,False,66,NO_FLAG,NOT_VALIDATED_I03,NOT_VALIDATED_I03,NATIVE_RENDERER_CONFIRMED_S456_CONTROLLED_PROBE,SOURCE_LABEL_AVAILABLE,NOT_APPROVED_BY_CENSUS
RIV-SCRIPT-661879,SCRIPT,0x661879,0x6618BB,0x66,0x1879,66,70a358b956f8bc50bf87be95041378490d31da6cd7a1a11bc05ef6387b970714,True,UNAVAILABLE_HISTORICAL,Book of Kirie,S408_ITEM_MANUAL_TABLE_CENSUS_147.csv,1,RIV-USE-MANUAL147-49,RIV-CONS-72CBB8,False,72,NO_FLAG,NOT_VALIDATED_I03,NOT_VALIDATED_I03,NATIVE_RENDERER_CONFIRMED_S456_CONTROLLED_PROBE,SOURCE_LABEL_AVAILABLE,NOT_APPROVED_BY_CENSUS
RIV-SCRIPT-6618BB,SCRIPT,0x6618BB,0x6618FC,0x66,0x18BB,65,a2d1ea82e1a0a8f63590885291118e00b6bd249f73c707c27479f06908635d94,True,UNAVAILABLE_HISTORICAL,Fire Orb | Fire Crest,S408_ITEM_MANUAL_TABLE_CENSUS_147.csv,2,RIV-USE-MANUAL147-66;RIV-USE-MANUAL147-67,RIV-CONS-72CBB8,False,114,NO_FLAG,NOT_VALIDATED_I03,NOT_VALIDATED_I03,NATIVE_RENDERER_CONFIRMED_S456_CONTROLLED_PROBE,SOURCE_LABEL_AVAILABLE,NOT_APPROVED_BY_CENSUS
RIV-SCRIPT-6618FC,SCRIPT,0x6618FC,0x66193C,0x66,0x18FC,64,7f0c195a7a7dbe820cb447c9b9022792727518cff4eb3e07a2d6c0b80b17241f,True,UNAVAILABLE_HISTORICAL,Ice Orb | Ice Crest | Ice Emblem,S408_ITEM_MANUAL_TABLE_CENSUS_147.csv,3,RIV-USE-MANUAL147-69;RIV-USE-MANUAL147-70;RIV-USE-MANUAL147-71,RIV-CONS-72CBB8,False,171,NO_FLAG,NOT_VALIDATED_I03,NOT_VALIDATED_I03,NATIVE_RENDERER_CONFIRMED_S456_CONTROLLED_PROBE,SOURCE_LABEL_AVAILABLE,NOT_APPROVED_BY_CENSUS
RIV-SCRIPT-66193C,SCRIPT,0x66193C,0x66197D,0x66,0x193C,65,e9b9ac54e1b202624707b2738c74f61096c22dd0ed3e2b3e846fd14c6b7de1d9,True,UNAVAILABLE_HISTORICAL,Lightning Orb | Lightning Crest | Lightning Emblem,S408_ITEM_MANUAL_TABLE_CENSUS_147.csv,3,RIV-USE-MANUAL147-72;RIV-USE-MANUAL147-73;RIV-USE-MANUAL147-74,RIV-CONS-72CBB8,False,279,NO_FLAG,NOT_VALIDATED_I03,NOT_VALIDATED_I03,NATIVE_RENDERER_CONFIRMED_S456_CONTROLLED_PROBE,SOURCE_LABEL_AVAILABLE,NOT_APPROVED_BY_CENSUS
RIV-SCRIPT-66197D,SCRIPT,0x66197D,0x6619BA,0x66,0x197D,61,b6bb550e53bfad5b4ebdf8fef1801656c6105178dc87ab44802e3d7fbe28146f,True,UNAVAILABLE_HISTORICAL,Holy Orb | Holy Crest | Holy Emblem,S408_ITEM_MANUAL_TABLE_CENSUS_147.csv,3,RIV-USE-MANUAL147-75;RIV-USE-MANUAL147-76;RIV-USE-MANUAL147-77,RIV-CONS-72CBB8,False,189,NO_FLAG,NOT_VALIDATED_I03,NOT_VALIDATED_I03,NATIVE_RENDERER_CONFIRMED_S456_CONTROLLED_PROBE,SOURCE_LABEL_AVAILABLE,NOT_APPROVED_BY_CENSUS
RIV-SCRIPT-6619BA,SCRIPT,0x6619BA,0x6619FC,0x66,0x19BA,66,b652e63e690860b351151a5488dc790cfd27c7724790292c3ec9eeac3bd9cf71,True,UNAVAILABLE_HISTORICAL,Applecot,S408_ITEM_MANUAL_TABLE_CENSUS_147.csv,1,RIV-USE-MANUAL147-86,RIV-CONS-72CBB8,False,48,NO_FLAG,NOT_VALIDATED_I03,NOT_VALIDATED_I03,NATIVE_RENDERER_CONFIRMED_S456_CONTROLLED_PROBE,SOURCE_LABEL_AVAILABLE,NOT_APPROVED_BY_CENSUS
RIV-SCRIPT-6619FC,SCRIPT,0x6619FC,0x661A3E,0x66,0x19FC,66,72687eedc37aed5d446642fc28167e6e58769db37d4281fb000988cd2fdcd8f5,True,UNAVAILABLE_HISTORICAL,Banango,S408_ITEM_MANUAL_TABLE_CENSUS_147.csv,1,RIV-USE-MANUAL147-87,RIV-CONS-72CBB8,False,42,NO_FLAG,NOT_VALIDATED_I03,NOT_VALIDATED_I03,NATIVE_RENDERER_CONFIRMED_S456_CONTROLLED_PROBE,SOURCE_LABEL_AVAILABLE,NOT_APPROVED_BY_CENSUS
RIV-SCRIPT-661A3E,SCRIPT,0x661A3E,0x661A7F,0x66,0x1A3E,65,57a66c12f7de12a7148d67143d136e376d36e500fd72071f10b0ad18df1da251,True,UNAVAILABLE_HISTORICAL,Moldy Bread | Rotten Meat,S408_ITEM_MANUAL_TABLE_CENSUS_147.csv,2,RIV-USE-MANUAL147-90;RIV-USE-MANUAL147-96,RIV-CONS-72CBB8,False,138,NO_FLAG,NOT_VALIDATED_I03,NOT_VALIDATED_I03,NATIVE_RENDERER_CONFIRMED_S456_CONTROLLED_PROBE,SOURCE_LABEL_AVAILABLE,NOT_APPROVED_BY_CENSUS
RIV-SCRIPT-661A7F,SCRIPT,0x661A7F,0x661ABF,0x66,0x1A7F,64,6294e2be75eb46e0e21fa6f7b71bdff8d8643f2b5f37beca0c5911598668f449,True,UNAVAILABLE_HISTORICAL,Egg,S408_ITEM_MANUAL_TABLE_CENSUS_147.csv,1,RIV-USE-MANUAL147-92,RIV-CONS-72CBB8,False,18,NO_FLAG,NOT_VALIDATED_I03,NOT_VALIDATED_I03,NATIVE_RENDERER_CONFIRMED_S456_CONTROLLED_PROBE,SOURCE_LABEL_AVAILABLE,NOT_APPROVED_BY_CENSUS
RIV-SCRIPT-661ABF,SCRIPT,0x661ABF,0x661B00,0x66,0x1ABF,65,f5986f105db27ba25d0db2fbfe9a455a3abeb1d5cbf6e1714b76505e81daf661,True,UNAVAILABLE_HISTORICAL,Meat | Dragon Meat,S408_ITEM_MANUAL_TABLE_CENSUS_147.csv,2,RIV-USE-MANUAL147-94;RIV-USE-MANUAL147-98,RIV-CONS-72CBB8,False,99,NO_FLAG,NOT_VALIDATED_I03,NOT_VALIDATED_I03,NATIVE_RENDERER_CONFIRMED_S456_CONTROLLED_PROBE,SOURCE_LABEL_AVAILABLE,NOT_APPROVED_BY_CENSUS
RIV-SCRIPT-661B00,SCRIPT,0x661B00,0x661B41,0x66,0x1B00,65,c1d473e38fd8224709a49aba557ff0b2fc275a7d9f9da6de207e856523ef9b2d,True,UNAVAILABLE_HISTORICAL,Healing Herb,S408_ITEM_MANUAL_TABLE_CENSUS_147.csv,1,RIV-USE-MANUAL147-100,RIV-CONS-72CBB8,False,69,NO_FLAG,NOT_VALIDATED_I03,NOT_VALIDATED_I03,NATIVE_RENDERER_CONFIRMED_S456_CONTROLLED_PROBE,SOURCE_LABEL_AVAILABLE,NOT_APPROVED_BY_CENSUS
RIV-SCRIPT-661B41,SCRIPT,0x661B41,0x661B83,0x66,0x1B41,66,bf5c81f52a1872822b88ba349eda454516e9cddcdf24e59fffe2c97b5bb5b9a6,True,UNAVAILABLE_HISTORICAL,Heilkraut,S408_ITEM_MANUAL_TABLE_CENSUS_147.csv,1,RIV-USE-MANUAL147-102,RIV-CONS-72CBB8,False,54,NO_FLAG,NOT_VALIDATED_I03,NOT_VALIDATED_I03,NATIVE_RENDERER_CONFIRMED_S456_CONTROLLED_PROBE,SOURCE_LABEL_AVAILABLE,NOT_APPROVED_BY_CENSUS
RIV-SCRIPT-661B83,SCRIPT,0x661B83,0x661BC5,0x66,0x1B83,66,8e37e3458bc07a19e5c2df9848bc1e308c26ac929689e46df153a4dedd59a6a6,True,UNAVAILABLE_HISTORICAL,Power Wrist,S408_ITEM_MANUAL_TABLE_CENSUS_147.csv,1,RIV-USE-MANUAL147-104,RIV-CONS-72CBB8,False,63,NO_FLAG,NOT_VALIDATED_I03,NOT_VALIDATED_I03,NATIVE_RENDERER_CONFIRMED_S456_CONTROLLED_PROBE,SOURCE_LABEL_AVAILABLE,NOT_APPROVED_BY_CENSUS
RIV-SCRIPT-661BC5,SCRIPT,0x661BC5,0x661C07,0x66,0x1BC5,66,d6233cea1702e8f9d0b49a4d5b3e4ce2203fc2ac0a69e1810fa27b86776309c1,True,UNAVAILABLE_HISTORICAL,Mage Ring,S408_ITEM_MANUAL_TABLE_CENSUS_147.csv,1,RIV-USE-MANUAL147-105,RIV-CONS-72CBB8,False,51,NO_FLAG,NOT_VALIDATED_I03,NOT_VALIDATED_I03,NATIVE_RENDERER_CONFIRMED_S456_CONTROLLED_PROBE,SOURCE_LABEL_AVAILABLE,NOT_APPROVED_BY_CENSUS
RIV-SCRIPT-661C07,SCRIPT,0x661C07,0x661C48,0x66,0x1C07,65,4c85e3c2fde798d91a6b4066fbe71b8e9e13359f7d4700cf655fb3e80c590e87,True,UNAVAILABLE_HISTORICAL,Mage Armor,S408_ITEM_MANUAL_TABLE_CENSUS_147.csv,1,RIV-USE-MANUAL147-106,RIV-CONS-72CBB8,False,57,NO_FLAG,NOT_VALIDATED_I03,NOT_VALIDATED_I03,NATIVE_RENDERER_CONFIRMED_S456_CONTROLLED_PROBE,SOURCE_LABEL_AVAILABLE,NOT_APPROVED_BY_CENSUS
RIV-SCRIPT-661C48,SCRIPT,0x661C48,0x661C8A,0x66,0x1C48,66,7f0f8ea6d0de3031a4508b5dcb167957c494196b10eb08ab8f3277977b5ecbbe,True,UNAVAILABLE_HISTORICAL,Cape,S408_ITEM_MANUAL_TABLE_CENSUS_147.csv,1,RIV-USE-MANUAL147-107,RIV-CONS-72CBB8,False,24,NO_FLAG,NOT_VALIDATED_I03,NOT_VALIDATED_I03,NATIVE_RENDERER_CONFIRMED_S456_CONTROLLED_PROBE,SOURCE_LABEL_AVAILABLE,NOT_APPROVED_BY_CENSUS
RIV-SCRIPT-661C8A,SCRIPT,0x661C8A,0x661CC9,0x66,0x1C8A,63,0e0c7d0893522dd14ffade4223022932017c9e89ec5c53da086d996f01323cbf,True,UNAVAILABLE_HISTORICAL,Shield,S408_ITEM_MANUAL_TABLE_CENSUS_147.csv,1,RIV-USE-MANUAL147-108,RIV-CONS-72CBB8,False,36,NO_FLAG,NOT_VALIDATED_I03,NOT_VALIDATED_I03,NATIVE_RENDERER_CONFIRMED_S456_CONTROLLED_PROBE,SOURCE_LABEL_AVAILABLE,NOT_APPROVED_BY_CENSUS
RIV-SCRIPT-661CC9,SCRIPT,0x661CC9,0x661D0B,0x66,0x1CC9,66,c6ba1253c513773033caa95926dd7b744cec4a8537049d0cfcd7415d3d6d4149,True,UNAVAILABLE_HISTORICAL,Pendant,S408_ITEM_MANUAL_TABLE_CENSUS_147.csv,1,RIV-USE-MANUAL147-109,RIV-CONS-72CBB8,False,42,NO_FLAG,NOT_VALIDATED_I03,NOT_VALIDATED_I03,NATIVE_RENDERER_CONFIRMED_S456_CONTROLLED_PROBE,SOURCE_LABEL_AVAILABLE,NOT_APPROVED_BY_CENSUS
RIV-SCRIPT-661D0B,SCRIPT,0x661D0B,0x661D4D,0x66,0x1D0B,66,282faa955b3e2c09b8f944ae31de3d0230e2b7b4be54daec8d91d88831d6b36c,True,UNAVAILABLE_HISTORICAL,Amulet,S408_ITEM_MANUAL_TABLE_CENSUS_147.csv,1,RIV-USE-MANUAL147-110,RIV-CONS-72CBB8,False,36,NO_FLAG,NOT_VALIDATED_I03,NOT_VALIDATED_I03,NATIVE_RENDERER_CONFIRMED_S456_CONTROLLED_PROBE,SOURCE_LABEL_AVAILABLE,NOT_APPROVED_BY_CENSUS
RIV-SCRIPT-661D4D,SCRIPT,0x661D4D,0x661D8E,0x66,0x1D4D,65,35ae5d172e3bcf9ea473077f6410826e0f7d6b6cc4c142a23076ac1d3d58f627,True,UNAVAILABLE_HISTORICAL,Wyvern Wing,S408_ITEM_MANUAL_TABLE_CENSUS_147.csv,1,RIV-USE-MANUAL147-118,RIV-CONS-72CBB8,False,63,NO_FLAG,NOT_VALIDATED_I03,NOT_VALIDATED_I03,NATIVE_RENDERER_CONFIRMED_S456_CONTROLLED_PROBE,SOURCE_LABEL_AVAILABLE,NOT_APPROVED_BY_CENSUS
RIV-SCRIPT-661D8E,SCRIPT,0x661D8E,0x661DCF,0x66,0x1D8E,65,e307baa0bcd477880ab92a997fc8c9a0224773978ca4467fddf1a9b468efea28,True,UNAVAILABLE_HISTORICAL,Wyrm Wing,S408_ITEM_MANUAL_TABLE_CENSUS_147.csv,1,RIV-USE-MANUAL147-119,RIV-CONS-72CBB8,False,51,NO_FLAG,NOT_VALIDATED_I03,NOT_VALIDATED_I03,NATIVE_RENDERER_CONFIRMED_S456_CONTROLLED_PROBE,SOURCE_LABEL_AVAILABLE,NOT_APPROVED_BY_CENSUS
RIV-SCRIPT-661DCF,SCRIPT,0x661DCF,0x661E0F,0x66,0x1DCF,64,d9d4e693898dad24155ee94a1c3e7618762169da081046766814425e8482d5e6,True,UNAVAILABLE_HISTORICAL,Rosary,S408_ITEM_MANUAL_TABLE_CENSUS_147.csv,1,RIV-USE-MANUAL147-121,RIV-CONS-72CBB8,False,36,NO_FLAG,NOT_VALIDATED_I03,NOT_VALIDATED_I03,NATIVE_RENDERER_CONFIRMED_S456_CONTROLLED_PROBE,SOURCE_LABEL_AVAILABLE,NOT_APPROVED_BY_CENSUS
RIV-SCRIPT-661E0F,SCRIPT,0x661E0F,0x661E51,0x66,0x1E0F,66,92c82bff7ad7b1083d965d88134d9d6d7c199cad2a1ba4c70137cfe47ec47098,True,UNAVAILABLE_HISTORICAL,Witch Broom,S408_ITEM_MANUAL_TABLE_CENSUS_147.csv,1,RIV-USE-MANUAL147-124,RIV-CONS-72CBB8,False,63,NO_FLAG,NOT_VALIDATED_I03,NOT_VALIDATED_I03,NATIVE_RENDERER_CONFIRMED_S456_CONTROLLED_PROBE,SOURCE_LABEL_AVAILABLE,NOT_APPROVED_BY_CENSUS
RIV-SCRIPT-661E51,SCRIPT,0x661E51,0x661E93,0x66,0x1E51,66,fd87d373e4576089f603deea50ff629b91b6de429cd9843dd271a9cec6534363,True,UNAVAILABLE_HISTORICAL,Holy Water,S408_ITEM_MANUAL_TABLE_CENSUS_147.csv,1,RIV-USE-MANUAL147-128,RIV-CONS-72CBB8,False,57,NO_FLAG,NOT_VALIDATED_I03,NOT_VALIDATED_I03,NATIVE_RENDERER_CONFIRMED_S456_CONTROLLED_PROBE,SOURCE_LABEL_AVAILABLE,NOT_APPROVED_BY_CENSUS
RIV-SCRIPT-661E93,SCRIPT,0x661E93,0x661ED5,0x66,0x1E93,66,f21dec0bf1902c83b9c6428855de487a645be56ab8861f25e00a7ad2fa469d16,True,UNAVAILABLE_HISTORICAL,Ribbon,S408_ITEM_MANUAL_TABLE_CENSUS_147.csv,1,RIV-USE-MANUAL147-131,RIV-CONS-72CBB8,False,36,NO_FLAG,NOT_VALIDATED_I03,NOT_VALIDATED_I03,NATIVE_RENDERER_CONFIRMED_S456_CONTROLLED_PROBE,SOURCE_LABEL_AVAILABLE,NOT_APPROVED_BY_CENSUS
RIV-SCRIPT-661F43,SCRIPT,0x661F43,0x661F84,0x66,0x1F43,65,7ea113a91916f42c28d928034244ead96ba0e1a1fde1be76a73fcfb50d815c9c,True,UNAVAILABLE_HISTORICAL,Fire Emblem,S408_ITEM_MANUAL_TABLE_CENSUS_147.csv,1,RIV-USE-MANUAL147-68,RIV-CONS-72CBB8,False,63,NO_FLAG,NOT_VALIDATED_I03,NOT_VALIDATED_I03,NATIVE_RENDERER_CONFIRMED_S456_CONTROLLED_PROBE,SOURCE_LABEL_AVAILABLE,NOT_APPROVED_BY_CENSUS
RIV-SCRIPT-662184,SCRIPT,0x662184,0x6621C5,0x66,0x2184,65,d0b41b4c36c19430b2890885905f50912a6a01f9bfa8347dbb781f2fb3163b1f,True,UNAVAILABLE_HISTORICAL,Fallen Fan,S408_ITEM_MANUAL_TABLE_CENSUS_147.csv,1,RIV-USE-MANUAL147-136,RIV-CONS-72CBB8,False,57,NO_FLAG,NOT_VALIDATED_I03,NOT_VALIDATED_I03,NATIVE_RENDERER_CONFIRMED_S456_CONTROLLED_PROBE,SOURCE_LABEL_AVAILABLE,NOT_APPROVED_BY_CENSUS
RIV-SCRIPT-66FB93,SCRIPT,0x66FB93,0x66FC12,0x66,0xFB93,127,b725863f5d4a389f226d5f8447e81cc2725cb727308181883e7db41a0308de5f,True,UNAVAILABLE_HISTORICAL,Einherjar,S408_ITEM_MANUAL_TABLE_CENSUS_147.csv,1,RIV-USE-MANUAL147-0,RIV-CONS-72CBB8,False,54,NO_FLAG,NOT_VALIDATED_I03,NOT_VALIDATED_I03,NATIVE_RENDERER_CONFIRMED_S456_CONTROLLED_PROBE,SOURCE_LABEL_AVAILABLE,NOT_APPROVED_BY_CENSUS
RIV-SCRIPT-66FC12,SCRIPT,0x66FC12,0x66FCA4,0x66,0xFC12,146,8e4a117e5811e798dda06b79901f49d013b0c5b4f9b9916cc71ec68af42c9376,True,UNAVAILABLE_HISTORICAL,Lorelei,S408_ITEM_MANUAL_TABLE_CENSUS_147.csv,1,RIV-USE-MANUAL147-1,RIV-CONS-72CBB8,False,42,NO_FLAG,NOT_VALIDATED_I03,NOT_VALIDATED_I03,NATIVE_RENDERER_CONFIRMED_S456_CONTROLLED_PROBE,SOURCE_LABEL_AVAILABLE,NOT_APPROVED_BY_CENSUS
RIV-SCRIPT-66FCA4,SCRIPT,0x66FCA4,0x66FD21,0x66,0xFCA4,125,67cf33aac77dbbde227e4409eaaa951c3a56520fb294530a779da9e87587f427,True,UNAVAILABLE_HISTORICAL,Skadi | Shared English blank template,S408_ITEM_MANUAL_TABLE_CENSUS_147.csv,63,RIV-USE-MANUAL147-2;RIV-USE-MANUAL147-50;RIV-USE-MANUAL147-51;RIV-USE-MANUAL147-52;RIV-USE-MANUAL147-53;RIV-USE-MANUAL147-54;RIV-USE-MANUAL147-55;RIV-USE-MANUAL147-56;RIV-USE-MANUAL147-57;RIV-USE-MANUAL147-58;RIV-USE-MANUAL147-59;RIV-USE-MANUAL147-60;RIV-USE-MANUAL147-61;RIV-USE-MANUAL147-62;RIV-USE-MANUAL147-63;RIV-USE-MANUAL147-64;RIV-USE-MANUAL147-65;RIV-USE-MANUAL147-78;RIV-USE-MANUAL147-79;RIV-USE-MANUAL147-80;RIV-USE-MANUAL147-81;RIV-USE-MANUAL147-82;RIV-USE-MANUAL147-83;RIV-USE-MANUAL147-84;RIV-USE-MANUAL147-85;RIV-USE-MANUAL147-88;RIV-USE-MANUAL147-89;RIV-USE-MANUAL147-91;RIV-USE-MANUAL147-93;RIV-USE-MANUAL147-95;RIV-USE-MANUAL147-97;RIV-USE-MANUAL147-99;RIV-USE-MANUAL147-101;RIV-USE-MANUAL147-103;RIV-USE-MANUAL147-111;RIV-USE-MANUAL147-112;RIV-USE-MANUAL147-113;RIV-USE-MANUAL147-114;RIV-USE-MANUAL147-115;RIV-USE-MANUAL147-116;RIV-USE-MANUAL147-117;RIV-USE-MANUAL147-120;RIV-USE-MANUAL147-122;RIV-USE-MANUAL147-123;RIV-USE-MANUAL147-125;RIV-USE-MANUAL147-126;RIV-USE-MANUAL147-127;RIV-USE-MANUAL147-129;RIV-USE-MANUAL147-130;RIV-USE-MANUAL147-132;RIV-USE-MANUAL147-133;RIV-USE-MANUAL147-134;RIV-USE-MANUAL147-135;RIV-USE-MANUAL147-137;RIV-USE-MANUAL147-138;RIV-USE-MANUAL147-139;RIV-USE-MANUAL147-140;RIV-USE-MANUAL147-141;RIV-USE-MANUAL147-142;RIV-USE-MANUAL147-143;RIV-USE-MANUAL147-144;RIV-USE-MANUAL147-145;RIV-USE-MANUAL147-146,RIV-CONS-72CBB8,False,207,NO_FLAG,NOT_VALIDATED_I03,NOT_VALIDATED_I03,NATIVE_RENDERER_CONFIRMED_S456_CONTROLLED_PROBE,SOURCE_LABEL_AVAILABLE,NOT_APPROVED_BY_CENSUS
RIV-SCRIPT-66FD21,SCRIPT,0x66FD21,0x66FDA5,0x66,0xFD21,132,36aaea33e33cad6e60c39cb23e9fefaa6e28d3f3b0e0f1ff703ad69cc7f2e77f,True,UNAVAILABLE_HISTORICAL,Zephyr,S408_ITEM_MANUAL_TABLE_CENSUS_147.csv,1,RIV-USE-MANUAL147-7,RIV-CONS-72CBB8,False,36,NO_FLAG,NOT_VALIDATED_I03,NOT_VALIDATED_I03,NATIVE_RENDERER_CONFIRMED_S456_CONTROLLED_PROBE,SOURCE_LABEL_AVAILABLE,NOT_APPROVED_BY_CENSUS
RIV-SCRIPT-66FDA5,SCRIPT,0x66FDA5,0x66FE22,0x66,0xFDA5,125,b193e0c052989a3cdb94a67162f7eaf032731d0c348fce80d94372a6f44ea5b1,True,UNAVAILABLE_HISTORICAL,Iron Sword,S408_ITEM_MANUAL_TABLE_CENSUS_147.csv,1,RIV-USE-MANUAL147-3,RIV-CONS-72CBB8,False,57,NO_FLAG,NOT_VALIDATED_I03,NOT_VALIDATED_I03,NATIVE_RENDERER_CONFIRMED_S456_CONTROLLED_PROBE,SOURCE_LABEL_AVAILABLE,NOT_APPROVED_BY_CENSUS
RIV-SCRIPT-66FE22,SCRIPT,0x66FE22,0x66FE9A,0x66,0xFE22,120,3255be7758049669bc7e978df7c1b6d756200c710d422f0e74d41d266439c71f,True,UNAVAILABLE_HISTORICAL,Rapier,S408_ITEM_MANUAL_TABLE_CENSUS_147.csv,1,RIV-USE-MANUAL147-9,RIV-CONS-72CBB8,False,36,NO_FLAG,TWO_ROWS_IDENTITY_CORRECTED_OTHER_GATES_OPEN,NOT_VALIDATED_I03,NATIVE_RENDERER_CONFIRMED_S456_CONTROLLED_PROBE,SOURCE_LABEL_AVAILABLE,NOT_APPROVED_BY_CENSUS
RIV-SCRIPT-66FE9A,SCRIPT,0x66FE9A,0x66FF0E,0x66,0xFE9A,116,33437e4900ed894a988f49acba7ace631ef5dfa12743aa4a3fb4b3cf1aee01e7,True,UNAVAILABLE_HISTORICAL,Estoc,S408_ITEM_MANUAL_TABLE_CENSUS_147.csv,1,RIV-USE-MANUAL147-11,RIV-CONS-72CBB8,False,30,NO_FLAG,NOT_VALIDATED_I03,NOT_VALIDATED_I03,NATIVE_RENDERER_CONFIRMED_S456_CONTROLLED_PROBE,SOURCE_LABEL_AVAILABLE,NOT_APPROVED_BY_CENSUS
RIV-SCRIPT-66FF0E,SCRIPT,0x66FF0E,0x66FF81,0x66,0xFF0E,115,f0926a98ab586f06bbf59349a12c99a329522e8ee1e31e6e98583ee0038d9df0,True,UNAVAILABLE_HISTORICAL,Holy Sabre,S408_ITEM_MANUAL_TABLE_CENSUS_147.csv,1,RIV-USE-MANUAL147-12,RIV-CONS-72CBB8,False,57,NO_FLAG,NOT_VALIDATED_I03,NOT_VALIDATED_I03,NATIVE_RENDERER_CONFIRMED_S456_CONTROLLED_PROBE,SOURCE_LABEL_AVAILABLE,NOT_APPROVED_BY_CENSUS
RIV-SCRIPT-66FF81,SCRIPT,0x66FF81,0x66FFFA,0x66,0xFF81,121,dc96e221ca8b21e9bbbe10a9be526593ad668a31df6ea68e5c1d112c33a9c14c,True,UNAVAILABLE_HISTORICAL,Spiral Arch,S408_ITEM_MANUAL_TABLE_CENSUS_147.csv,1,RIV-USE-MANUAL147-19,RIV-CONS-72CBB8,False,63,NO_FLAG,NOT_VALIDATED_I03,NOT_VALIDATED_I03,NATIVE_RENDERER_CONFIRMED_S456_CONTROLLED_PROBE,SOURCE_LABEL_AVAILABLE,NOT_APPROVED_BY_CENSUS
RIV-LZ-688F4E,LZ,0x688F4E,0x68916D,0x68,0x8F4E,543,90e820027b1205895a08d1de77860aae255963dec679f772301f1d0da9df50f0,True,N/A,English stat-up graphics (HP/STR/AGL/VIT),S415_RESOURCE_TABLE_CENSUS_TARGET_147.csv,1,RIV-USE-GFX147-143,RIV-CONS-721B1C,False,237,NO_FLAG,NOT_VALIDATED_I03,NOT_VALIDATED_I03,NOT_EXECUTED_I03,SOURCE_LABEL_AVAILABLE,NOT_APPROVED_BY_CENSUS
RIV-LZ-68916E,LZ,0x68916E,0x689EAD,0x68,0x916E,3391,a298661851f8e7e6416ca904cfa9feb1a35977be13cecc41a78115f1a67d8200,True,N/A,Pictorial/effect graphic; no Japanese visible.,S415_RESOURCE_TABLE_CENSUS_TARGET_147.csv,1,RIV-USE-GFX147-144,RIV-CONS-721B1C,False,264,NO_FLAG,NOT_VALIDATED_I03,NOT_VALIDATED_I03,NOT_EXECUTED_I03,SOURCE_LABEL_AVAILABLE,NOT_APPROVED_BY_CENSUS
RIV-LZ-689EAE,LZ,0x689EAE,0x68A1AA,0x68,0x9EAE,764,6bf324808d68d1dfda45a7de13daea6766928e03a289382201b987720479665c,True,N/A,Game Start / Continue / Extra Contents,S415_RESOURCE_TABLE_CENSUS_TARGET_147.csv,1,RIV-USE-GFX147-145,RIV-CONS-721B1C,False,210,NO_FLAG,NOT_VALIDATED_I03,NOT_VALIDATED_I03,NOT_EXECUTED_I03,SOURCE_LABEL_AVAILABLE,NOT_APPROVED_BY_CENSUS
RIV-LZ-68A1AA,LZ,0x68A1AA,0x68A268,0x68,0xA1AA,190,082dbcf2363748e76f409f791bef18b1e82fb487fc6b196f34eb3ae747357c60,True,N/A,Bandai/copyright logo graphic,S415_RESOURCE_TABLE_CENSUS_TARGET_147.csv,1,RIV-USE-GFX147-146,RIV-CONS-721B1C,False,168,NO_FLAG,NOT_VALIDATED_I03,NOT_VALIDATED_I03,NOT_EXECUTED_I03,SOURCE_LABEL_AVAILABLE,NOT_APPROVED_BY_CENSUS
RIV-LZ-6C0DB8,LZ,0x6C0DB8,0x6C1642,0x6C,0x0DB8,2186,f76d4f2b0d7ffebe55dc07988a277e8a1dd95d0975ab23a77f77cf2ce6324512,True,N/A,Pictorial/effect graphic; no Japanese visible.,S415_RESOURCE_TABLE_CENSUS_TARGET_147.csv,1,RIV-USE-GFX147-124,RIV-CONS-721B1C,False,264,NO_FLAG,NOT_VALIDATED_I03,NOT_VALIDATED_I03,NOT_EXECUTED_I03,SOURCE_LABEL_AVAILABLE,NOT_APPROVED_BY_CENSUS
RIV-LZ-6C1642,LZ,0x6C1642,0x6C1EB9,0x6C,0x1642,2167,f324e56d0ee0812286ad648bb04f9481978f3bbfa14fae5e99ca4715910ee5eb,True,N/A,Pictorial/effect graphic; no Japanese visible.,S415_RESOURCE_TABLE_CENSUS_TARGET_147.csv,1,RIV-USE-GFX147-125,RIV-CONS-721B1C,False,264,NO_FLAG,NOT_VALIDATED_I03,NOT_VALIDATED_I03,NOT_EXECUTED_I03,SOURCE_LABEL_AVAILABLE,NOT_APPROVED_BY_CENSUS
RIV-LZ-6C1EBA,LZ,0x6C1EBA,0x6C27BD,0x6C,0x1EBA,2307,e2a587165e7dfde944788dc75640867479508008965392777f6bdfb2e4541cb4,True,N/A,Pictorial/effect graphic; no Japanese visible.,S415_RESOURCE_TABLE_CENSUS_TARGET_147.csv,1,RIV-USE-GFX147-126,RIV-CONS-721B1C,False,264,NO_FLAG,NOT_VALIDATED_I03,NOT_VALIDATED_I03,NOT_EXECUTED_I03,SOURCE_LABEL_AVAILABLE,NOT_APPROVED_BY_CENSUS
RIV-LZ-6C27BE,LZ,0x6C27BE,0x6C2FDB,0x6C,0x27BE,2077,f063f9a7bc6788991ced4a61ff7a57af94b3d245337b59dfa5d0db840cebed2f,True,N/A,Pictorial/effect graphic; no Japanese visible.,S415_RESOURCE_TABLE_CENSUS_TARGET_147.csv,1,RIV-USE-GFX147-127,RIV-CONS-721B1C,False,264,NO_FLAG,NOT_VALIDATED_I03,NOT_VALIDATED_I03,NOT_EXECUTED_I03,SOURCE_LABEL_AVAILABLE,NOT_APPROVED_BY_CENSUS
RIV-LZ-6C2FDC,LZ,0x6C2FDC,0x6C37CA,0x6C,0x2FDC,2030,76da901bc190a838f73d532abb1be4369c1df0339e8e6dcad9f4aded482dec29,True,N/A,Pictorial/effect graphic; no Japanese visible.,S415_RESOURCE_TABLE_CENSUS_TARGET_147.csv,1,RIV-USE-GFX147-128,RIV-CONS-721B1C,False,264,NO_FLAG,NOT_VALIDATED_I03,NOT_VALIDATED_I03,NOT_EXECUTED_I03,SOURCE_LABEL_AVAILABLE,NOT_APPROVED_BY_CENSUS
RIV-LZ-6C37CA,LZ,0x6C37CA,0x6C4104,0x6C,0x37CA,2362,cbd34a48e801181e7b95bf1c8268fcbd4e21310f91e7b9a55aba60c8d5bc1c47,True,N/A,Pictorial/effect graphic; no Japanese visible.,S415_RESOURCE_TABLE_CENSUS_TARGET_147.csv,1,RIV-USE-GFX147-129,RIV-CONS-721B1C,False,264,NO_FLAG,NOT_VALIDATED_I03,NOT_VALIDATED_I03,NOT_EXECUTED_I03,SOURCE_LABEL_AVAILABLE,NOT_APPROVED_BY_CENSUS
RIV-LZ-6C4104,LZ,0x6C4104,0x6C4986,0x6C,0x4104,2178,f7d3aae0a3133c9090fd1ace6c0a2a4f6c8e5da91ca202c0939eb592416638fc,True,N/A,Pictorial/effect graphic; no Japanese visible.,S415_RESOURCE_TABLE_CENSUS_TARGET_147.csv,1,RIV-USE-GFX147-130,RIV-CONS-721B1C,False,264,NO_FLAG,NOT_VALIDATED_I03,NOT_VALIDATED_I03,NOT_EXECUTED_I03,SOURCE_LABEL_AVAILABLE,NOT_APPROVED_BY_CENSUS
RIV-LZ-6C4986,LZ,0x6C4986,0x6C5153,0x6C,0x4986,1997,c9ec7211ace02f022a97be1a81fa1dd72abc688fca8b5fb153c6405405c1ec63,True,N/A,Pictorial/effect graphic; no Japanese visible.,S415_RESOURCE_TABLE_CENSUS_TARGET_147.csv,1,RIV-USE-GFX147-131,RIV-CONS-721B1C,False,264,NO_FLAG,NOT_VALIDATED_I03,NOT_VALIDATED_I03,NOT_EXECUTED_I03,SOURCE_LABEL_AVAILABLE,NOT_APPROVED_BY_CENSUS
RIV-LZ-6C5154,LZ,0x6C5154,0x6C59C1,0x6C,0x5154,2157,7ab0f68c2673e5a286a47274c0f47d9fc1f00556e85d9980508552a860dc53f3,True,N/A,Pictorial/effect graphic; no Japanese visible.,S415_RESOURCE_TABLE_CENSUS_TARGET_147.csv,1,RIV-USE-GFX147-132,RIV-CONS-721B1C,False,264,NO_FLAG,NOT_VALIDATED_I03,NOT_VALIDATED_I03,NOT_EXECUTED_I03,SOURCE_LABEL_AVAILABLE,NOT_APPROVED_BY_CENSUS
RIV-RAW-6C64DE,RAW,0x6C64DE,0x6C68DE,0x6C,0x64DE,1024,cb7169513ee6ba4b19dfc8acc96ac87558cec6b1ce923f159052f955c66e5593,True,N/A,,,0,,,False,0,NO_FLAG,NOT_INDEXED,NOT_REVIEWED,NOT_EXECUTED_I05,NOT_DETERMINED_BY_HASH,NOT_INDEXED
RIV-RAW-6C68DE,RAW,0x6C68DE,0x6C6CDE,0x6C,0x68DE,1024,2a38dae70ef961cadd1b1b1fdb10d17460931943c585eef9003714174787301e,True,N/A,,,0,,,False,0,NO_FLAG,NOT_INDEXED,NOT_REVIEWED,NOT_EXECUTED_I05,NOT_DETERMINED_BY_HASH,NOT_INDEXED
RIV-RAW-6C6CDE,RAW,0x6C6CDE,0x6C70DE,0x6C,0x6CDE,1024,f4ce72c8a26a68ca8157c995a4cfb5cf82739d81900e9a972a7e8b2c6b65d1a7,True,N/A,,,0,,,False,0,NO_FLAG,NOT_INDEXED,NOT_REVIEWED,NOT_EXECUTED_I05,NOT_DETERMINED_BY_HASH,NOT_INDEXED
RIV-RAW-6C70DE,RAW,0x6C70DE,0x6C74DE,0x6C,0x70DE,1024,96bd660ffefd48c300990399b5320767d39795406f89fec9a16b9d53905236b7,True,N/A,,,0,,,False,0,NO_FLAG,NOT_INDEXED,NOT_REVIEWED,NOT_EXECUTED_I05,NOT_DETERMINED_BY_HASH,NOT_INDEXED
RIV-RAW-6C74DE,RAW,0x6C74DE,0x6C78DE,0x6C,0x74DE,1024,20006ef3182de971cbd31dea5207b4e6f65611366fd77d4a1e2102e57133bfe8,True,N/A,,,0,,,False,0,NO_FLAG,NOT_INDEXED,NOT_REVIEWED,NOT_EXECUTED_I05,NOT_DETERMINED_BY_HASH,NOT_INDEXED
RIV-RAW-6C78DE,RAW,0x6C78DE,0x6C7CDE,0x6C,0x78DE,1024,3dc96607e800824f63f41bec22be14a07e305b6c5321b61fba9fd117dc7e62f6,True,N/A,,,0,,,False,0,NO_FLAG,NOT_INDEXED,NOT_REVIEWED,NOT_EXECUTED_I05,NOT_DETERMINED_BY_HASH,NOT_INDEXED
RIV-RAW-6C7CDE,RAW,0x6C7CDE,0x6C80DE,0x6C,0x7CDE,1024,d1a4d69a4422c877fe9103a39495759f5ec8d2d98ec841b2963c4a42f5d1d1a1,True,N/A,,,0,,,False,0,NO_FLAG,NOT_INDEXED,NOT_REVIEWED,NOT_EXECUTED_I05,NOT_DETERMINED_BY_HASH,NOT_INDEXED
RIV-RAW-6C80DE,RAW,0x6C80DE,0x6C84DE,0x6C,0x80DE,1024,93653a213569368d90921ec885d37bdc2950b98655719165771602a57b4640cd,True,N/A,,,0,,,False,0,NO_FLAG,NOT_INDEXED,NOT_REVIEWED,NOT_EXECUTED_I05,NOT_DETERMINED_BY_HASH,NOT_INDEXED
RIV-RAW-6C84DE,RAW,0x6C84DE,0x6C88DE,0x6C,0x84DE,1024,d707f5b4217207c6593ac81f4c55f0148b510b9c25e91fd23505bb039bf87022,True,N/A,,,0,,,False,0,NO_FLAG,NOT_INDEXED,NOT_REVIEWED,NOT_EXECUTED_I05,NOT_DETERMINED_BY_HASH,NOT_INDEXED
RIV-LZ-6CAEDE,LZ,0x6CAEDE,0x6CB088,0x6C,0xAEDE,426,ad7ff5c948ff3a5d02947d20c8088b9ded1fa8b447deba03f3264ff83dc4bd10,True,N/A,,,0,,,False,0,NO_FLAG,NOT_INDEXED,NOT_REVIEWED,NOT_EXECUTED_I05,NOT_DETERMINED_BY_HASH,NOT_INDEXED
RIV-TEXT-7A316C,TEXT,0x7A316C,0x7A3173,0x7A,0x316C,7,5ac0edf178a8876565ab02aa3f3faf3b15de4f777a136593de920d1774a73064,True,UNAVAILABLE_HISTORICAL,H Gate,sound_mode_titles_s333.json;high_score_labels_s334.json,2,RIV-USE-SOUND_TITLE-5;RIV-USE-HIGH_SCORE-0,RIV-CONS-7255F9,False,33,NO_FLAG,NOT_VALIDATED_I03,NOT_VALIDATED_I03,NOT_EXECUTED_I03,SOURCE_LABEL_AVAILABLE,NOT_APPROVED_BY_CENSUS
RIV-TEXT-7A3174,TEXT,0x7A3174,0x7A317C,0x7A,0x3174,8,1c779c2d199f001753edc368a7684e170e7b33f6e73f0d7a2a3b372fe6b0ed53,True,UNAVAILABLE_HISTORICAL,Lacrima,sound_mode_titles_s333.json;high_score_labels_s334.json,2,RIV-USE-SOUND_TITLE-6;RIV-USE-HIGH_SCORE-1,RIV-CONS-7255F9,False,42,NO_FLAG,NOT_VALIDATED_I03,NOT_VALIDATED_I03,NOT_EXECUTED_I03,SOURCE_LABEL_AVAILABLE,NOT_APPROVED_BY_CENSUS
RIV-TEXT-7A317C,TEXT,0x7A317C,0x7A3180,0x7A,0x317C,4,21ce4773376c717f0dfac7b9ec2c681903bf4c7b5bd6ebde47a7ed9e84ce95fc,True,UNAVAILABLE_HISTORICAL,Sad,S411_FACE_COLLECTION_LABELS.json,3,RIV-USE-FACE_LABEL-12;RIV-USE-FACE_LABEL-26;RIV-USE-FACE_LABEL-54,RIV-CONS-725629,False,18,NO_FLAG,NOT_VALIDATED_I03,NOT_VALIDATED_I03,NOT_EXECUTED_I03,SOURCE_LABEL_AVAILABLE,NOT_APPROVED_BY_CENSUS
RIV-TEXT-7A3180,TEXT,0x7A3180,0x7A318B,0x7A,0x3180,11,76f4959f2cd3316d8bcebf0cf2ef9944127605be648a9c9dfe5d015dba7ed080,True,UNAVAILABLE_HISTORICAL,Nelde Ruins,sound_mode_titles_s333.json;high_score_labels_s334.json,2,RIV-USE-SOUND_TITLE-7;RIV-USE-HIGH_SCORE-2,RIV-CONS-7255F9,False,63,NO_FLAG,NOT_VALIDATED_I03,NOT_VALIDATED_I03,NOT_EXECUTED_I03,SOURCE_LABEL_AVAILABLE,NOT_APPROVED_BY_CENSUS
RIV-TEXT-7A318C,TEXT,0x7A318C,0x7A3193,0x7A,0x318C,7,47ff972d1d526dbf4199580d3babca0851436a5372306510fb68950206fe1cab,True,UNAVAILABLE_HISTORICAL,Tetyth,sound_mode_titles_s333.json;high_score_labels_s334.json,2,RIV-USE-SOUND_TITLE-8;RIV-USE-HIGH_SCORE-3,RIV-CONS-7255F9,False,36,NO_FLAG,NOT_VALIDATED_I03,NOT_VALIDATED_I03,NOT_EXECUTED_I03,SOURCE_LABEL_AVAILABLE,NOT_APPROVED_BY_CENSUS
RIV-TEXT-7A3193,TEXT,0x7A3193,0x7A3199,0x7A,0x3193,6,7df7c5956654616e1fa457c97969fa38bbb9624313be2a7c086f47309ab82933,True,UNAVAILABLE_HISTORICAL,Blush,S411_FACE_COLLECTION_LABELS.json,5,RIV-USE-FACE_LABEL-5;RIV-USE-FACE_LABEL-14;RIV-USE-FACE_LABEL-28;RIV-USE-FACE_LABEL-42;RIV-USE-FACE_LABEL-56,RIV-CONS-725629,False,30,NO_FLAG,NOT_VALIDATED_I03,NOT_VALIDATED_I03,NOT_EXECUTED_I03,SOURCE_LABEL_AVAILABLE,NOT_APPROVED_BY_CENSUS
RIV-TEXT-7A3199,TEXT,0x7A3199,0x7A31A0,0x7A,0x3199,7,251be80559a870239bdc28a9fc9037108a7500c5f64887f9211ea1f47e45f8c8,True,UNAVAILABLE_HISTORICAL,Mireno,sound_mode_titles_s333.json;high_score_labels_s334.json,2,RIV-USE-SOUND_TITLE-9;RIV-USE-HIGH_SCORE-4,RIV-CONS-7255F9,False,36,NO_FLAG,NOT_VALIDATED_I03,NOT_VALIDATED_I03,NOT_EXECUTED_I03,SOURCE_LABEL_AVAILABLE,NOT_APPROVED_BY_CENSUS
RIV-TEXT-7A31A0,TEXT,0x7A31A0,0x7A31A5,0x7A,0x31A0,5,052748d120eec483cc319cdd38fa41d91c491e76fd5d6b70b29fdb89edc3dd73,True,UNAVAILABLE_HISTORICAL,Sigh,S411_FACE_COLLECTION_LABELS.json,2,RIV-USE-FACE_LABEL-3;RIV-USE-FACE_LABEL-20,RIV-CONS-725629,False,24,NO_FLAG,NOT_VALIDATED_I03,NOT_VALIDATED_I03,NOT_EXECUTED_I03,SOURCE_LABEL_AVAILABLE,NOT_APPROVED_BY_CENSUS
RIV-TEXT-7A31A5,TEXT,0x7A31A5,0x7A31AF,0x7A,0x31A5,10,4a5765dc5c30f1ecded801a0070aa13081b51b1e49985ecb226676b7e140d1be,True,UNAVAILABLE_HISTORICAL,Yggdrasil,sound_mode_titles_s333.json;high_score_labels_s334.json,2,RIV-USE-SOUND_TITLE-10;RIV-USE-HIGH_SCORE-5,RIV-CONS-7255F9,False,54,NO_FLAG,NOT_VALIDATED_I03,NOT_VALIDATED_I03,NOT_EXECUTED_I03,SOURCE_LABEL_AVAILABLE,NOT_APPROVED_BY_CENSUS
RIV-TEXT-7A31AF,TEXT,0x7A31AF,0x7A31B7,0x7A,0x31AF,8,cce63623fa2af768b4350aec58addc4c7f53e5734c090beb3c351032b27c956a,True,UNAVAILABLE_HISTORICAL,Shadows,sound_mode_titles_s333.json;high_score_labels_s334.json,2,RIV-USE-SOUND_TITLE-12;RIV-USE-HIGH_SCORE-6,RIV-CONS-7255F9,False,42,NO_FLAG,NOT_VALIDATED_I03,NOT_VALIDATED_I03,NOT_EXECUTED_I03,SOURCE_LABEL_AVAILABLE,NOT_APPROVED_BY_CENSUS
RIV-TEXT-7A31B9,TEXT,0x7A31B9,0x7A31C4,0x7A,0x31B9,11,5176b3ede0a1b18b140c410405a7cf71f0e2d3860f49044b07cd76cd52c4213d,True,UNAVAILABLE_HISTORICAL,Underworld,high_score_labels_s334.json,1,RIV-USE-HIGH_SCORE-7,RIV-CONS-7255F9,False,60,NO_FLAG,NOT_VALIDATED_I03,NOT_VALIDATED_I03,NOT_EXECUTED_I03,SOURCE_LABEL_AVAILABLE,NOT_APPROVED_BY_CENSUS
RIV-TEXT-7A34A3,TEXT,0x7A34A3,0x7A34AB,0x7A,0x34A3,8,bf41b39ee75dcad778e7e45dd0e3d90978ca551c03fa54c897fbdd6cdf1aaef5,True,UNAVAILABLE_HISTORICAL,Serious,S411_FACE_COLLECTION_LABELS.json,2,RIV-USE-FACE_LABEL-2;RIV-USE-FACE_LABEL-75,RIV-CONS-725629,False,42,NO_FLAG,NOT_VALIDATED_I03,NOT_VALIDATED_I03,NOT_EXECUTED_I03,SOURCE_LABEL_AVAILABLE,NOT_APPROVED_BY_CENSUS
RIV-TEXT-7A34AB,TEXT,0x7A34AB,0x7A34B4,0x7A,0x34AB,9,7f8e1a37883375442002eb0a63bade3408454ff69b5c82e3b0fc0784d79f4a8b,True,UNAVAILABLE_HISTORICAL,Surprise,S411_FACE_COLLECTION_LABELS.json,5,RIV-USE-FACE_LABEL-4;RIV-USE-FACE_LABEL-13;RIV-USE-FACE_LABEL-27;RIV-USE-FACE_LABEL-41;RIV-USE-FACE_LABEL-55,RIV-CONS-725629,False,48,NO_FLAG,NOT_VALIDATED_I03,NOT_VALIDATED_I03,NOT_EXECUTED_I03,SOURCE_LABEL_AVAILABLE,NOT_APPROVED_BY_CENSUS
RIV-TEXT-7A34B4,TEXT,0x7A34B4,0x7A34BD,0x7A,0x34B4,9,1d2f36132024bf757631a3f6f839027cc07e57d217c16087175d7ade242ca6ec,True,UNAVAILABLE_HISTORICAL,Thinking,S411_FACE_COLLECTION_LABELS.json,1,RIV-USE-FACE_LABEL-8,RIV-CONS-725629,False,48,NO_FLAG,NOT_VALIDATED_I03,NOT_VALIDATED_I03,NOT_EXECUTED_I03,SOURCE_LABEL_AVAILABLE,NOT_APPROVED_BY_CENSUS
RIV-TEXT-7A34BD,TEXT,0x7A34BD,0x7A34C6,0x7A,0x34BD,9,a0834f4695abbc7449c851313168e10b1202a0c5bc74f2fcbf3164e5527ea038,True,UNAVAILABLE_HISTORICAL,Unamused,S411_FACE_COLLECTION_LABELS.json,4,RIV-USE-FACE_LABEL-16;RIV-USE-FACE_LABEL-30;RIV-USE-FACE_LABEL-44;RIV-USE-FACE_LABEL-58,RIV-CONS-725629,False,48,NO_FLAG,NOT_VALIDATED_I03,NOT_VALIDATED_I03,NOT_EXECUTED_I03,SOURCE_LABEL_AVAILABLE,NOT_APPROVED_BY_CENSUS
RIV-TEXT-7A34C6,TEXT,0x7A34C6,0x7A34CF,0x7A,0x34C6,9,d45be029621e4313f4d316d7e3ed40df6fb5e1b211ebe77727c95c3a3cd2b04f,True,UNAVAILABLE_HISTORICAL,Troubled,S411_FACE_COLLECTION_LABELS.json,2,RIV-USE-FACE_LABEL-17;RIV-USE-FACE_LABEL-59,RIV-CONS-725629,False,48,NO_FLAG,NOT_VALIDATED_I03,NOT_VALIDATED_I03,NOT_EXECUTED_I03,SOURCE_LABEL_AVAILABLE,NOT_APPROVED_BY_CENSUS
RIV-TEXT-7A34CF,TEXT,0x7A34CF,0x7A34D8,0x7A,0x34CF,9,c9ba3a72c50004700ea8486147138c37e3aae08d75bd079e35c8d70fba5d7054,True,UNAVAILABLE_HISTORICAL,ArmsFold,S411_FACE_COLLECTION_LABELS.json,1,RIV-USE-FACE_LABEL-18,RIV-CONS-725629,False,48,NO_FLAG,NOT_VALIDATED_I03,NOT_VALIDATED_I03,NOT_EXECUTED_I03,SOURCE_LABEL_AVAILABLE,NOT_APPROVED_BY_CENSUS
RIV-TEXT-7A34D8,TEXT,0x7A34D8,0x7A34E1,0x7A,0x34D8,9,d6fc214486b4563691f28d08bd0209f3d25eb8b7466803cde86c0a68d72b4fbe,True,UNAVAILABLE_HISTORICAL,Chanting,S411_FACE_COLLECTION_LABELS.json,3,RIV-USE-FACE_LABEL-19;RIV-USE-FACE_LABEL-60;RIV-USE-FACE_LABEL-79,RIV-CONS-725629,False,48,NO_FLAG,NOT_VALIDATED_I03,NOT_VALIDATED_I03,NOT_EXECUTED_I03,SOURCE_LABEL_AVAILABLE,NOT_APPROVED_BY_CENSUS
RIV-TEXT-7A34E1,TEXT,0x7A34E1,0x7A34E9,0x7A,0x34E1,8,57c2524cbd79ff42000ec5eb7332e8aa015bc10fa850cbc432ed13d01816aae4,True,UNAVAILABLE_HISTORICAL,Bathing,S411_FACE_COLLECTION_LABELS.json,4,RIV-USE-FACE_LABEL-21;RIV-USE-FACE_LABEL-35;RIV-USE-FACE_LABEL-49;RIV-USE-FACE_LABEL-63,RIV-CONS-725629,False,42,NO_FLAG,NOT_VALIDATED_I03,NOT_VALIDATED_I03,NOT_EXECUTED_I03,SOURCE_LABEL_AVAILABLE,NOT_APPROVED_BY_CENSUS
RIV-TEXT-7A34E9,TEXT,0x7A34E9,0x7A34F2,0x7A,0x34E9,9,f4478f4b46a3042e4e5eb880e9eccf34134b757c18d6f967e31e96697d76b31c,True,UNAVAILABLE_HISTORICAL,Covering,S411_FACE_COLLECTION_LABELS.json,4,RIV-USE-FACE_LABEL-22;RIV-USE-FACE_LABEL-36;RIV-USE-FACE_LABEL-50;RIV-USE-FACE_LABEL-64,RIV-CONS-725629,False,48,NO_FLAG,NOT_VALIDATED_I03,NOT_VALIDATED_I03,NOT_EXECUTED_I03,SOURCE_LABEL_AVAILABLE,NOT_APPROVED_BY_CENSUS
RIV-TEXT-7A34F2,TEXT,0x7A34F2,0x7A34F8,0x7A,0x34F2,6,b845c43ddf55109028847c24d59d4147f21b9846f69cb664da71b466cdae4c01,True,UNAVAILABLE_HISTORICAL,Silly,S411_FACE_COLLECTION_LABELS.json,1,RIV-USE-FACE_LABEL-34,RIV-CONS-725629,False,30,NO_FLAG,NOT_VALIDATED_I03,NOT_VALIDATED_I03,NOT_EXECUTED_I03,SOURCE_LABEL_AVAILABLE,NOT_APPROVED_BY_CENSUS
RIV-TEXT-7A34F8,TEXT,0x7A34F8,0x7A34FE,0x7A,0x34F8,6,e8102a63e03643a72ea241b2ebaf007424b3423aefdc9b9133bfbd7e7439bfe5,True,UNAVAILABLE_HISTORICAL,Sniff,S411_FACE_COLLECTION_LABELS.json,1,RIV-USE-FACE_LABEL-40,RIV-CONS-725629,False,30,NO_FLAG,NOT_VALIDATED_I03,NOT_VALIDATED_I03,NOT_EXECUTED_I03,SOURCE_LABEL_AVAILABLE,NOT_APPROVED_BY_CENSUS
RIV-TEXT-7A34FE,TEXT,0x7A34FE,0x7A3505,0x7A,0x34FE,7,d2e51c44e62acba1220d1538624bbf3889ad43bbc64691bc0a2870305a0c6090,True,UNAVAILABLE_HISTORICAL,Crying,S411_FACE_COLLECTION_LABELS.json,2,RIV-USE-FACE_LABEL-45;RIV-USE-FACE_LABEL-62,RIV-CONS-725629,False,36,NO_FLAG,NOT_VALIDATED_I03,NOT_VALIDATED_I03,NOT_EXECUTED_I03,SOURCE_LABEL_AVAILABLE,NOT_APPROVED_BY_CENSUS
RIV-TEXT-7A3505,TEXT,0x7A3505,0x7A350B,0x7A,0x3505,6,6f687e900ee95ad9b895ddaa067d23380db19a89db2534c7ddd58fb050b1d2a8,True,UNAVAILABLE_HISTORICAL,Tease,S411_FACE_COLLECTION_LABELS.json,1,RIV-USE-FACE_LABEL-47,RIV-CONS-725629,False,30,NO_FLAG,NOT_VALIDATED_I03,NOT_VALIDATED_I03,NOT_EXECUTED_I03,SOURCE_LABEL_AVAILABLE,NOT_APPROVED_BY_CENSUS
RIV-TEXT-7A350B,TEXT,0x7A350B,0x7A3511,0x7A,0x350B,6,99d04dac97bf4e240185b145c850db487d9d5aea933999b8aa1f5bd3f73a7528,True,UNAVAILABLE_HISTORICAL,Happy,S411_FACE_COLLECTION_LABELS.json,2,RIV-USE-FACE_LABEL-48;RIV-USE-FACE_LABEL-72,RIV-CONS-725629,False,30,NO_FLAG,NOT_VALIDATED_I03,NOT_VALIDATED_I03,NOT_EXECUTED_I03,SOURCE_LABEL_AVAILABLE,NOT_APPROVED_BY_CENSUS
RIV-TEXT-7A3511,TEXT,0x7A3511,0x7A3519,0x7A,0x3511,8,f4a25d455c346df0eb6227300ba6dcc307c8e8b82f5e20185e7ed6a00ba1d809,True,UNAVAILABLE_HISTORICAL,At Loss,S411_FACE_COLLECTION_LABELS.json,1,RIV-USE-FACE_LABEL-61,RIV-CONS-725629,False,39,NO_FLAG,NOT_VALIDATED_I03,NOT_VALIDATED_I03,NOT_EXECUTED_I03,SOURCE_LABEL_AVAILABLE,NOT_APPROVED_BY_CENSUS
RIV-TEXT-7A3519,TEXT,0x7A3519,0x7A3522,0x7A,0x3519,9,36e44099e5faf7989895576cd459a02783a64b2d7f6e7f1e18da705339a037be,True,UNAVAILABLE_HISTORICAL,Overture,sound_mode_titles_s333.json,1,RIV-USE-SOUND_TITLE-0,RIV-CONS-7255F9,False,48,NO_FLAG,NOT_VALIDATED_I03,NOT_VALIDATED_I03,NOT_EXECUTED_I03,SOURCE_LABEL_AVAILABLE,NOT_APPROVED_BY_CENSUS
RIV-TEXT-7A3522,TEXT,0x7A3522,0x7A352A,0x7A,0x3522,8,583c6215704ecff75de76adc3dc9cc560fb0296ef7d53f69ddd7fc04e4b56804,True,UNAVAILABLE_HISTORICAL,Smiling,S411_FACE_COLLECTION_LABELS.json,7,RIV-USE-FACE_LABEL-1;RIV-USE-FACE_LABEL-10;RIV-USE-FACE_LABEL-24;RIV-USE-FACE_LABEL-38;RIV-USE-FACE_LABEL-52;RIV-USE-FACE_LABEL-66;RIV-USE-FACE_LABEL-74,RIV-CONS-725629,False,42,NO_FLAG,NOT_VALIDATED_I03,NOT_VALIDATED_I03,NOT_EXECUTED_I03,SOURCE_LABEL_AVAILABLE,NOT_APPROVED_BY_CENSUS
RIV-TEXT-7A352A,TEXT,0x7A352A,0x7A3532,0x7A,0x352A,8,3d6f9ebecd97a375924899c1d52e9b56d67e14ae545dfe7d8bf419f3fcb57da6,True,UNAVAILABLE_HISTORICAL,Riviera,sound_mode_titles_s333.json,1,RIV-USE-SOUND_TITLE-2,RIV-CONS-7255F9,False,42,NO_FLAG,NOT_VALIDATED_I03,NOT_VALIDATED_I03,NOT_EXECUTED_I03,SOURCE_LABEL_AVAILABLE,NOT_APPROVED_BY_CENSUS
RIV-TEXT-7A3532,TEXT,0x7A3532,0x7A3537,0x7A,0x3532,5,f019b4f94e912a9b66dcce2c22d2fdd97a709f38306f87d77b3692552b5cbadf,True,UNAVAILABLE_HISTORICAL,Pain,S411_FACE_COLLECTION_LABELS.json,7,RIV-USE-FACE_LABEL-7;RIV-USE-FACE_LABEL-31;RIV-USE-FACE_LABEL-46;RIV-USE-FACE_LABEL-67;RIV-USE-FACE_LABEL-76;RIV-USE-FACE_LABEL-80;RIV-USE-FACE_LABEL-82,RIV-CONS-725629,False,24,NO_FLAG,NOT_VALIDATED_I03,NOT_VALIDATED_I03,NOT_EXECUTED_I03,SOURCE_LABEL_AVAILABLE,NOT_APPROVED_BY_CENSUS
RIV-TEXT-7A3537,TEXT,0x7A3537,0x7A353F,0x7A,0x3537,8,d01c4dd1c54886ae66caa1649f1c1660632ba25d812fca47108027950df5273c,True,UNAVAILABLE_HISTORICAL,Elendia,sound_mode_titles_s333.json,1,RIV-USE-SOUND_TITLE-4,RIV-CONS-7255F9,False,42,NO_FLAG,NOT_VALIDATED_I03,NOT_VALIDATED_I03,NOT_EXECUTED_I03,SOURCE_LABEL_AVAILABLE,NOT_APPROVED_BY_CENSUS
RIV-TEXT-7A353F,TEXT,0x7A353F,0x7A3545,0x7A,0x353F,6,cf37d4c65778c655c977f470448fdf52660a5fa038d8bb4d77392012cf63d2be,True,UNAVAILABLE_HISTORICAL,Ready,S411_FACE_COLLECTION_LABELS.json,6,RIV-USE-FACE_LABEL-6;RIV-USE-FACE_LABEL-15;RIV-USE-FACE_LABEL-29;RIV-USE-FACE_LABEL-43;RIV-USE-FACE_LABEL-57;RIV-USE-FACE_LABEL-68,RIV-CONS-725629,False,30,NO_FLAG,NOT_VALIDATED_I03,NOT_VALIDATED_I03,NOT_EXECUTED_I03,SOURCE_LABEL_AVAILABLE,NOT_APPROVED_BY_CENSUS
RIV-TEXT-7A3545,TEXT,0x7A3545,0x7A354F,0x7A,0x3545,10,94c7799444a78e311b23f75c91a5e35ce2213b5a0436552ab55ff795eacac6c0,True,UNAVAILABLE_HISTORICAL,Dark Gate,sound_mode_titles_s333.json,1,RIV-USE-SOUND_TITLE-11,RIV-CONS-7255F9,False,51,NO_FLAG,NOT_VALIDATED_I03,NOT_VALIDATED_I03,NOT_EXECUTED_I03,SOURCE_LABEL_AVAILABLE,NOT_APPROVED_BY_CENSUS
RIV-TEXT-7A3550,TEXT,0x7A3550,0x7A355B,0x7A,0x3550,11,f22310899667736a39b7f8bc24728d1d6ed3e4f58acac246f8b7e00f22978ca9,True,UNAVAILABLE_HISTORICAL,Chaos King,sound_mode_titles_s333.json,1,RIV-USE-SOUND_TITLE-35,RIV-CONS-7255F9,False,57,NO_FLAG,NOT_VALIDATED_I03,NOT_VALIDATED_I03,NOT_EXECUTED_I03,SOURCE_LABEL_AVAILABLE,NOT_APPROVED_BY_CENSUS
RIV-TEXT-7A355C,TEXT,0x7A355C,0x7A3568,0x7A,0x355C,12,22c885d89dbe5808e14df86cc2346b418e9e03db37283ba8a8e636362fbe9d66,True,UNAVAILABLE_HISTORICAL,Dark Sphere,sound_mode_titles_s333.json,1,RIV-USE-SOUND_TITLE-17,RIV-CONS-7255F9,False,63,NO_FLAG,NOT_VALIDATED_I03,NOT_VALIDATED_I03,NOT_EXECUTED_I03,SOURCE_LABEL_AVAILABLE,NOT_APPROVED_BY_CENSUS
RIV-TEXT-7A3568,TEXT,0x7A3568,0x7A356D,0x7A,0x3568,5,88c2fe817b896c65a62a4dfa9b5c70b190ab25477c0fc9bc136b647f45a9c409,True,UNAVAILABLE_HISTORICAL,Well,S411_FACE_COLLECTION_LABELS.json,1,RIV-USE-FACE_LABEL-32,RIV-CONS-725629,False,24,NO_FLAG,NOT_VALIDATED_I03,NOT_VALIDATED_I03,NOT_EXECUTED_I03,SOURCE_LABEL_AVAILABLE,NOT_APPROVED_BY_CENSUS
RIV-TEXT-7A356D,TEXT,0x7A356D,0x7A3574,0x7A,0x356D,7,06ffb429f40e89aea3908f84172e5d04522367969542877bbc1cae65bd4a080c,True,UNAVAILABLE_HISTORICAL,Awaken,sound_mode_titles_s333.json,1,RIV-USE-SOUND_TITLE-20,RIV-CONS-7255F9,False,36,NO_FLAG,NOT_VALIDATED_I03,NOT_VALIDATED_I03,NOT_EXECUTED_I03,SOURCE_LABEL_AVAILABLE,NOT_APPROVED_BY_CENSUS
RIV-TEXT-7A3575,TEXT,0x7A3575,0x7A357C,0x7A,0x3575,7,20748cffce69fa2fa5412c8f8411f0d3812db544f55dce73ef97f55e6d72c4e3,True,UNAVAILABLE_HISTORICAL,Demons,sound_mode_titles_s333.json,1,RIV-USE-SOUND_TITLE-14,RIV-CONS-7255F9,False,36,NO_FLAG,NOT_VALIDATED_I03,NOT_VALIDATED_I03,NOT_EXECUTED_I03,SOURCE_LABEL_AVAILABLE,NOT_APPROVED_BY_CENSUS
RIV-TEXT-7A357F,TEXT,0x7A357F,0x7A3588,0x7A,0x357F,9,3e92a4080ff8a9a2f8c10e14ad7fee232864c37badbd8145fb0ddb8e1e4bfdf9,True,UNAVAILABLE_HISTORICAL,Trapped!,sound_mode_titles_s333.json,1,RIV-USE-SOUND_TITLE-15,RIV-CONS-7255F9,False,48,NO_FLAG,NOT_VALIDATED_I03,NOT_VALIDATED_I03,NOT_EXECUTED_I03,SOURCE_LABEL_AVAILABLE,NOT_APPROVED_BY_CENSUS
RIV-TEXT-7A3588,TEXT,0x7A3588,0x7A358F,0x7A,0x3588,7,9b7eb413c8f13875f026775ac4139da0e752a322f10ab425fbcd86d204f827ae,True,UNAVAILABLE_HISTORICAL,Clash!,sound_mode_titles_s333.json,1,RIV-USE-SOUND_TITLE-16,RIV-CONS-7255F9,False,36,NO_FLAG,NOT_VALIDATED_I03,NOT_VALIDATED_I03,NOT_EXECUTED_I03,SOURCE_LABEL_AVAILABLE,NOT_APPROVED_BY_CENSUS
RIV-TEXT-7A358F,TEXT,0x7A358F,0x7A3598,0x7A,0x358F,9,7bbb232d21601311932ded94b29e0221acc192094c40a43615aa7e22020ad184,True,UNAVAILABLE_HISTORICAL,Accursed,sound_mode_titles_s333.json,1,RIV-USE-SOUND_TITLE-18,RIV-CONS-7255F9,False,48,NO_FLAG,NOT_VALIDATED_I03,NOT_VALIDATED_I03,NOT_EXECUTED_I03,SOURCE_LABEL_AVAILABLE,NOT_APPROVED_BY_CENSUS
RIV-TEXT-7A3599,TEXT,0x7A3599,0x7A35A0,0x7A,0x3599,7,71faa2bad3dbc35ccc1dfe966ca6dca4b4a5f0cf2b0ed7e9e21b20b1353c1665,True,UNAVAILABLE_HISTORICAL,Hector,sound_mode_titles_s333.json,1,RIV-USE-SOUND_TITLE-19,RIV-CONS-7255F9,False,36,NO_FLAG,NOT_VALIDATED_I03,NOT_VALIDATED_I03,NOT_EXECUTED_I03,SOURCE_LABEL_AVAILABLE,NOT_APPROVED_BY_CENSUS
RIV-TEXT-7A35A4,TEXT,0x7A35A4,0x7A35AA,0x7A,0x35A4,6,b335eabe0aa07445b2c9020c11ce3dfc318a54193ddad903e05e0aeaa17235a8,True,UNAVAILABLE_HISTORICAL,Final,sound_mode_titles_s333.json,1,RIV-USE-SOUND_TITLE-21,RIV-CONS-7255F9,False,30,NO_FLAG,NOT_VALIDATED_I03,NOT_VALIDATED_I03,NOT_EXECUTED_I03,SOURCE_LABEL_AVAILABLE,NOT_APPROVED_BY_CENSUS
RIV-TEXT-7A35AD,TEXT,0x7A35AD,0x7A35B4,0x7A,0x35AD,7,c229befadccb84255bde4e764eb2d831dff698acfd185e02c6c82c75de928cbf,True,UNAVAILABLE_HISTORICAL,Picnic,sound_mode_titles_s333.json,1,RIV-USE-SOUND_TITLE-24,RIV-CONS-7255F9,False,36,NO_FLAG,NOT_VALIDATED_I03,NOT_VALIDATED_I03,NOT_EXECUTED_I03,SOURCE_LABEL_AVAILABLE,NOT_APPROVED_BY_CENSUS
RIV-TEXT-7A35B5,TEXT,0x7A35B5,0x7A35BD,0x7A,0x35B5,8,3312fc033b7bd668d34072dea3887ebad2164bfd4c536f95a1885597784b44ed,True,UNAVAILABLE_HISTORICAL,Elegant,sound_mode_titles_s333.json,1,RIV-USE-SOUND_TITLE-25,RIV-CONS-7255F9,False,42,NO_FLAG,NOT_VALIDATED_I03,NOT_VALIDATED_I03,NOT_EXECUTED_I03,SOURCE_LABEL_AVAILABLE,NOT_APPROVED_BY_CENSUS
RIV-TEXT-7A35BF,TEXT,0x7A35BF,0x7A35C8,0x7A,0x35BF,9,3ce40258fa43aae1cdbda486ec511ed3889c9e4f397bff6088c418d08cc2026e,True,UNAVAILABLE_HISTORICAL,Trouble!,sound_mode_titles_s333.json,1,RIV-USE-SOUND_TITLE-26,RIV-CONS-7255F9,False,48,NO_FLAG,NOT_VALIDATED_I03,NOT_VALIDATED_I03,NOT_EXECUTED_I03,SOURCE_LABEL_AVAILABLE,NOT_APPROVED_BY_CENSUS
RIV-TEXT-7A35C8,TEXT,0x7A35C8,0x7A35D4,0x7A,0x35C8,12,adcc57d6fc1a2f4e16b19d1847982185084ede71e235d37b2eea340f91ea9de7,True,UNAVAILABLE_HISTORICAL,Soft Prayer,sound_mode_titles_s333.json,1,RIV-USE-SOUND_TITLE-27,RIV-CONS-7255F9,False,63,NO_FLAG,NOT_VALIDATED_I03,NOT_VALIDATED_I03,NOT_EXECUTED_I03,SOURCE_LABEL_AVAILABLE,NOT_APPROVED_BY_CENSUS
RIV-TEXT-7A35D5,TEXT,0x7A35D5,0x7A35DE,0x7A,0x35D5,9,228e34c80f083161424da3f7998b57e6fb045f695dffe2d82c2bdc340ed6b0eb,True,UNAVAILABLE_HISTORICAL,Ambition,sound_mode_titles_s333.json,1,RIV-USE-SOUND_TITLE-28,RIV-CONS-7255F9,False,48,NO_FLAG,NOT_VALIDATED_I03,NOT_VALIDATED_I03,NOT_EXECUTED_I03,SOURCE_LABEL_AVAILABLE,NOT_APPROVED_BY_CENSUS
RIV-TEXT-7A35DF,TEXT,0x7A35DF,0x7A35E7,0x7A,0x35DF,8,cd5503a9ef3d3af13387a437db9cc7f60a089fab756f0526917f5083fa1b3335,True,UNAVAILABLE_HISTORICAL,G Angel,sound_mode_titles_s333.json,1,RIV-USE-SOUND_TITLE-29,RIV-CONS-7255F9,False,39,NO_FLAG,NOT_VALIDATED_I03,NOT_VALIDATED_I03,NOT_EXECUTED_I03,SOURCE_LABEL_AVAILABLE,NOT_APPROVED_BY_CENSUS
RIV-TEXT-7A35E8,TEXT,0x7A35E8,0x7A35EF,0x7A,0x35E8,7,766ec7ab50f0802bb73b5991cdd7dc846742e5416e8fee104ee3fdfa7cb4dc1e,True,UNAVAILABLE_HISTORICAL,Finale,sound_mode_titles_s333.json,1,RIV-USE-SOUND_TITLE-30,RIV-CONS-7255F9,False,36,NO_FLAG,NOT_VALIDATED_I03,NOT_VALIDATED_I03,NOT_EXECUTED_I03,SOURCE_LABEL_AVAILABLE,NOT_APPROVED_BY_CENSUS
RIV-TEXT-7A35EF,TEXT,0x7A35EF,0x7A35F5,0x7A,0x35EF,6,7bbfee3a4bad9579400ec6f849a2281bcaeb1b43b47f2011473908ca13124143,True,UNAVAILABLE_HISTORICAL,Angry,S411_FACE_COLLECTION_LABELS.json,6,RIV-USE-FACE_LABEL-11;RIV-USE-FACE_LABEL-25;RIV-USE-FACE_LABEL-39;RIV-USE-FACE_LABEL-53;RIV-USE-FACE_LABEL-71;RIV-USE-FACE_LABEL-78,RIV-CONS-725629,False,30,NO_FLAG,NOT_VALIDATED_I03,NOT_VALIDATED_I03,NOT_EXECUTED_I03,SOURCE_LABEL_AVAILABLE,NOT_APPROVED_BY_CENSUS
RIV-TEXT-7A35F5,TEXT,0x7A35F5,0x7A3601,0x7A,0x35F5,12,4fe38a41eb42df4288d956c2f2688821b4b05e748319e3dd245d30ab459f5582,True,UNAVAILABLE_HISTORICAL,Time Passed,sound_mode_titles_s333.json,1,RIV-USE-SOUND_TITLE-31,RIV-CONS-7255F9,False,63,NO_FLAG,NOT_VALIDATED_I03,NOT_VALIDATED_I03,NOT_EXECUTED_I03,SOURCE_LABEL_AVAILABLE,NOT_APPROVED_BY_CENSUS
RIV-TEXT-7A3601,TEXT,0x7A3601,0x7A360D,0x7A,0x3601,12,87ce045499ec338383f9da45188ce0b76efb635e44bcc2432051bea42d2209fc,True,UNAVAILABLE_HISTORICAL,Epic Ending,sound_mode_titles_s333.json,1,RIV-USE-SOUND_TITLE-32,RIV-CONS-7255F9,False,63,NO_FLAG,NOT_VALIDATED_I03,NOT_VALIDATED_I03,NOT_EXECUTED_I03,SOURCE_LABEL_AVAILABLE,NOT_APPROVED_BY_CENSUS
RIV-TEXT-7A3610,TEXT,0x7A3610,0x7A3618,0x7A,0x3610,8,16b95d34d360d46b1966428cf6ccf5a9fb3ccb879e84700b625e9f78fd5935c3,True,UNAVAILABLE_HISTORICAL,Destiny,sound_mode_titles_s333.json,1,RIV-USE-SOUND_TITLE-1,RIV-CONS-7255F9,False,42,NO_FLAG,NOT_VALIDATED_I03,NOT_VALIDATED_I03,NOT_EXECUTED_I03,SOURCE_LABEL_AVAILABLE,NOT_APPROVED_BY_CENSUS
RIV-TEXT-7A3618,TEXT,0x7A3618,0x7A361F,0x7A,0x3618,7,50b0bffd126f1717af4e48d81ca26cbb85a59e1ef4db9ea3ecd7988010017b55,True,UNAVAILABLE_HISTORICAL,Normal,S411_FACE_COLLECTION_LABELS.json,10,RIV-USE-FACE_LABEL-0;RIV-USE-FACE_LABEL-9;RIV-USE-FACE_LABEL-23;RIV-USE-FACE_LABEL-37;RIV-USE-FACE_LABEL-51;RIV-USE-FACE_LABEL-65;RIV-USE-FACE_LABEL-69;RIV-USE-FACE_LABEL-73;RIV-USE-FACE_LABEL-77;RIV-USE-FACE_LABEL-81,RIV-CONS-725629,False,36,NO_FLAG,NOT_VALIDATED_I03,NOT_VALIDATED_I03,NOT_EXECUTED_I03,SOURCE_LABEL_AVAILABLE,NOT_APPROVED_BY_CENSUS
RIV-TEXT-7A361F,TEXT,0x7A361F,0x7A3627,0x7A,0x361F,8,71c6a6bf6fa7e53cb3d559ea23eee2de2cf35a4d94547520b1faafe6743bf902,True,UNAVAILABLE_HISTORICAL,Distant,sound_mode_titles_s333.json,1,RIV-USE-SOUND_TITLE-3,RIV-CONS-7255F9,False,42,NO_FLAG,NOT_VALIDATED_I03,NOT_VALIDATED_I03,NOT_EXECUTED_I03,SOURCE_LABEL_AVAILABLE,NOT_APPROVED_BY_CENSUS
RIV-TEXT-7A362A,TEXT,0x7A362A,0x7A3631,0x7A,0x362A,7,928ce158b139d732b305160da64120564a1ceb8384dee1b251e8149600084272,True,UNAVAILABLE_HISTORICAL,Sortie,sound_mode_titles_s333.json,1,RIV-USE-SOUND_TITLE-13,RIV-CONS-7255F9,False,36,NO_FLAG,NOT_VALIDATED_I03,NOT_VALIDATED_I03,NOT_EXECUTED_I03,SOURCE_LABEL_AVAILABLE,NOT_APPROVED_BY_CENSUS
RIV-TEXT-7A3631,TEXT,0x7A3631,0x7A3639,0x7A,0x3631,8,22797d188589f644c1c274c82d37dfb9b7e1796f86fd2f095338629e4358712b,True,UNAVAILABLE_HISTORICAL,Triumph,sound_mode_titles_s333.json,1,RIV-USE-SOUND_TITLE-22,RIV-CONS-7255F9,False,42,NO_FLAG,NOT_VALIDATED_I03,NOT_VALIDATED_I03,NOT_EXECUTED_I03,SOURCE_LABEL_AVAILABLE,NOT_APPROVED_BY_CENSUS
RIV-TEXT-7A3639,TEXT,0x7A3639,0x7A363E,0x7A,0x3639,5,588db2745b6aaaf23a78975d8a396e0b683dc688c29f6c60f3c38c11fd80b904,True,UNAVAILABLE_HISTORICAL,Wink,S411_FACE_COLLECTION_LABELS.json,1,RIV-USE-FACE_LABEL-33,RIV-CONS-725629,False,24,NO_FLAG,NOT_VALIDATED_I03,NOT_VALIDATED_I03,NOT_EXECUTED_I03,SOURCE_LABEL_AVAILABLE,NOT_APPROVED_BY_CENSUS
RIV-TEXT-7A3640,TEXT,0x7A3640,0x7A364A,0x7A,0x3640,10,c8b2d645686aa89027990c706e2004b406bbb1f7bbab4c5a58007b1f8c2298fe,True,UNAVAILABLE_HISTORICAL,Game Over,sound_mode_titles_s333.json,1,RIV-USE-SOUND_TITLE-23,RIV-CONS-7255F9,False,51,NO_FLAG,NOT_VALIDATED_I03,NOT_VALIDATED_I03,NOT_EXECUTED_I03,SOURCE_LABEL_AVAILABLE,NOT_APPROVED_BY_CENSUS
RIV-TEXT-7A364A,TEXT,0x7A364A,0x7A364F,0x7A,0x364A,5,51c9c6e4b2cae2ba7c21fc6c9708b168f0c977c5a467e83ce66bf79480ac5850,True,UNAVAILABLE_HISTORICAL,Yawn,S411_FACE_COLLECTION_LABELS.json,1,RIV-USE-FACE_LABEL-70,RIV-CONS-725629,False,24,NO_FLAG,NOT_VALIDATED_I03,NOT_VALIDATED_I03,NOT_EXECUTED_I03,SOURCE_LABEL_AVAILABLE,NOT_APPROVED_BY_CENSUS
RIV-TEXT-7A3651,TEXT,0x7A3651,0x7A3659,0x7A,0x3651,8,5fdeff3c9ba7d00fd58692c092f85dc55a3c1a6ee99cddf9392550d3977ae009,True,UNAVAILABLE_HISTORICAL,Turning,sound_mode_titles_s333.json,1,RIV-USE-SOUND_TITLE-33,RIV-CONS-7255F9,False,42,NO_FLAG,NOT_VALIDATED_I03,NOT_VALIDATED_I03,NOT_EXECUTED_I03,SOURCE_LABEL_AVAILABLE,NOT_APPROVED_BY_CENSUS
RIV-TEXT-7A365B,TEXT,0x7A365B,0x7A3664,0x7A,0x365B,9,a1d29a919c455dbe73888e77af6b8a609276f9514c27c986641182f2080750aa,True,UNAVAILABLE_HISTORICAL,Memories,sound_mode_titles_s333.json,1,RIV-USE-SOUND_TITLE-34,RIV-CONS-7255F9,False,48,NO_FLAG,NOT_VALIDATED_I03,NOT_VALIDATED_I03,NOT_EXECUTED_I03,SOURCE_LABEL_AVAILABLE,NOT_APPROVED_BY_CENSUS
RIV-TEXT-7A37D1,TEXT,0x7A37D1,0x7A3818,0x7A,0x37D1,71,030d8d2f93e62f2c2c825f479e77ca090b30e1c1f44ac0e2643d69fb1a27a3ac,True,UNAVAILABLE_HISTORICAL,"Formation
Item choice
Skill cursor
Status display
Enemy skill
Enemy cut-ins",build_manifest_s335.json,1,RIV-USE-CONFIG-menu_labels,RIV-CONS-72727A;RIV-CONS-727376,True,81,NO_FLAG,NOT_VALIDATED_I03,NOT_VALIDATED_I03,NOT_EXECUTED_I03,SOURCE_LABEL_AVAILABLE,STATIC_TEXT_SPEC_MATCH
RIV-TEXT-7A3829,TEXT,0x7A3829,0x7A384C,0x7A,0x3829,35,67a403df3f3c05af8726148a68a6f989b62703e3d5ab950e478795bb6bafe582,True,UNAVAILABLE_HISTORICAL,"Keep formation or reset
it for each battle",build_manifest_s335.json,1,RIV-USE-CONFIG-formation_help,RIV-CONS-72727A;RIV-CONS-727376,True,129,NEEDS_VISUAL_WIDTH,NOT_VALIDATED_I03,NOT_VALIDATED_I03,NOT_EXECUTED_I03,SOURCE_LABEL_AVAILABLE,STATIC_TEXT_SPEC_MATCH
RIV-TEXT-7A3860,TEXT,0x7A3860,0x7A3886,0x7A,0x3860,38,79524ef01cd7eb13403061188033bb342df800819251e77c752d166fe8075f85,True,UNAVAILABLE_HISTORICAL,"Keep items or reset
choices each battle",build_manifest_s335.json,1,RIV-USE-CONFIG-item_help,RIV-CONS-72727A;RIV-CONS-727376,True,108,NEEDS_VISUAL_WIDTH,NOT_VALIDATED_I03,NOT_VALIDATED_I03,NOT_EXECUTED_I03,SOURCE_LABEL_AVAILABLE,STATIC_TEXT_SPEC_MATCH
RIV-TEXT-7A3899,TEXT,0x7A3899,0x7A38BB,0x7A,0x3899,34,f2136559101b5c7dd2426281993dc3a9b98cbf4c5c1d1f9c3f53893d1f7631aa,True,UNAVAILABLE_HISTORICAL,"Keep skill cursor or
reset it to the top",build_manifest_s335.json,1,RIV-USE-CONFIG-cursor_help,RIV-CONS-72727A;RIV-CONS-727376,True,111,NEEDS_VISUAL_WIDTH,NOT_VALIDATED_I03,NOT_VALIDATED_I03,NOT_EXECUTED_I03,SOURCE_LABEL_AVAILABLE,STATIC_TEXT_SPEC_MATCH
RIV-TEXT-7A38D4,TEXT,0x7A38D4,0x7A38F2,0x7A,0x38D4,30,7b2d98bd9a0ca1c384e05afbe8d16927ec4759dd3cdd3120eb990f76014b5eac,True,UNAVAILABLE_HISTORICAL,"ST shows status icons
WT shows the wait bar",build_manifest_s335.json,1,RIV-USE-CONFIG-status_help,RIV-CONS-72727A;RIV-CONS-727376,True,117,NEEDS_VISUAL_WIDTH,NOT_VALIDATED_I03,NOT_VALIDATED_I03,NOT_EXECUTED_I03,SOURCE_LABEL_AVAILABLE,STATIC_TEXT_SPEC_MATCH
RIV-TEXT-7A3905,TEXT,0x7A3905,0x7A392C,0x7A,0x3905,39,82aa44869e174e187ce697b2fde226c7585ff57e5c08e9b58a6c38a4badb91a2,True,UNAVAILABLE_HISTORICAL,"Show or hide the enemy
skill selection window",build_manifest_s335.json,1,RIV-USE-CONFIG-enemy_window_help,RIV-CONS-72727A;RIV-CONS-727376,True,126,NEEDS_VISUAL_WIDTH,NOT_VALIDATED_I03,NOT_VALIDATED_I03,NOT_EXECUTED_I03,SOURCE_LABEL_AVAILABLE,STATIC_TEXT_SPEC_MATCH
RIV-TEXT-7A3936,TEXT,0x7A3936,0x7A3958,0x7A,0x3936,34,d7e72e986461a53383ff0b40f6d06345e8b43b74cd9f7a6cbf57d05de18dd208,True,UNAVAILABLE_HISTORICAL,"Show or skip enemy
special attack cut-ins",build_manifest_s335.json,1,RIV-USE-CONFIG-enemy_cutin_help,RIV-CONS-72727A;RIV-CONS-727376,True,126,NEEDS_VISUAL_WIDTH,NOT_VALIDATED_I03,NOT_VALIDATED_I03,NOT_EXECUTED_I03,SOURCE_LABEL_AVAILABLE,STATIC_TEXT_SPEC_MATCH
RIV-TEXT-7A3967,TEXT,0x7A3967,0x7A396C,0x7A,0x3967,5,b071989c4ac4fa405c7dfeb4129c299f3e148598e36499170eee3eab98387f00,True,UNAVAILABLE_HISTORICAL,Keep,build_manifest_s335.json,1,RIV-USE-CONFIG-value_keep,RIV-CONS-72727A;RIV-CONS-727376,True,24,NO_FLAG,NOT_VALIDATED_I03,NOT_VALIDATED_I03,NOT_EXECUTED_I03,SOURCE_LABEL_AVAILABLE,NOT_APPROVED_BY_CENSUS
RIV-TEXT-7A396C,TEXT,0x7A396C,0x7A3970,0x7A,0x396C,4,a1827f223e6a133966aaf703157038bfdf8773c2e0134f7424b1d19c8103358d,True,UNAVAILABLE_HISTORICAL,Rst,build_manifest_s335.json,1,RIV-USE-CONFIG-value_reset,RIV-CONS-72727A;RIV-CONS-727376,True,18,NO_FLAG,NOT_VALIDATED_I03,NOT_VALIDATED_I03,NOT_EXECUTED_I03,SOURCE_LABEL_AVAILABLE,NOT_APPROVED_BY_CENSUS
RIV-TEXT-7A3973,TEXT,0x7A3973,0x7A3976,0x7A,0x3973,3,2b8ef95c4ad56137724c93cccd917e88b66c90c4c8fd2d228f93648eb2fae6ff,True,UNAVAILABLE_HISTORICAL,WT,build_manifest_s335.json,1,RIV-USE-CONFIG-value_wt,RIV-CONS-72727A;RIV-CONS-727376,True,12,NO_FLAG,NOT_VALIDATED_I03,NOT_VALIDATED_I03,NOT_EXECUTED_I03,SOURCE_LABEL_AVAILABLE,NOT_APPROVED_BY_CENSUS
RIV-TEXT-7A3978,TEXT,0x7A3978,0x7A397B,0x7A,0x3978,3,b96ef8b2637158070b3a8558defd4395437a0318dc384c6c2e8f1c75a5fa2e5e,True,UNAVAILABLE_HISTORICAL,ST,build_manifest_s335.json,1,RIV-USE-CONFIG-value_st,RIV-CONS-72727A;RIV-CONS-727376,True,12,NO_FLAG,NOT_VALIDATED_I03,NOT_VALIDATED_I03,NOT_EXECUTED_I03,SOURCE_LABEL_AVAILABLE,NOT_APPROVED_BY_CENSUS
RIV-TEXT-7A397D,TEXT,0x7A397D,0x7A3981,0x7A,0x397D,4,64d41090bff2a5f339fe71341e3a932080a7bd243b28b3c0b1513cd12b360024,True,UNAVAILABLE_HISTORICAL,Off,build_manifest_s335.json,1,RIV-USE-CONFIG-value_skip,RIV-CONS-72727A;RIV-CONS-727376,True,18,NO_FLAG,NOT_VALIDATED_I03,NOT_VALIDATED_I03,NOT_EXECUTED_I03,SOURCE_LABEL_AVAILABLE,NOT_APPROVED_BY_CENSUS
RIV-TEXT-7A3982,TEXT,0x7A3982,0x7A3985,0x7A,0x3982,3,0918dea7d07a54e6eb96427efa619cb1ff28a362de57a7ee286d1ee6bcd855b5,True,UNAVAILABLE_HISTORICAL,On,build_manifest_s335.json,1,RIV-USE-CONFIG-value_show,RIV-CONS-72727A;RIV-CONS-727376,True,12,NO_FLAG,NOT_VALIDATED_I03,NOT_VALIDATED_I03,NOT_EXECUTED_I03,SOURCE_LABEL_AVAILABLE,NOT_APPROVED_BY_CENSUS
CREDIT-7A398A,CREDIT_STREAM,0x7A398A,0x7A399A,0x7A,0x398A,16,34b9b581091d3503207332d6f8273a71aedaeea8151b8a1475a9366f0ccac793,True,N/A,,,0,,,False,0,NO_FLAG,NOT_INDEXED,NOT_INDEXED,NOT_INDEXED,NOT_INDEXED,NOT_INDEXED
CREDIT-7A399A,CREDIT_STREAM,0x7A399A,0x7A39C1,0x7A,0x399A,39,ba965dcf16694e5344dcb45b4ac06f594239d021db5b3d4292e93ccdaa55412b,True,N/A,,,0,,,False,0,NO_FLAG,NOT_INDEXED,NOT_INDEXED,NOT_INDEXED,NOT_INDEXED,NOT_INDEXED
CREDIT-7A39C1,CREDIT_STREAM,0x7A39C1,0x7A39E8,0x7A,0x39C1,39,7ba7670dae6a47f69989f6d3731bfd69345a4816fd396a368bd128b334f1fb9d,True,N/A,,,0,,,False,0,NO_FLAG,NOT_INDEXED,NOT_INDEXED,NOT_INDEXED,NOT_INDEXED,NOT_INDEXED
CREDIT-7A39E8,CREDIT_STREAM,0x7A39E8,0x7A3A04,0x7A,0x39E8,28,816170c762bde798255fa1cca5425a220c6febe725aaad26e98b5dae6a49a609,True,N/A,,,0,,,False,0,NO_FLAG,NOT_INDEXED,NOT_INDEXED,NOT_INDEXED,NOT_INDEXED,NOT_INDEXED
CREDIT-7A3A07,CREDIT_STREAM,0x7A3A04,0x7A3A1C,0x7A,0x3A04,24,b29e43cc76216b081e025834eb62a9904564a098864ff69e6c908ac7b0c24f62,True,N/A,,,0,,,False,0,NO_FLAG,NOT_INDEXED,NOT_INDEXED,NOT_INDEXED,NOT_INDEXED,NOT_INDEXED
CREDIT-7A3A1F,CREDIT_STREAM,0x7A3A1C,0x7A3A40,0x7A,0x3A1C,36,0e1d55f784ef12fc71a28e59e5af4934f1ce8aa928a70229dc6bf16c51ea4077,True,N/A,,,0,,,False,0,NO_FLAG,NOT_INDEXED,NOT_INDEXED,NOT_INDEXED,NOT_INDEXED,NOT_INDEXED
CREDIT-7A3A2C,CREDIT_STREAM,0x7A3A40,0x7A3A50,0x7A,0x3A40,16,10a19d74c5f3cc2ca49e6d4a94348f13756409181fbc112b0b534a6aa696df3e,True,N/A,,,0,,,False,0,NO_FLAG,NOT_INDEXED,NOT_INDEXED,NOT_INDEXED,NOT_INDEXED,NOT_INDEXED
CREDIT-7A3A3C,CREDIT_STREAM,0x7A3A50,0x7A3A77,0x7A,0x3A50,39,032f4b9e2d5d00b1a60cadb403481960bdc73f898540d7c1a4c52a23a12048f0,True,N/A,,,0,,,False,0,NO_FLAG,NOT_INDEXED,NOT_INDEXED,NOT_INDEXED,NOT_INDEXED,NOT_INDEXED
CREDIT-7A3A63,CREDIT_STREAM,0x7A3A77,0x7A3A85,0x7A,0x3A77,14,a15af3c90f38fcef3b350b9944b0a04c276415bac713c982a414d6b193a14ff2,True,N/A,,,0,,,False,0,NO_FLAG,NOT_INDEXED,NOT_INDEXED,NOT_INDEXED,NOT_INDEXED,NOT_INDEXED
CREDIT-7A3A71,CREDIT_STREAM,0x7A3A85,0x7A3A9E,0x7A,0x3A85,25,a3dfcd5d53b99cc41abc4403f113f56ad8c40fa38af9283e9a08b0438fbf38f2,True,N/A,,,0,,,False,0,NO_FLAG,NOT_INDEXED,NOT_INDEXED,NOT_INDEXED,NOT_INDEXED,NOT_INDEXED
CREDIT-7A3A8A,CREDIT_STREAM,0x7A3A9E,0x7A3AB0,0x7A,0x3A9E,18,719edccddb6175a3c1230991c60be7997f99523c429cbf89084bd45257f267cb,True,N/A,,,0,,,False,0,NO_FLAG,NOT_INDEXED,NOT_INDEXED,NOT_INDEXED,NOT_INDEXED,NOT_INDEXED
CREDIT-7A3A9C,CREDIT_STREAM,0x7A3AB0,0x7A3AE2,0x7A,0x3AB0,50,716e2b5f97f27732e30ba87a0513136cdb1a8b42bea7d2af7931f7f3d1cc13ba,True,N/A,,,0,,,False,0,NO_FLAG,NOT_INDEXED,NOT_INDEXED,NOT_INDEXED,NOT_INDEXED,NOT_INDEXED
CREDIT-7A3ACE,CREDIT_STREAM,0x7A3AE2,0x7A3B05,0x7A,0x3AE2,35,ddcd2e21f38487d1f9b75d6041094e002217c699864f92e32de246794b4036ba,True,N/A,,,0,,,False,0,NO_FLAG,NOT_INDEXED,NOT_INDEXED,NOT_INDEXED,NOT_INDEXED,NOT_INDEXED
CREDIT-7A3AF1,CREDIT_STREAM,0x7A3B05,0x7A3B1F,0x7A,0x3B05,26,ed12e60dbb5753c60d5c0b64ee7e9f79273301c1ed58027fc7fee27f9f13c676,True,N/A,,,0,,,False,0,NO_FLAG,NOT_INDEXED,NOT_INDEXED,NOT_INDEXED,NOT_INDEXED,NOT_INDEXED
CREDIT-7A3B14,CREDIT_STREAM,0x7A3B1F,0x7A3B3C,0x7A,0x3B1F,29,d0cb05f887ef5882b078b75ac01870760ac13c0c7778af59ca8f939eb9b4b949,True,N/A,,,0,,,False,0,NO_FLAG,NOT_INDEXED,NOT_INDEXED,NOT_INDEXED,NOT_INDEXED,NOT_INDEXED
CREDIT-7A3B31,CREDIT_STREAM,0x7A3B3C,0x7A3B49,0x7A,0x3B3C,13,3cf0157a2b35a2131b1400a99eb116dd74332d7afda1db866e4bc52edce5c30d,True,N/A,,,0,,,False,0,NO_FLAG,NOT_INDEXED,NOT_INDEXED,NOT_INDEXED,NOT_INDEXED,NOT_INDEXED
CREDIT-7A3B3E,CREDIT_STREAM,0x7A3B49,0x7A3B59,0x7A,0x3B49,16,04711b24c300e593f6fe2499159d9f4c4e07efc4de4eb3eaa1e3b296c10908af,True,N/A,,,0,,,False,0,NO_FLAG,NOT_INDEXED,NOT_INDEXED,NOT_INDEXED,NOT_INDEXED,NOT_INDEXED
CREDIT-7A3B4E,CREDIT_STREAM,0x7A3B59,0x7A3BC6,0x7A,0x3B59,109,c0af2c56190ff718a5943f7190c0e1cd99a4385b4f71b80d2b46bab7f68d7128,True,N/A,,,0,,,False,0,NO_FLAG,NOT_INDEXED,NOT_INDEXED,NOT_INDEXED,NOT_INDEXED,NOT_INDEXED
CREDIT-7A3BBB,CREDIT_STREAM,0x7A3BC6,0x7A3BD2,0x7A,0x3BC6,12,b8d0abb403198fb8432da512cbe041da480c3defe5fbf3473b1e2d36bfc84c72,True,N/A,,,0,,,False,0,NO_FLAG,NOT_INDEXED,NOT_INDEXED,NOT_INDEXED,NOT_INDEXED,NOT_INDEXED
CREDIT-7A3BC7,CREDIT_STREAM,0x7A3BD2,0x7A3C06,0x7A,0x3BD2,52,b8e87c3644e317362f520fc4966c595a47ae97aa74f468aa5fb2356cb418623e,True,N/A,,,0,,,False,0,NO_FLAG,NOT_INDEXED,NOT_INDEXED,NOT_INDEXED,NOT_INDEXED,NOT_INDEXED
CREDIT-7A3BFB,CREDIT_STREAM,0x7A3C06,0x7A3C1C,0x7A,0x3C06,22,26fc4542844ca4a93417bcaaa978f696c082b662d8d1569af117f48458101ffd,True,N/A,,,0,,,False,0,NO_FLAG,NOT_INDEXED,NOT_INDEXED,NOT_INDEXED,NOT_INDEXED,NOT_INDEXED
CREDIT-7A3C11,CREDIT_STREAM,0x7A3C1C,0x7A3C29,0x7A,0x3C1C,13,51b9502b1e9a5b65a5aaea92ef17469f4a288d2de60cfb75c4833d93924d5c61,True,N/A,,,0,,,False,0,NO_FLAG,NOT_INDEXED,NOT_INDEXED,NOT_INDEXED,NOT_INDEXED,NOT_INDEXED
CREDIT-7A3C1E,CREDIT_STREAM,0x7A3C29,0x7A3C3D,0x7A,0x3C29,20,074bfb1b1f2b6122d1451acddfe4617470f656e367675c6fc357f14765d63831,True,N/A,,,0,,,False,0,NO_FLAG,NOT_INDEXED,NOT_INDEXED,NOT_INDEXED,NOT_INDEXED,NOT_INDEXED
CREDIT-7A3C32,CREDIT_STREAM,0x7A3C3D,0x7A3C58,0x7A,0x3C3D,27,49bcf7d96faee8615797d309aabf9f60c1d51ddf3d941da4a7ec2617894b8a80,True,N/A,,,0,,,False,0,NO_FLAG,NOT_INDEXED,NOT_INDEXED,NOT_INDEXED,NOT_INDEXED,NOT_INDEXED
CREDIT-7A3C4D,CREDIT_STREAM,0x7A3C58,0x7A3C64,0x7A,0x3C58,12,4386e0276f33636f9a4a181fbc2962c4c5e0e527dbb5fb24926b2b5ebae21d3c,True,N/A,,,0,,,False,0,NO_FLAG,NOT_INDEXED,NOT_INDEXED,NOT_INDEXED,NOT_INDEXED,NOT_INDEXED
CREDIT-7A3C59,CREDIT_STREAM,0x7A3C64,0x7A3C8A,0x7A,0x3C64,38,b02d30aa8e167d0280032f7f1c4d7be77684493a26e05c019a358bf824314a3f,True,N/A,,,0,,,False,0,NO_FLAG,NOT_INDEXED,NOT_INDEXED,NOT_INDEXED,NOT_INDEXED,NOT_INDEXED
CREDIT-7A3C7F,CREDIT_STREAM,0x7A3C8A,0x7A3C98,0x7A,0x3C8A,14,3b1f7fe6ad4d0afe5f13f48214352dadb0eabe266749ec39cbe01b357e770eaa,True,N/A,,,0,,,False,0,NO_FLAG,NOT_INDEXED,NOT_INDEXED,NOT_INDEXED,NOT_INDEXED,NOT_INDEXED
CREDIT-7A3C8D,CREDIT_STREAM,0x7A3C98,0x7A3D17,0x7A,0x3C98,127,be0aa4799cc260c015a6c2872d679accf3a583990c05d34638d5ac3b59a98181,True,N/A,,,0,,,False,0,NO_FLAG,NOT_INDEXED,NOT_INDEXED,NOT_INDEXED,NOT_INDEXED,NOT_INDEXED
CREDIT-7A3D0C,CREDIT_STREAM,0x7A3D17,0x7A3D34,0x7A,0x3D17,29,f5aa87d440b7f32274a8d06f000af5e3189dbb99fe9e4f1e9dc5c07641000920,True,N/A,,,0,,,False,0,NO_FLAG,NOT_INDEXED,NOT_INDEXED,NOT_INDEXED,NOT_INDEXED,NOT_INDEXED
CREDIT-7A3D29,CREDIT_STREAM,0x7A3D34,0x7A3D8D,0x7A,0x3D34,89,29b954592b28280b65056da72927f73625cab82b8ef5194a55e08c590721967e,True,N/A,,,0,,,False,0,NO_FLAG,NOT_INDEXED,NOT_INDEXED,NOT_INDEXED,NOT_INDEXED,NOT_INDEXED
CREDIT-7A3D82,CREDIT_STREAM,0x7A3D8D,0x7A3DE8,0x7A,0x3D8D,91,5c27a4e7f9a4d49500b4bd4c1a407d75c795eb6d14ccb76a6de910bd4569aadc,True,N/A,,,0,,,False,0,NO_FLAG,NOT_INDEXED,NOT_INDEXED,NOT_INDEXED,NOT_INDEXED,NOT_INDEXED
CREDIT-7A3DDD,CREDIT_STREAM,0x7A3DE8,0x7A3E43,0x7A,0x3DE8,91,d2959fc54aee05f14d4851e3ea3a26b3d3c2a91cf049afe4b5e2143097cfb569,True,N/A,,,0,,,False,0,NO_FLAG,NOT_INDEXED,NOT_INDEXED,NOT_INDEXED,NOT_INDEXED,NOT_INDEXED
CREDIT-7A3E38,CREDIT_STREAM,0x7A3E43,0x7A3E4D,0x7A,0x3E43,10,9af67e83beaa5a9c21b53e8977ad9a0d712a91ee0263f617cb483937e53c1ec9,True,N/A,,,0,,,False,0,NO_FLAG,NOT_INDEXED,NOT_INDEXED,NOT_INDEXED,NOT_INDEXED,NOT_INDEXED
CREDIT-7A3E42,CREDIT_STREAM,0x7A3E4D,0x7A3E5B,0x7A,0x3E4D,14,1322ba1facec4cbe11c9b309a428ff0c7d641de6b0beb90507add8313e3fa895,True,N/A,,,0,,,False,0,NO_FLAG,NOT_INDEXED,NOT_INDEXED,NOT_INDEXED,NOT_INDEXED,NOT_INDEXED
CREDIT-7A3E62,CREDIT_STREAM,0x7A3E5B,0x7A3E63,0x7A,0x3E5B,8,66f323be9504a2c2724c23f297a18551df3b9a077c948e4dca5288a395c8fac2,True,N/A,,,0,,,False,0,NO_FLAG,NOT_INDEXED,NOT_INDEXED,NOT_INDEXED,NOT_INDEXED,NOT_INDEXED
CREDIT-7A3E6A,CREDIT_STREAM,0x7A3E63,0x7A3E6F,0x7A,0x3E63,12,afcffafbeda83da157f64d8243e1600d2635a686363c893d68d29dd564832c7a,True,N/A,,,0,,,False,0,NO_FLAG,NOT_INDEXED,NOT_INDEXED,NOT_INDEXED,NOT_INDEXED,NOT_INDEXED
CREDIT-7A3E76,CREDIT_STREAM,0x7A3E6F,0x7A3E75,0x7A,0x3E6F,6,6a4b2d87c063645facd9dcd2360504eadc089119011d690c1bb04d4c85baba03,True,N/A,,,0,,,False,0,NO_FLAG,NOT_INDEXED,NOT_INDEXED,NOT_INDEXED,NOT_INDEXED,NOT_INDEXED
CREDIT-7A3E7C,CREDIT_STREAM,0x7A3E75,0x7A3E7F,0x7A,0x3E75,10,d51a65817c8f13c2757aa4b2d24cef365cb9276c4c3831b62558473279267ea7,True,N/A,,,0,,,False,0,NO_FLAG,NOT_INDEXED,NOT_INDEXED,NOT_INDEXED,NOT_INDEXED,NOT_INDEXED
RIV-TEXT-7A966B,TEXT,0x7A966B,0x7A9696,0x7A,0x966B,43,f868bfd11e979c7a0ab7cd1b1378b58b578483f384d7abbc15698d264e34b0b3,True,UNAVAILABLE_HISTORICAL,"Select your
formation.",TEAM_TRANSLATIONS.json,1,RIV-USE-TEAM-TEAM-HELP-FORMATION,,True,63,NO_FLAG,NOT_VALIDATED_I03,NOT_VALIDATED_I03,NOT_EXECUTED_I03,SOURCE_LABEL_AVAILABLE,NOT_APPROVED_BY_CENSUS
RIV-TEXT-7A96A3,TEXT,0x7A96A3,0x7A96CD,0x7A,0x96A3,42,ca87c94f15c61d307f6c37de853b93edfd375ddced41e5dde2ec3fcd87fccab1,True,UNAVAILABLE_HISTORICAL,"Choose who
will fight.",TEAM_TRANSLATIONS.json,1,RIV-USE-TEAM-TEAM-HELP-MEMBERS,,True,63,NO_FLAG,NOT_VALIDATED_I03,NOT_VALIDATED_I03,NOT_EXECUTED_I03,SOURCE_LABEL_AVAILABLE,NOT_APPROVED_BY_CENSUS
RIV-TEXT-7AAAE9,TEXT,0x7AAAE9,0x7AAAFC,0x7A,0xAAE9,19,d1d618ca3f53e2f2182bbbb8fde6078f26aa06011ec97b200370bec93df11f24,True,UNAVAILABLE_HISTORICAL,,,8,RIV-USE-ITEM155-0;RIV-USE-ITEM155-1;RIV-USE-ITEM155-2;RIV-USE-ITEM155-3;RIV-USE-ITEM155-4;RIV-USE-ITEM155-5;RIV-USE-ITEM155-6;RIV-USE-ITEM155-7,,False,0,NO_FLAG,NOT_VALIDATED_I03,NOT_VALIDATED_I03,NOT_EXECUTED_I03,NOT_ESTABLISHED_I03,NOT_APPROVED_BY_CENSUS
RIV-TEXT-7AAF00,TEXT,0x7AAF00,0x7AAF14,0x7A,0xAF00,20,77e7b1fe7fbd5e83dcbbe97ac513823ff83c526033cd4c489a1d5cffa24191b4,True,UNAVAILABLE_HISTORICAL,,,1,RIV-USE-ITEM155-11,,False,0,NO_FLAG,NOT_VALIDATED_I03,NOT_VALIDATED_I03,NOT_EXECUTED_I03,NOT_ESTABLISHED_I03,NOT_APPROVED_BY_CENSUS
RIV-TEXT-7AAF14,TEXT,0x7AAF14,0x7AAF25,0x7A,0xAF14,17,177b229d5ff70cc0f453eea00bf3c3085b57aab9871a88ea4d9cd00bb0f55821,True,UNAVAILABLE_HISTORICAL,,,1,RIV-USE-ITEM155-12,,False,0,NO_FLAG,NOT_VALIDATED_I03,NOT_VALIDATED_I03,NOT_EXECUTED_I03,NOT_ESTABLISHED_I03,NOT_APPROVED_BY_CENSUS
RIV-TEXT-7AAF25,TEXT,0x7AAF25,0x7AAF3F,0x7A,0xAF25,26,e9be86250fd636638f02d77c94f5fc889cbe8ac4a1cfe7b0888e998153642ca5,True,UNAVAILABLE_HISTORICAL,,,1,RIV-USE-ITEM155-13,,False,0,NO_FLAG,NOT_VALIDATED_I03,NOT_VALIDATED_I03,NOT_EXECUTED_I03,NOT_ESTABLISHED_I03,NOT_APPROVED_BY_CENSUS
RIV-TEXT-7AAF3F,TEXT,0x7AAF3F,0x7AAF59,0x7A,0xAF3F,26,3bc22504f49536b7f660bd72578b515b6ffde33d4656b2a38d7a8865c23a5890,True,UNAVAILABLE_HISTORICAL,,,1,RIV-USE-ITEM155-14,,False,0,NO_FLAG,NOT_VALIDATED_I03,NOT_VALIDATED_I03,NOT_EXECUTED_I03,NOT_ESTABLISHED_I03,NOT_APPROVED_BY_CENSUS
RIV-TEXT-7AAF59,TEXT,0x7AAF59,0x7AAF66,0x7A,0xAF59,13,eacc178821058ffcee78cf15edb9e92b702d4402f67b76b2c97f66a2c8f4f632,True,UNAVAILABLE_HISTORICAL,,,1,RIV-USE-ITEM155-15,,False,0,NO_FLAG,NOT_VALIDATED_I03,NOT_VALIDATED_I03,NOT_EXECUTED_I03,NOT_ESTABLISHED_I03,NOT_APPROVED_BY_CENSUS
RIV-TEXT-7AAF66,TEXT,0x7AAF66,0x7AAF7A,0x7A,0xAF66,20,b3082f18c12a06b421277bafe6a745485cbb915975e0a705afe87189989fd34b,True,UNAVAILABLE_HISTORICAL,,,1,RIV-USE-ITEM155-16,,False,0,NO_FLAG,NOT_VALIDATED_I03,NOT_VALIDATED_I03,NOT_EXECUTED_I03,NOT_ESTABLISHED_I03,NOT_APPROVED_BY_CENSUS
RIV-TEXT-7AAF7A,TEXT,0x7AAF7A,0x7AAF87,0x7A,0xAF7A,13,8337bd603b3557432f5b536099163381757ae78a32c0e12b112005407bad6357,True,UNAVAILABLE_HISTORICAL,,,1,RIV-USE-ITEM155-17,,False,0,NO_FLAG,NOT_VALIDATED_I03,NOT_VALIDATED_I03,NOT_EXECUTED_I03,NOT_ESTABLISHED_I03,NOT_APPROVED_BY_CENSUS
RIV-TEXT-7AAF87,TEXT,0x7AAF87,0x7AAFA1,0x7A,0xAF87,26,577ff4f1088c7e6ad42fcd3019e6b52952b2d31c897330bd3e704710293b209d,True,UNAVAILABLE_HISTORICAL,,,1,RIV-USE-ITEM155-18,,False,0,NO_FLAG,NOT_VALIDATED_I03,NOT_VALIDATED_I03,NOT_EXECUTED_I03,NOT_ESTABLISHED_I03,NOT_APPROVED_BY_CENSUS
RIV-TEXT-7AAFA1,TEXT,0x7AAFA1,0x7AAFAC,0x7A,0xAFA1,11,5583b23f468017ce5af2823b3ab2b844da14db5fa2790aa5ec5b57eb52827471,True,UNAVAILABLE_HISTORICAL,,,1,RIV-USE-ITEM155-19,,False,0,NO_FLAG,NOT_VALIDATED_I03,NOT_VALIDATED_I03,NOT_EXECUTED_I03,NOT_ESTABLISHED_I03,NOT_APPROVED_BY_CENSUS
RIV-TEXT-7AAFAC,TEXT,0x7AAFAC,0x7AAFC0,0x7A,0xAFAC,20,a04b9260be26b0855946754cb2ebaeaebf27a8e1ddb8d40a719d1410066eabff,True,UNAVAILABLE_HISTORICAL,,,1,RIV-USE-ITEM155-20,,False,0,NO_FLAG,NOT_VALIDATED_I03,NOT_VALIDATED_I03,NOT_EXECUTED_I03,NOT_ESTABLISHED_I03,NOT_APPROVED_BY_CENSUS
RIV-TEXT-7AAFC0,TEXT,0x7AAFC0,0x7AAFD8,0x7A,0xAFC0,24,62b93cce946992731314b25c48e7af67ebb316a4ece528d6ba3a58bcc9239cc0,True,UNAVAILABLE_HISTORICAL,,,1,RIV-USE-ITEM155-21,,False,0,NO_FLAG,NOT_VALIDATED_I03,NOT_VALIDATED_I03,NOT_EXECUTED_I03,NOT_ESTABLISHED_I03,NOT_APPROVED_BY_CENSUS
RIV-TEXT-7AAFD8,TEXT,0x7AAFD8,0x7AAFE5,0x7A,0xAFD8,13,f68ffa1cf3dc5f541563711c7d2588d6c2bd011ff5131d1978c26870a138fe90,True,UNAVAILABLE_HISTORICAL,,,1,RIV-USE-ITEM155-22,,False,0,NO_FLAG,NOT_VALIDATED_I03,NOT_VALIDATED_I03,NOT_EXECUTED_I03,NOT_ESTABLISHED_I03,NOT_APPROVED_BY_CENSUS
RIV-TEXT-7AAFE5,TEXT,0x7AAFE5,0x7AAFF4,0x7A,0xAFE5,15,2a6354dd75a9dc33c7b27b81020875a7826dfc66bd456128b314ef02c509b4f0,True,UNAVAILABLE_HISTORICAL,,,1,RIV-USE-ITEM155-23,,False,0,NO_FLAG,NOT_VALIDATED_I03,NOT_VALIDATED_I03,NOT_EXECUTED_I03,NOT_ESTABLISHED_I03,NOT_APPROVED_BY_CENSUS
RIV-TEXT-7AAFF4,TEXT,0x7AAFF4,0x7AB00E,0x7A,0xAFF4,26,c498c6e0fa6e452096e2af98d48b8062e2bf5aeeb0602656e86bfaf197a8edb1,True,UNAVAILABLE_HISTORICAL,,,1,RIV-USE-ITEM155-24,,False,0,NO_FLAG,NOT_VALIDATED_I03,NOT_VALIDATED_I03,NOT_EXECUTED_I03,NOT_ESTABLISHED_I03,NOT_APPROVED_BY_CENSUS
RIV-TEXT-7AB00E,TEXT,0x7AB00E,0x7AB020,0x7A,0xB00E,18,7ba25b9ed801c578d456c03f673c096152d9a6eff122874a30889c389be97737,True,UNAVAILABLE_HISTORICAL,,,1,RIV-USE-ITEM155-25,,False,0,NO_FLAG,NOT_VALIDATED_I03,NOT_VALIDATED_I03,NOT_EXECUTED_I03,NOT_ESTABLISHED_I03,NOT_APPROVED_BY_CENSUS
RIV-TEXT-7AB020,TEXT,0x7AB020,0x7AB034,0x7A,0xB020,20,2432165fd4059f44578874445cd8d3bda239e29cb899157e8a3cbef4589b38a0,True,UNAVAILABLE_HISTORICAL,,,1,RIV-USE-ITEM155-26,,False,0,NO_FLAG,NOT_VALIDATED_I03,NOT_VALIDATED_I03,NOT_EXECUTED_I03,NOT_ESTABLISHED_I03,NOT_APPROVED_BY_CENSUS
RIV-TEXT-7AB034,TEXT,0x7AB034,0x7AB04A,0x7A,0xB034,22,53dd6a3dd7991ac351470b49e7dd9ee1e5bc0a8f143e229af099c923385added,True,UNAVAILABLE_HISTORICAL,,,1,RIV-USE-ITEM155-27,,False,0,NO_FLAG,NOT_VALIDATED_I03,NOT_VALIDATED_I03,NOT_EXECUTED_I03,NOT_ESTABLISHED_I03,NOT_APPROVED_BY_CENSUS
RIV-TEXT-7AB04A,TEXT,0x7AB04A,0x7AB060,0x7A,0xB04A,22,5c3c6d66fec2bc08df29420287285aaad066644893ede6eaf9a683f5b7a142fe,True,UNAVAILABLE_HISTORICAL,,,1,RIV-USE-ITEM155-28,,False,0,NO_FLAG,NOT_VALIDATED_I03,NOT_VALIDATED_I03,NOT_EXECUTED_I03,NOT_ESTABLISHED_I03,NOT_APPROVED_BY_CENSUS
RIV-TEXT-7AB060,TEXT,0x7AB060,0x7AB076,0x7A,0xB060,22,fdda260d4151f5d46769b00d40dca54e4d4aac353dee31e9958a331ee680bc7e,True,UNAVAILABLE_HISTORICAL,,,1,RIV-USE-ITEM155-29,,False,0,NO_FLAG,NOT_VALIDATED_I03,NOT_VALIDATED_I03,NOT_EXECUTED_I03,NOT_ESTABLISHED_I03,NOT_APPROVED_BY_CENSUS
RIV-TEXT-7AB076,TEXT,0x7AB076,0x7AB08A,0x7A,0xB076,20,7e52b5a8297cbc01268b0d8e5b08005c8afb2a9f15784d1f0af4980f366bbc97,True,UNAVAILABLE_HISTORICAL,,,1,RIV-USE-ITEM155-30,,False,0,NO_FLAG,NOT_VALIDATED_I03,NOT_VALIDATED_I03,NOT_EXECUTED_I03,NOT_ESTABLISHED_I03,NOT_APPROVED_BY_CENSUS
RIV-TEXT-7AB08A,TEXT,0x7AB08A,0x7AB0A0,0x7A,0xB08A,22,5fb7432dc70bbd158cf029eeda63632ff2e12c799a12ed3900cb9f670139d550,True,UNAVAILABLE_HISTORICAL,,,1,RIV-USE-ITEM155-31,,False,0,NO_FLAG,NOT_VALIDATED_I03,NOT_VALIDATED_I03,NOT_EXECUTED_I03,NOT_ESTABLISHED_I03,NOT_APPROVED_BY_CENSUS
RIV-TEXT-7AB0A0,TEXT,0x7AB0A0,0x7AB0B8,0x7A,0xB0A0,24,3c6307c3aad0dc9da67a0b03796ea0ca2ae9d3ab659c265c5841639c15040259,True,UNAVAILABLE_HISTORICAL,,,1,RIV-USE-ITEM155-32,,False,0,NO_FLAG,NOT_VALIDATED_I03,NOT_VALIDATED_I03,NOT_EXECUTED_I03,NOT_ESTABLISHED_I03,NOT_APPROVED_BY_CENSUS
RIV-TEXT-7AB0B8,TEXT,0x7AB0B8,0x7AB0CE,0x7A,0xB0B8,22,a023f2638c201763530a41ef5e16af6b4c0c76a04ce2fc49341832d5bed41cee,True,UNAVAILABLE_HISTORICAL,,,1,RIV-USE-ITEM155-33,,False,0,NO_FLAG,NOT_VALIDATED_I03,NOT_VALIDATED_I03,NOT_EXECUTED_I03,NOT_ESTABLISHED_I03,NOT_APPROVED_BY_CENSUS
RIV-TEXT-7AB0CE,TEXT,0x7AB0CE,0x7AB0E6,0x7A,0xB0CE,24,02fe72247c2b53264e29e3983afe9b597a4ce3a8d36c823eed41dc3eef8cbca0,True,UNAVAILABLE_HISTORICAL,,,1,RIV-USE-ITEM155-34,,False,0,NO_FLAG,NOT_VALIDATED_I03,NOT_VALIDATED_I03,NOT_EXECUTED_I03,NOT_ESTABLISHED_I03,NOT_APPROVED_BY_CENSUS
RIV-TEXT-7AB0E6,TEXT,0x7AB0E6,0x7AB0FC,0x7A,0xB0E6,22,c6163cc191ddae41b34ad556ea90836765fbcc7c65fb8664cc63ff2f4fca8017,True,UNAVAILABLE_HISTORICAL,,,1,RIV-USE-ITEM155-35,,False,0,NO_FLAG,NOT_VALIDATED_I03,NOT_VALIDATED_I03,NOT_EXECUTED_I03,NOT_ESTABLISHED_I03,NOT_APPROVED_BY_CENSUS
RIV-TEXT-7AB0FC,TEXT,0x7AB0FC,0x7AB110,0x7A,0xB0FC,20,c10e9ea25972c871ab2632ed6c1028573c0bcfd64f71d043e73ab4713264a472,True,UNAVAILABLE_HISTORICAL,,,1,RIV-USE-ITEM155-36,,False,0,NO_FLAG,NOT_VALIDATED_I03,NOT_VALIDATED_I03,NOT_EXECUTED_I03,NOT_ESTABLISHED_I03,NOT_APPROVED_BY_CENSUS
RIV-TEXT-7AB110,TEXT,0x7AB110,0x7AB122,0x7A,0xB110,18,499806f3a3546c18146ca4171d60b39533bb93bdcfac1fc078fd709c54389d40,True,UNAVAILABLE_HISTORICAL,,,1,RIV-USE-ITEM155-37,,False,0,NO_FLAG,NOT_VALIDATED_I03,NOT_VALIDATED_I03,NOT_EXECUTED_I03,NOT_ESTABLISHED_I03,NOT_APPROVED_BY_CENSUS
RIV-TEXT-7AB122,TEXT,0x7AB122,0x7AB13E,0x7A,0xB122,28,bf84d82b33eef537579ef25abab7bc20bf85736c273d9598cd9dbf1a101c3566,True,UNAVAILABLE_HISTORICAL,,,1,RIV-USE-ITEM155-38,,False,0,NO_FLAG,NOT_VALIDATED_I03,NOT_VALIDATED_I03,NOT_EXECUTED_I03,NOT_ESTABLISHED_I03,NOT_APPROVED_BY_CENSUS
RIV-TEXT-7AB13E,TEXT,0x7AB13E,0x7AB156,0x7A,0xB13E,24,44fe43627375fce0340388a8268352def3d7c1dd242ed59a08d3c050f46a8d2f,True,UNAVAILABLE_HISTORICAL,,,1,RIV-USE-ITEM155-39,,False,0,NO_FLAG,NOT_VALIDATED_I03,NOT_VALIDATED_I03,NOT_EXECUTED_I03,NOT_ESTABLISHED_I03,NOT_APPROVED_BY_CENSUS
RIV-TEXT-7AB156,TEXT,0x7AB156,0x7AB172,0x7A,0xB156,28,2c06186993777a77c7433d86771bb474d48aeb5c2a5deb1b20a661f2dcc51fc3,True,UNAVAILABLE_HISTORICAL,,,1,RIV-USE-ITEM155-40,,False,0,NO_FLAG,NOT_VALIDATED_I03,NOT_VALIDATED_I03,NOT_EXECUTED_I03,NOT_ESTABLISHED_I03,NOT_APPROVED_BY_CENSUS
RIV-TEXT-7AB172,TEXT,0x7AB172,0x7AB182,0x7A,0xB172,16,9d923ac5af7617f0ddf31cd7e29e47b5e071c9f19b83634c5840bfa7a98d4040,True,UNAVAILABLE_HISTORICAL,,,1,RIV-USE-ITEM155-41,,False,0,NO_FLAG,NOT_VALIDATED_I03,NOT_VALIDATED_I03,NOT_EXECUTED_I03,NOT_ESTABLISHED_I03,NOT_APPROVED_BY_CENSUS
RIV-TEXT-7AB182,TEXT,0x7AB182,0x7AB198,0x7A,0xB182,22,7be8f42b849370f42e84b29724f165bafa36549c1e3fff93c57a4165553c3b83,True,UNAVAILABLE_HISTORICAL,,,1,RIV-USE-ITEM155-42,,False,0,NO_FLAG,NOT_VALIDATED_I03,NOT_VALIDATED_I03,NOT_EXECUTED_I03,NOT_ESTABLISHED_I03,NOT_APPROVED_BY_CENSUS
RIV-TEXT-7AB198,TEXT,0x7AB198,0x7AB1AE,0x7A,0xB198,22,f158bad2bd5e7733a673ccebc6f8d7e6bc5b780f1fefee8d990d64e9d88073b8,True,UNAVAILABLE_HISTORICAL,,,1,RIV-USE-ITEM155-43,,False,0,NO_FLAG,NOT_VALIDATED_I03,NOT_VALIDATED_I03,NOT_EXECUTED_I03,NOT_ESTABLISHED_I03,NOT_APPROVED_BY_CENSUS
RIV-TEXT-7AB1AE,TEXT,0x7AB1AE,0x7AB1C8,0x7A,0xB1AE,26,a5ea41f6dfe259f70c3c93a666982114a5fe8224711bb20bfd3255ef36ebd209,True,UNAVAILABLE_HISTORICAL,,,1,RIV-USE-ITEM155-44,,False,0,NO_FLAG,NOT_VALIDATED_I03,NOT_VALIDATED_I03,NOT_EXECUTED_I03,NOT_ESTABLISHED_I03,NOT_APPROVED_BY_CENSUS
RIV-TEXT-7AB1C8,TEXT,0x7AB1C8,0x7AB1D5,0x7A,0xB1C8,13,739c145a0a729b57e2f0fa9a19737dc622345a6fbbd0503765e932b5143f012d,True,UNAVAILABLE_HISTORICAL,,,1,RIV-USE-ITEM155-45,,False,0,NO_FLAG,NOT_VALIDATED_I03,NOT_VALIDATED_I03,NOT_EXECUTED_I03,NOT_ESTABLISHED_I03,NOT_APPROVED_BY_CENSUS
RIV-TEXT-7AB1D5,TEXT,0x7AB1D5,0x7AB1E7,0x7A,0xB1D5,18,fe796e8545870cd8fb9657643ee7ea6839e514ce8e56454a0f91c41e8834be64,True,UNAVAILABLE_HISTORICAL,,,1,RIV-USE-ITEM155-46,,False,0,NO_FLAG,NOT_VALIDATED_I03,NOT_VALIDATED_I03,NOT_EXECUTED_I03,NOT_ESTABLISHED_I03,NOT_APPROVED_BY_CENSUS
RIV-TEXT-7AB1E7,TEXT,0x7AB1E7,0x7AB1FB,0x7A,0xB1E7,20,877cce365b8f70b0709a4eff459d26e54dbb211eae4f759430641b13fca92caa,True,UNAVAILABLE_HISTORICAL,,,1,RIV-USE-ITEM155-47,,False,0,NO_FLAG,NOT_VALIDATED_I03,NOT_VALIDATED_I03,NOT_EXECUTED_I03,NOT_ESTABLISHED_I03,NOT_APPROVED_BY_CENSUS
RIV-TEXT-7AB1FB,TEXT,0x7AB1FB,0x7AB215,0x7A,0xB1FB,26,115d13db3b711466e7b4f5d4a9e7b1ba139943d8fc66d006acfec5faeb7d2f82,True,UNAVAILABLE_HISTORICAL,,,1,RIV-USE-ITEM155-48,,False,0,NO_FLAG,NOT_VALIDATED_I03,NOT_VALIDATED_I03,NOT_EXECUTED_I03,NOT_ESTABLISHED_I03,NOT_APPROVED_BY_CENSUS
RIV-TEXT-7AB215,TEXT,0x7AB215,0x7AB229,0x7A,0xB215,20,e0d6a5db73823a0884d1ec260b9c62f5395847bfbf7499ab729d553343d1c0f2,True,UNAVAILABLE_HISTORICAL,,,1,RIV-USE-ITEM155-49,,False,0,NO_FLAG,NOT_VALIDATED_I03,NOT_VALIDATED_I03,NOT_EXECUTED_I03,NOT_ESTABLISHED_I03,NOT_APPROVED_BY_CENSUS
RIV-TEXT-7AB229,TEXT,0x7AB229,0x7AB241,0x7A,0xB229,24,c490c8669c9ee60adc568ae9cf1fcc88af52f6fd39af21016a97f1f087f257a2,True,UNAVAILABLE_HISTORICAL,,,1,RIV-USE-ITEM155-50,,False,0,NO_FLAG,NOT_VALIDATED_I03,NOT_VALIDATED_I03,NOT_EXECUTED_I03,NOT_ESTABLISHED_I03,NOT_APPROVED_BY_CENSUS
RIV-TEXT-7AB241,TEXT,0x7AB241,0x7AB255,0x7A,0xB241,20,55b0feb8989d4bcd64d5a1240aa0eb6a337eb7fee442ac629b9f1694b3240332,True,UNAVAILABLE_HISTORICAL,,,1,RIV-USE-ITEM155-51,,False,0,NO_FLAG,NOT_VALIDATED_I03,NOT_VALIDATED_I03,NOT_EXECUTED_I03,NOT_ESTABLISHED_I03,NOT_APPROVED_BY_CENSUS
RIV-TEXT-7AB255,TEXT,0x7AB255,0x7AB268,0x7A,0xB255,19,f351663eb0d2bab2ada4b285b6dbc5cc4b4e05182e3a68634ce7696d1679e43a,True,UNAVAILABLE_HISTORICAL,,,1,RIV-USE-ITEM155-52,,False,0,NO_FLAG,NOT_VALIDATED_I03,NOT_VALIDATED_I03,NOT_EXECUTED_I03,NOT_ESTABLISHED_I03,NOT_APPROVED_BY_CENSUS
RIV-TEXT-7AB268,TEXT,0x7AB268,0x7AB27C,0x7A,0xB268,20,b9d716f5968cf2e495637ecd4e9f70281bbb2f40dd5c1b22241d934d49185bae,True,UNAVAILABLE_HISTORICAL,,,1,RIV-USE-ITEM155-53,,False,0,NO_FLAG,NOT_VALIDATED_I03,NOT_VALIDATED_I03,NOT_EXECUTED_I03,NOT_ESTABLISHED_I03,NOT_APPROVED_BY_CENSUS
RIV-TEXT-7AB27C,TEXT,0x7AB27C,0x7AB295,0x7A,0xB27C,25,a579c106b152669c14ce10c2879f22bf7fb4d6cb6eb66e2bb159a2bb799ec6c8,True,UNAVAILABLE_HISTORICAL,,,1,RIV-USE-ITEM155-54,,False,0,NO_FLAG,NOT_VALIDATED_I03,NOT_VALIDATED_I03,NOT_EXECUTED_I03,NOT_ESTABLISHED_I03,NOT_APPROVED_BY_CENSUS
RIV-TEXT-7AB295,TEXT,0x7AB295,0x7AB2AE,0x7A,0xB295,25,2b98918453ecd71d677f99136ef00b1264af1ac3798a081d3715b4470256e31e,True,UNAVAILABLE_HISTORICAL,,,1,RIV-USE-ITEM155-55,,False,0,NO_FLAG,NOT_VALIDATED_I03,NOT_VALIDATED_I03,NOT_EXECUTED_I03,NOT_ESTABLISHED_I03,NOT_APPROVED_BY_CENSUS
RIV-TEXT-7AB2AE,TEXT,0x7AB2AE,0x7AB2C5,0x7A,0xB2AE,23,bd694ed0399a3c5d252b347836b78e11e0a6c6aa77bc262a0d52088a6ae228c8,True,UNAVAILABLE_HISTORICAL,,,1,RIV-USE-ITEM155-56,,False,0,NO_FLAG,NOT_VALIDATED_I03,NOT_VALIDATED_I03,NOT_EXECUTED_I03,NOT_ESTABLISHED_I03,NOT_APPROVED_BY_CENSUS
RIV-TEXT-7AB2C5,TEXT,0x7AB2C5,0x7AB2DE,0x7A,0xB2C5,25,76784f45911985b7c11a2dd44f57b6892017d310c753636db2a8c1af5d8bb7a2,True,UNAVAILABLE_HISTORICAL,,,1,RIV-USE-ITEM155-57,,False,0,NO_FLAG,NOT_VALIDATED_I03,NOT_VALIDATED_I03,NOT_EXECUTED_I03,NOT_ESTABLISHED_I03,NOT_APPROVED_BY_CENSUS
RIV-TEXT-7AB2DE,TEXT,0x7AB2DE,0x7AB2F4,0x7A,0xB2DE,22,5612cd934071975f1aa6eb84c87ee199492af89871dc595d0d256ab9f1c7a832,True,UNAVAILABLE_HISTORICAL,,,1,RIV-USE-ITEM155-58,,False,0,NO_FLAG,NOT_VALIDATED_I03,NOT_VALIDATED_I03,NOT_EXECUTED_I03,NOT_ESTABLISHED_I03,NOT_APPROVED_BY_CENSUS
RIV-TEXT-7AB2F4,TEXT,0x7AB2F4,0x7AB307,0x7A,0xB2F4,19,a00f037ffff791ce7bec148e4b3c06df3dd68a1496f51832ae7989085a0aef74,True,UNAVAILABLE_HISTORICAL,,,1,RIV-USE-ITEM155-59,,False,0,NO_FLAG,NOT_VALIDATED_I03,NOT_VALIDATED_I03,NOT_EXECUTED_I03,NOT_ESTABLISHED_I03,NOT_APPROVED_BY_CENSUS
RIV-TEXT-7AB307,TEXT,0x7AB307,0x7AB31D,0x7A,0xB307,22,5926b4492b4ff5e902ee4e3f84e2c50464cfa3b7971f91fb08bd7c597255e377,True,UNAVAILABLE_HISTORICAL,,,1,RIV-USE-ITEM155-60,,False,0,NO_FLAG,NOT_VALIDATED_I03,NOT_VALIDATED_I03,NOT_EXECUTED_I03,NOT_ESTABLISHED_I03,NOT_APPROVED_BY_CENSUS
RIV-TEXT-7AB31D,TEXT,0x7AB31D,0x7AB335,0x7A,0xB31D,24,daf2235e6dd5de5106b2e16e3e02ca1daa4778ba6496678ccb16398f6161b9e7,True,UNAVAILABLE_HISTORICAL,,,1,RIV-USE-ITEM155-61,,False,0,NO_FLAG,NOT_VALIDATED_I03,NOT_VALIDATED_I03,NOT_EXECUTED_I03,NOT_ESTABLISHED_I03,NOT_APPROVED_BY_CENSUS
RIV-TEXT-7AB335,TEXT,0x7AB335,0x7AB34F,0x7A,0xB335,26,f1fa256ea99e2229993d39c103176fb29d915c811a5a17c0633e1644825dcc7f,True,UNAVAILABLE_HISTORICAL,,,1,RIV-USE-ITEM155-62,,False,0,NO_FLAG,NOT_VALIDATED_I03,NOT_VALIDATED_I03,NOT_EXECUTED_I03,NOT_ESTABLISHED_I03,NOT_APPROVED_BY_CENSUS
RIV-TEXT-7AB34F,TEXT,0x7AB34F,0x7AB365,0x7A,0xB34F,22,ddc1e5c390a7c5518baef863e7099d96e3ef8c9cbb64864478396902fb9d41a0,True,UNAVAILABLE_HISTORICAL,,,1,RIV-USE-ITEM155-63,,False,0,NO_FLAG,NOT_VALIDATED_I03,NOT_VALIDATED_I03,NOT_EXECUTED_I03,NOT_ESTABLISHED_I03,NOT_APPROVED_BY_CENSUS
RIV-TEXT-7AB365,TEXT,0x7AB365,0x7AB377,0x7A,0xB365,18,7d995fb56af3035aa5c336398c13c2102be098c82a95bb7eb15b23fab27ebf58,True,UNAVAILABLE_HISTORICAL,,,1,RIV-USE-ITEM155-64,,False,0,NO_FLAG,NOT_VALIDATED_I03,NOT_VALIDATED_I03,NOT_EXECUTED_I03,NOT_ESTABLISHED_I03,NOT_APPROVED_BY_CENSUS
RIV-TEXT-7AB377,TEXT,0x7AB377,0x7AB38F,0x7A,0xB377,24,d5792086964500ff088f33e89a0e051e23111d01767b8134a67910f10fdda894,True,UNAVAILABLE_HISTORICAL,,,1,RIV-USE-ITEM155-65,,False,0,NO_FLAG,NOT_VALIDATED_I03,NOT_VALIDATED_I03,NOT_EXECUTED_I03,NOT_ESTABLISHED_I03,NOT_APPROVED_BY_CENSUS
RIV-TEXT-7AB38F,TEXT,0x7AB38F,0x7AB3A0,0x7A,0xB38F,17,45677eda8afa9d92c6f44389a80f9275729f78fbf9b36d2f6c55d6c7eca9d190,True,UNAVAILABLE_HISTORICAL,,,1,RIV-USE-ITEM155-66,,False,0,NO_FLAG,NOT_VALIDATED_I03,NOT_VALIDATED_I03,NOT_EXECUTED_I03,NOT_ESTABLISHED_I03,NOT_APPROVED_BY_CENSUS
RIV-TEXT-7AB3A0,TEXT,0x7AB3A0,0x7AB3AF,0x7A,0xB3A0,15,fc7a595bb72fcacd088be84f0811504adbaca8602c912397fc18dc7582eba740,True,UNAVAILABLE_HISTORICAL,,,1,RIV-USE-ITEM155-67,,False,0,NO_FLAG,NOT_VALIDATED_I03,NOT_VALIDATED_I03,NOT_EXECUTED_I03,NOT_ESTABLISHED_I03,NOT_APPROVED_BY_CENSUS
RIV-TEXT-7AB3AF,TEXT,0x7AB3AF,0x7AB3C3,0x7A,0xB3AF,20,ed511f7f479be95b1725fc5f0d084b9355e09a8f7d1ec7c066e9a3481274dac1,True,UNAVAILABLE_HISTORICAL,,,1,RIV-USE-ITEM155-68,,False,0,NO_FLAG,NOT_VALIDATED_I03,NOT_VALIDATED_I03,NOT_EXECUTED_I03,NOT_ESTABLISHED_I03,NOT_APPROVED_BY_CENSUS
RIV-TEXT-7AB3C3,TEXT,0x7AB3C3,0x7AB3D7,0x7A,0xB3C3,20,5cbdf260066bd57d5daaef5b42e1055810f63752a0fafea019ce9b66e363a7ea,True,UNAVAILABLE_HISTORICAL,,,1,RIV-USE-ITEM155-69,,False,0,NO_FLAG,NOT_VALIDATED_I03,NOT_VALIDATED_I03,NOT_EXECUTED_I03,NOT_ESTABLISHED_I03,NOT_APPROVED_BY_CENSUS
RIV-TEXT-7AB3D7,TEXT,0x7AB3D7,0x7AB3E9,0x7A,0xB3D7,18,d30675f38e3c7e40a8cf546c2df37b7466f38954ffcbccc49229a060457e6c19,True,UNAVAILABLE_HISTORICAL,,,1,RIV-USE-ITEM155-70,,False,0,NO_FLAG,NOT_VALIDATED_I03,NOT_VALIDATED_I03,NOT_EXECUTED_I03,NOT_ESTABLISHED_I03,NOT_APPROVED_BY_CENSUS
RIV-TEXT-7AB3E9,TEXT,0x7AB3E9,0x7AB3FA,0x7A,0xB3E9,17,c35cd82ea87c50fc63328886d9f9016a21111150ec77a149e7e253dee081bb58,True,UNAVAILABLE_HISTORICAL,,,1,RIV-USE-ITEM155-71,,False,0,NO_FLAG,NOT_VALIDATED_I03,NOT_VALIDATED_I03,NOT_EXECUTED_I03,NOT_ESTABLISHED_I03,NOT_APPROVED_BY_CENSUS
RIV-TEXT-7AB3FA,TEXT,0x7AB3FA,0x7AB417,0x7A,0xB3FA,29,7dd8fbcd08a0cbf6f7ee16eff53742343af42a3a99a8e50de37cb7644865bf80,True,UNAVAILABLE_HISTORICAL,,,1,RIV-USE-ITEM155-72,,False,0,NO_FLAG,NOT_VALIDATED_I03,NOT_VALIDATED_I03,NOT_EXECUTED_I03,NOT_ESTABLISHED_I03,NOT_APPROVED_BY_CENSUS
RIV-TEXT-7AB417,TEXT,0x7AB417,0x7AB429,0x7A,0xB417,18,967e2f2411566276366fbf20386d4ad54e6b3c8635773f9c87891d7ddb7daa18,True,UNAVAILABLE_HISTORICAL,,,1,RIV-USE-ITEM155-73,,False,0,NO_FLAG,NOT_VALIDATED_I03,NOT_VALIDATED_I03,NOT_EXECUTED_I03,NOT_ESTABLISHED_I03,NOT_APPROVED_BY_CENSUS
RIV-TEXT-7AB429,TEXT,0x7AB429,0x7AB443,0x7A,0xB429,26,32403a7288522f37c672a7455a170cc0c2950a14ab5dd077bbadc6aa926e5ca1,True,UNAVAILABLE_HISTORICAL,,,1,RIV-USE-ITEM155-74,,False,0,NO_FLAG,NOT_VALIDATED_I03,NOT_VALIDATED_I03,NOT_EXECUTED_I03,NOT_ESTABLISHED_I03,NOT_APPROVED_BY_CENSUS
RIV-TEXT-7AB443,TEXT,0x7AB443,0x7AB45D,0x7A,0xB443,26,b83e791cfe3d5d91cff376dda0e8d3aa33cc1dc45182d69eed71d407ad4efae1,True,UNAVAILABLE_HISTORICAL,,,1,RIV-USE-ITEM155-75,,False,0,NO_FLAG,NOT_VALIDATED_I03,NOT_VALIDATED_I03,NOT_EXECUTED_I03,NOT_ESTABLISHED_I03,NOT_APPROVED_BY_CENSUS
RIV-TEXT-7AB45D,TEXT,0x7AB45D,0x7AB477,0x7A,0xB45D,26,b33dc3be252efee07c05d6dee967c7cd99f1a0198e79b2b35d84ce90d2ae2601,True,UNAVAILABLE_HISTORICAL,,,1,RIV-USE-ITEM155-76,,False,0,NO_FLAG,NOT_VALIDATED_I03,NOT_VALIDATED_I03,NOT_EXECUTED_I03,NOT_ESTABLISHED_I03,NOT_APPROVED_BY_CENSUS
RIV-TEXT-7AB477,TEXT,0x7AB477,0x7AB491,0x7A,0xB477,26,2389e23060478cac3eb7139782a95d84f9cd62a59dddda11c0d2748b449646b0,True,UNAVAILABLE_HISTORICAL,,,1,RIV-USE-ITEM155-77,,False,0,NO_FLAG,NOT_VALIDATED_I03,NOT_VALIDATED_I03,NOT_EXECUTED_I03,NOT_ESTABLISHED_I03,NOT_APPROVED_BY_CENSUS
RIV-TEXT-7AB491,TEXT,0x7AB491,0x7AB4A7,0x7A,0xB491,22,88a80e191923c8ce99010a8a1e4eb954a401603d6ae5c40509d114ae9c072b35,True,UNAVAILABLE_HISTORICAL,,,1,RIV-USE-ITEM155-78,,False,0,NO_FLAG,NOT_VALIDATED_I03,NOT_VALIDATED_I03,NOT_EXECUTED_I03,NOT_ESTABLISHED_I03,NOT_APPROVED_BY_CENSUS
RIV-TEXT-7AB4A7,TEXT,0x7AB4A7,0x7AB4B9,0x7A,0xB4A7,18,d04f96e84832fc2368a87f4983453d7efad8c012961eac65515c7a9d01f4a2b9,True,UNAVAILABLE_HISTORICAL,,,1,RIV-USE-ITEM155-79,,False,0,NO_FLAG,NOT_VALIDATED_I03,NOT_VALIDATED_I03,NOT_EXECUTED_I03,NOT_ESTABLISHED_I03,NOT_APPROVED_BY_CENSUS
RIV-TEXT-7AB4B9,TEXT,0x7AB4B9,0x7AB4CD,0x7A,0xB4B9,20,f90553c90646adb0d7e05db7870d0d31600d7772d9cee0038703393346cb7cf0,True,UNAVAILABLE_HISTORICAL,,,1,RIV-USE-ITEM155-80,,False,0,NO_FLAG,NOT_VALIDATED_I03,NOT_VALIDATED_I03,NOT_EXECUTED_I03,NOT_ESTABLISHED_I03,NOT_APPROVED_BY_CENSUS
RIV-TEXT-7AB4CD,TEXT,0x7AB4CD,0x7AB4EB,0x7A,0xB4CD,30,716ac73a8b98cc925a484c65c8eef77c1714b35da22753c3d33b13818fa92147,True,UNAVAILABLE_HISTORICAL,,,1,RIV-USE-ITEM155-81,,False,0,NO_FLAG,NOT_VALIDATED_I03,NOT_VALIDATED_I03,NOT_EXECUTED_I03,NOT_ESTABLISHED_I03,NOT_APPROVED_BY_CENSUS
RIV-TEXT-7AB4EB,TEXT,0x7AB4EB,0x7AB505,0x7A,0xB4EB,26,c981b014fb25aad215a54fb7bbbcb67cf0d9380d08d31bfa5d0b1a84e5bdab40,True,UNAVAILABLE_HISTORICAL,,,1,RIV-USE-ITEM155-82,,False,0,NO_FLAG,NOT_VALIDATED_I03,NOT_VALIDATED_I03,NOT_EXECUTED_I03,NOT_ESTABLISHED_I03,NOT_APPROVED_BY_CENSUS
RIV-TEXT-7AB505,TEXT,0x7AB505,0x7AB51B,0x7A,0xB505,22,2ede452aa49f7cedf016942f674e224dbc7cba8ebb9706436bc9faf128faa982,True,UNAVAILABLE_HISTORICAL,,,1,RIV-USE-ITEM155-83,,False,0,NO_FLAG,NOT_VALIDATED_I03,NOT_VALIDATED_I03,NOT_EXECUTED_I03,NOT_ESTABLISHED_I03,NOT_APPROVED_BY_CENSUS
RIV-TEXT-7AB51B,TEXT,0x7AB51B,0x7AB52C,0x7A,0xB51B,17,670665ec8e97a3d6c6881c4e83cc75b516a4447fd2d2da35f594e176e1717538,True,UNAVAILABLE_HISTORICAL,,,1,RIV-USE-ITEM155-84,,False,0,NO_FLAG,NOT_VALIDATED_I03,NOT_VALIDATED_I03,NOT_EXECUTED_I03,NOT_ESTABLISHED_I03,NOT_APPROVED_BY_CENSUS
RIV-TEXT-7AB52C,TEXT,0x7AB52C,0x7AB542,0x7A,0xB52C,22,39730c97fde1831885dd532f23aedc11b0517da57072d17d3c7037773c73d5c1,True,UNAVAILABLE_HISTORICAL,,,1,RIV-USE-ITEM155-85,,False,0,NO_FLAG,NOT_VALIDATED_I03,NOT_VALIDATED_I03,NOT_EXECUTED_I03,NOT_ESTABLISHED_I03,NOT_APPROVED_BY_CENSUS
RIV-TEXT-7AB542,TEXT,0x7AB542,0x7AB553,0x7A,0xB542,17,881205870fcf6923a791a42a0aeaf427e6e2fba0c43673943902cf374eada3d2,True,UNAVAILABLE_HISTORICAL,,,1,RIV-USE-ITEM155-86,,False,0,NO_FLAG,NOT_VALIDATED_I03,NOT_VALIDATED_I03,NOT_EXECUTED_I03,NOT_ESTABLISHED_I03,NOT_APPROVED_BY_CENSUS
RIV-TEXT-7AB553,TEXT,0x7AB553,0x7AB561,0x7A,0xB553,14,512b0b462abdfe380deae0b01465ef0962ad1bcb5b35b84465a3ff987da61353,True,UNAVAILABLE_HISTORICAL,,,1,RIV-USE-ITEM155-87,,False,0,NO_FLAG,NOT_VALIDATED_I03,NOT_VALIDATED_I03,NOT_EXECUTED_I03,NOT_ESTABLISHED_I03,NOT_APPROVED_BY_CENSUS
RIV-TEXT-7AB561,TEXT,0x7AB561,0x7AB56F,0x7A,0xB561,14,cfece0098deaf1bcb66ff57a6a99200e388abd4ecdabef991145857eac144d2e,True,UNAVAILABLE_HISTORICAL,,,1,RIV-USE-ITEM155-88,,False,0,NO_FLAG,NOT_VALIDATED_I03,NOT_VALIDATED_I03,NOT_EXECUTED_I03,NOT_ESTABLISHED_I03,NOT_APPROVED_BY_CENSUS
RIV-TEXT-7AB56F,TEXT,0x7AB56F,0x7AB584,0x7A,0xB56F,21,6fdc3825c93d15bb6a32706409dd540adbde6dc0e81c6576b9bda2efce38b2e1,True,UNAVAILABLE_HISTORICAL,,,1,RIV-USE-ITEM155-89,,False,0,NO_FLAG,NOT_VALIDATED_I03,NOT_VALIDATED_I03,NOT_EXECUTED_I03,NOT_ESTABLISHED_I03,NOT_APPROVED_BY_CENSUS
RIV-TEXT-7AB584,TEXT,0x7AB584,0x7AB59E,0x7A,0xB584,26,50e60700531487a827e2198a42dc616774fd84c24de49b3c9adb20abccea80e7,True,UNAVAILABLE_HISTORICAL,,,1,RIV-USE-ITEM155-90,,False,0,NO_FLAG,NOT_VALIDATED_I03,NOT_VALIDATED_I03,NOT_EXECUTED_I03,NOT_ESTABLISHED_I03,NOT_APPROVED_BY_CENSUS
RIV-TEXT-7AB59E,TEXT,0x7AB59E,0x7AB5B4,0x7A,0xB59E,22,d03a20bf496ce4c947aba16255bf45f055a10c3c7d6db5e4ffa2f4068d8d0ccf,True,UNAVAILABLE_HISTORICAL,,,1,RIV-USE-ITEM155-91,,False,0,NO_FLAG,NOT_VALIDATED_I03,NOT_VALIDATED_I03,NOT_EXECUTED_I03,NOT_ESTABLISHED_I03,NOT_APPROVED_BY_CENSUS
RIV-TEXT-7AB5B4,TEXT,0x7AB5B4,0x7AB5C8,0x7A,0xB5B4,20,8842c73ca03c8d54368fc6fa7d69a830e491a325131f6136e2d11b2ee88e71b8,True,UNAVAILABLE_HISTORICAL,,,1,RIV-USE-ITEM155-92,,False,0,NO_FLAG,NOT_VALIDATED_I03,NOT_VALIDATED_I03,NOT_EXECUTED_I03,NOT_ESTABLISHED_I03,NOT_APPROVED_BY_CENSUS
RIV-TEXT-7AB5C8,TEXT,0x7AB5C8,0x7AB5D7,0x7A,0xB5C8,15,575113c656fa7e50ac4abe32e074e9637686b9498fc4e77c25e657eb378f9331,True,UNAVAILABLE_HISTORICAL,,,1,RIV-USE-ITEM155-93,,False,0,NO_FLAG,NOT_VALIDATED_I03,NOT_VALIDATED_I03,NOT_EXECUTED_I03,NOT_ESTABLISHED_I03,NOT_APPROVED_BY_CENSUS
RIV-TEXT-7AB5D7,TEXT,0x7AB5D7,0x7AB5F3,0x7A,0xB5D7,28,e14fe4a86e6058d8d22dc04c8c68f075ca4f9bc64d17ff26d120f712d19ba9b8,True,UNAVAILABLE_HISTORICAL,,,1,RIV-USE-ITEM155-94,,False,0,NO_FLAG,NOT_VALIDATED_I03,NOT_VALIDATED_I03,NOT_EXECUTED_I03,NOT_ESTABLISHED_I03,NOT_APPROVED_BY_CENSUS
RIV-TEXT-7AB5F3,TEXT,0x7AB5F3,0x7AB5FE,0x7A,0xB5F3,11,7ff9ce26c6f5a70c0a8457fdf056ac8a0982db9617a98a93d6bac79de86091eb,True,UNAVAILABLE_HISTORICAL,,,1,RIV-USE-ITEM155-95,,False,0,NO_FLAG,NOT_VALIDATED_I03,NOT_VALIDATED_I03,NOT_EXECUTED_I03,NOT_ESTABLISHED_I03,NOT_APPROVED_BY_CENSUS
RIV-TEXT-7AB5FE,TEXT,0x7AB5FE,0x7AB612,0x7A,0xB5FE,20,6e3fbd7bac3d1c1c0b46d11368f7b97e106fa6a3638de7b87403b0cb46e43371,True,UNAVAILABLE_HISTORICAL,,,1,RIV-USE-ITEM155-96,,False,0,NO_FLAG,NOT_VALIDATED_I03,NOT_VALIDATED_I03,NOT_EXECUTED_I03,NOT_ESTABLISHED_I03,NOT_APPROVED_BY_CENSUS
RIV-TEXT-7AB612,TEXT,0x7AB612,0x7AB628,0x7A,0xB612,22,c7a2b40b67e89c132d2c935a6227aa23d2b35dcc3e4aa3806a9915e9919113fa,True,UNAVAILABLE_HISTORICAL,,,1,RIV-USE-ITEM155-97,,False,0,NO_FLAG,NOT_VALIDATED_I03,NOT_VALIDATED_I03,NOT_EXECUTED_I03,NOT_ESTABLISHED_I03,NOT_APPROVED_BY_CENSUS
RIV-TEXT-7AB628,TEXT,0x7AB628,0x7AB638,0x7A,0xB628,16,db167dcec36feba4582710c3436c6a3b8bd60440c35fbaa53b71586f0b6b9398,True,UNAVAILABLE_HISTORICAL,,,1,RIV-USE-ITEM155-98,,False,0,NO_FLAG,NOT_VALIDATED_I03,NOT_VALIDATED_I03,NOT_EXECUTED_I03,NOT_ESTABLISHED_I03,NOT_APPROVED_BY_CENSUS
RIV-TEXT-7AB638,TEXT,0x7AB638,0x7AB64E,0x7A,0xB638,22,e116f8b75032374f40b61f626b0cd31c4a948f888fbba6eee4cbda66bf750110,True,UNAVAILABLE_HISTORICAL,,,1,RIV-USE-ITEM155-99,,False,0,NO_FLAG,NOT_VALIDATED_I03,NOT_VALIDATED_I03,NOT_EXECUTED_I03,NOT_ESTABLISHED_I03,NOT_APPROVED_BY_CENSUS
RIV-TEXT-7AB64E,TEXT,0x7AB64E,0x7AB662,0x7A,0xB64E,20,ed8d81ae7bf733c072344eeea5893756dadef402cd8d927c8da13dc08555f790,True,UNAVAILABLE_HISTORICAL,,,1,RIV-USE-ITEM155-100,,False,0,NO_FLAG,NOT_VALIDATED_I03,NOT_VALIDATED_I03,NOT_EXECUTED_I03,NOT_ESTABLISHED_I03,NOT_APPROVED_BY_CENSUS
RIV-TEXT-7AB662,TEXT,0x7AB662,0x7AB676,0x7A,0xB662,20,bd107baaf87ff4c045d841b25d31bb429c505a9b27ca442937d6e655bd479a8f,True,UNAVAILABLE_HISTORICAL,,,1,RIV-USE-ITEM155-101,,False,0,NO_FLAG,NOT_VALIDATED_I03,NOT_VALIDATED_I03,NOT_EXECUTED_I03,NOT_ESTABLISHED_I03,NOT_APPROVED_BY_CENSUS
RIV-TEXT-7AB676,TEXT,0x7AB676,0x7AB68E,0x7A,0xB676,24,bba2e87cf99131426d6e1304500d71e26ff654f1d3d56ac58bf16936ab5330d4,True,UNAVAILABLE_HISTORICAL,,,1,RIV-USE-ITEM155-102,,False,0,NO_FLAG,NOT_VALIDATED_I03,NOT_VALIDATED_I03,NOT_EXECUTED_I03,NOT_ESTABLISHED_I03,NOT_APPROVED_BY_CENSUS
RIV-TEXT-7AB68E,TEXT,0x7AB68E,0x7AB6A2,0x7A,0xB68E,20,6f8bdedb571ac4f2b7abd8817e87452357d168143f01763cfdf173c320a97e4a,True,UNAVAILABLE_HISTORICAL,,,1,RIV-USE-ITEM155-103,,False,0,NO_FLAG,NOT_VALIDATED_I03,NOT_VALIDATED_I03,NOT_EXECUTED_I03,NOT_ESTABLISHED_I03,NOT_APPROVED_BY_CENSUS
RIV-TEXT-7AB6A2,TEXT,0x7AB6A2,0x7AB6A9,0x7A,0xB6A2,7,f80ff390bfb1a84a04f55f2c17fab7a11afa026451404007f5a0632a4c62b548,True,UNAVAILABLE_HISTORICAL,,,1,RIV-USE-ITEM155-104,,False,0,NO_FLAG,NOT_VALIDATED_I03,NOT_VALIDATED_I03,NOT_EXECUTED_I03,NOT_ESTABLISHED_I03,NOT_APPROVED_BY_CENSUS
RIV-TEXT-7AB6A9,TEXT,0x7AB6A9,0x7AB6B2,0x7A,0xB6A9,9,8b22a6dcfc4def461dc20c7cc3e06928827d86d31647b84c3fd64aa7d0c0fcbe,True,UNAVAILABLE_HISTORICAL,,,1,RIV-USE-ITEM155-105,,False,0,NO_FLAG,NOT_VALIDATED_I03,NOT_VALIDATED_I03,NOT_EXECUTED_I03,NOT_ESTABLISHED_I03,NOT_APPROVED_BY_CENSUS
RIV-TEXT-7AB6B2,TEXT,0x7AB6B2,0x7AB6C4,0x7A,0xB6B2,18,73afea22417835bd20c3b673c38dec5ffa4f2b5e57ad9fb84a75d5e9d45d26c1,True,UNAVAILABLE_HISTORICAL,,,1,RIV-USE-ITEM155-106,,False,0,NO_FLAG,NOT_VALIDATED_I03,NOT_VALIDATED_I03,NOT_EXECUTED_I03,NOT_ESTABLISHED_I03,NOT_APPROVED_BY_CENSUS
RIV-TEXT-7AB6C4,TEXT,0x7AB6C4,0x7AB6DA,0x7A,0xB6C4,22,43912e17d01f5bef62b1cacec5c59ca86317f3a2cf5f0b2a8370665efecbf6a9,True,UNAVAILABLE_HISTORICAL,,,1,RIV-USE-ITEM155-107,,False,0,NO_FLAG,NOT_VALIDATED_I03,NOT_VALIDATED_I03,NOT_EXECUTED_I03,NOT_ESTABLISHED_I03,NOT_APPROVED_BY_CENSUS
RIV-TEXT-7AB6DA,TEXT,0x7AB6DA,0x7AB6EC,0x7A,0xB6DA,18,4a8d15953da10d2ba3483c25150e192e4b7a0fe64f30312ae34ff0ec0997387e,True,UNAVAILABLE_HISTORICAL,,,1,RIV-USE-ITEM155-108,,False,0,NO_FLAG,NOT_VALIDATED_I03,NOT_VALIDATED_I03,NOT_EXECUTED_I03,NOT_ESTABLISHED_I03,NOT_APPROVED_BY_CENSUS
RIV-TEXT-7AB6EC,TEXT,0x7AB6EC,0x7AB700,0x7A,0xB6EC,20,5504168eed75596a6ae549c015faa81eae428f7a656c1df0a99f3361977c5ba9,True,UNAVAILABLE_HISTORICAL,,,1,RIV-USE-ITEM155-109,,False,0,NO_FLAG,NOT_VALIDATED_I03,NOT_VALIDATED_I03,NOT_EXECUTED_I03,NOT_ESTABLISHED_I03,NOT_APPROVED_BY_CENSUS
RIV-TEXT-7AB700,TEXT,0x7AB700,0x7AB709,0x7A,0xB700,9,594ab746415689e1dd987b728a6c19e4a4aec4a7529c8ca3b73d3cbe5392db7e,True,UNAVAILABLE_HISTORICAL,,,1,RIV-USE-ITEM155-110,,False,0,NO_FLAG,NOT_VALIDATED_I03,NOT_VALIDATED_I03,NOT_EXECUTED_I03,NOT_ESTABLISHED_I03,NOT_APPROVED_BY_CENSUS
RIV-TEXT-7AB709,TEXT,0x7AB709,0x7AB716,0x7A,0xB709,13,542dd1c4d89c2b19aa13854e1d98dda8029bb2a0dba081db84ee1ad76f611ce9,True,UNAVAILABLE_HISTORICAL,,,1,RIV-USE-ITEM155-111,,False,0,NO_FLAG,NOT_VALIDATED_I03,NOT_VALIDATED_I03,NOT_EXECUTED_I03,NOT_ESTABLISHED_I03,NOT_APPROVED_BY_CENSUS
RIV-TEXT-7AB716,TEXT,0x7AB716,0x7AB725,0x7A,0xB716,15,cbae51b12927b9656046a700a7da7adb9c635bb06534816bfef64518d16632c1,True,UNAVAILABLE_HISTORICAL,,,1,RIV-USE-ITEM155-112,,False,0,NO_FLAG,NOT_VALIDATED_I03,NOT_VALIDATED_I03,NOT_EXECUTED_I03,NOT_ESTABLISHED_I03,NOT_APPROVED_BY_CENSUS
RIV-TEXT-7AB725,TEXT,0x7AB725,0x7AB732,0x7A,0xB725,13,f9ca3ae249134b029455b700e8fca920fee99f2047bb2f38bf09e91d52beef42,True,UNAVAILABLE_HISTORICAL,,,1,RIV-USE-ITEM155-113,,False,0,NO_FLAG,NOT_VALIDATED_I03,NOT_VALIDATED_I03,NOT_EXECUTED_I03,NOT_ESTABLISHED_I03,NOT_APPROVED_BY_CENSUS
RIV-TEXT-7AB732,TEXT,0x7AB732,0x7AB742,0x7A,0xB732,16,850d99feb9e5bf949cf111f5e096b8d422e5caa9a264afbf7f98e21461e85644,True,UNAVAILABLE_HISTORICAL,,,1,RIV-USE-ITEM155-114,,False,0,NO_FLAG,NOT_VALIDATED_I03,NOT_VALIDATED_I03,NOT_EXECUTED_I03,NOT_ESTABLISHED_I03,NOT_APPROVED_BY_CENSUS
RIV-TEXT-7AB742,TEXT,0x7AB742,0x7AB756,0x7A,0xB742,20,a89b30a07242fd13611f0bc116039d9a4c6a01b689aa6b239df094665f8a4d6e,True,UNAVAILABLE_HISTORICAL,,,1,RIV-USE-ITEM155-115,,False,0,NO_FLAG,NOT_VALIDATED_I03,NOT_VALIDATED_I03,NOT_EXECUTED_I03,NOT_ESTABLISHED_I03,NOT_APPROVED_BY_CENSUS
RIV-TEXT-7AB756,TEXT,0x7AB756,0x7AB76C,0x7A,0xB756,22,1b0184b1fb1d674805786fb329635775433f197360de66711ef2ac2103318a93,True,UNAVAILABLE_HISTORICAL,,,1,RIV-USE-ITEM155-116,,False,0,NO_FLAG,NOT_VALIDATED_I03,NOT_VALIDATED_I03,NOT_EXECUTED_I03,NOT_ESTABLISHED_I03,NOT_APPROVED_BY_CENSUS
RIV-TEXT-7AB76C,TEXT,0x7AB76C,0x7AB77A,0x7A,0xB76C,14,7fef811c96a52b2c99250f2225d92518df5497ab756f622caeb3263bbe1bac4e,True,UNAVAILABLE_HISTORICAL,,,1,RIV-USE-ITEM155-117,,False,0,NO_FLAG,NOT_VALIDATED_I03,NOT_VALIDATED_I03,NOT_EXECUTED_I03,NOT_ESTABLISHED_I03,NOT_APPROVED_BY_CENSUS
RIV-TEXT-7AB77A,TEXT,0x7AB77A,0x7AB78C,0x7A,0xB77A,18,0ec80d8793a7e3ebd740a9cfb83d62f254ebb8ba2523fd1bff7f74228631799d,True,UNAVAILABLE_HISTORICAL,,,1,RIV-USE-ITEM155-118,,False,0,NO_FLAG,NOT_VALIDATED_I03,NOT_VALIDATED_I03,NOT_EXECUTED_I03,NOT_ESTABLISHED_I03,NOT_APPROVED_BY_CENSUS
RIV-TEXT-7AB78C,TEXT,0x7AB78C,0x7AB7A0,0x7A,0xB78C,20,88b65b8edd01cfe8ad7222e86839b61c280dd04cace9ff10da3d330fb20f610d,True,UNAVAILABLE_HISTORICAL,,,1,RIV-USE-ITEM155-119,,False,0,NO_FLAG,NOT_VALIDATED_I03,NOT_VALIDATED_I03,NOT_EXECUTED_I03,NOT_ESTABLISHED_I03,NOT_APPROVED_BY_CENSUS
RIV-TEXT-7AB7A0,TEXT,0x7AB7A0,0x7AB7BA,0x7A,0xB7A0,26,2efb1060c2de66977a9684b4d5b7c410a60a705b2eface28dcb4cdf9d30f1fc9,True,UNAVAILABLE_HISTORICAL,,,1,RIV-USE-ITEM155-120,,False,0,NO_FLAG,NOT_VALIDATED_I03,NOT_VALIDATED_I03,NOT_EXECUTED_I03,NOT_ESTABLISHED_I03,NOT_APPROVED_BY_CENSUS
RIV-TEXT-7AB7BA,TEXT,0x7AB7BA,0x7AB7D8,0x7A,0xB7BA,30,142f373967cfa5c8da135694ce474f2c6a0b14e2342047f6f0252bb10569fb99,True,UNAVAILABLE_HISTORICAL,,,1,RIV-USE-ITEM155-121,,False,0,NO_FLAG,NOT_VALIDATED_I03,NOT_VALIDATED_I03,NOT_EXECUTED_I03,NOT_ESTABLISHED_I03,NOT_APPROVED_BY_CENSUS
RIV-TEXT-7AB7D8,TEXT,0x7AB7D8,0x7AB7F8,0x7A,0xB7D8,32,403127d53b3a9da3a6ffe052c99b9d4daf5a9e994be3d78ecc6255f8103ac4f1,True,UNAVAILABLE_HISTORICAL,,,1,RIV-USE-ITEM155-122,,False,0,NO_FLAG,NOT_VALIDATED_I03,NOT_VALIDATED_I03,NOT_EXECUTED_I03,NOT_ESTABLISHED_I03,NOT_APPROVED_BY_CENSUS
RIV-TEXT-7AB7F8,TEXT,0x7AB7F8,0x7AB808,0x7A,0xB7F8,16,2d85ebaaaea7d6a836f42e06565529e8b4d1e5564047fceb28ef378a9dbc3c90,True,UNAVAILABLE_HISTORICAL,,,1,RIV-USE-ITEM155-123,,False,0,NO_FLAG,NOT_VALIDATED_I03,NOT_VALIDATED_I03,NOT_EXECUTED_I03,NOT_ESTABLISHED_I03,NOT_APPROVED_BY_CENSUS
RIV-TEXT-7AB808,TEXT,0x7AB808,0x7AB81C,0x7A,0xB808,20,50d3c9e9c0fee2e80bf640f31bad8668fbf8ecabfee15eccebfc2bc0af841e4f,True,UNAVAILABLE_HISTORICAL,,,1,RIV-USE-ITEM155-124,,False,0,NO_FLAG,NOT_VALIDATED_I03,NOT_VALIDATED_I03,NOT_EXECUTED_I03,NOT_ESTABLISHED_I03,NOT_APPROVED_BY_CENSUS
RIV-TEXT-7AB81C,TEXT,0x7AB81C,0x7AB832,0x7A,0xB81C,22,80b695c885f7abb9a500754dcedd12e3374c553c5995b7f0afb9293911c8ede4,True,UNAVAILABLE_HISTORICAL,,,1,RIV-USE-ITEM155-125,,False,0,NO_FLAG,NOT_VALIDATED_I03,NOT_VALIDATED_I03,NOT_EXECUTED_I03,NOT_ESTABLISHED_I03,NOT_APPROVED_BY_CENSUS
RIV-TEXT-7AB832,TEXT,0x7AB832,0x7AB841,0x7A,0xB832,15,a6c2ccaaac449cffaef233e1c7508ca885beb5bba8ce4d4123d7eff1bbf3a1aa,True,UNAVAILABLE_HISTORICAL,,,1,RIV-USE-ITEM155-126,,False,0,NO_FLAG,NOT_VALIDATED_I03,NOT_VALIDATED_I03,NOT_EXECUTED_I03,NOT_ESTABLISHED_I03,NOT_APPROVED_BY_CENSUS
RIV-TEXT-7AB841,TEXT,0x7AB841,0x7AB852,0x7A,0xB841,17,69cef9fd4bf0f67e997140466f0506f1f3107b5e58e03596c37f908bf9a37390,True,UNAVAILABLE_HISTORICAL,,,1,RIV-USE-ITEM155-127,,False,0,NO_FLAG,NOT_VALIDATED_I03,NOT_VALIDATED_I03,NOT_EXECUTED_I03,NOT_ESTABLISHED_I03,NOT_APPROVED_BY_CENSUS
RIV-TEXT-7AB852,TEXT,0x7AB852,0x7AB866,0x7A,0xB852,20,0a995a213702cac69cd8d553ad64126b962283e8c970579b42772907801ec9b2,True,UNAVAILABLE_HISTORICAL,,,1,RIV-USE-ITEM155-128,,False,0,NO_FLAG,NOT_VALIDATED_I03,NOT_VALIDATED_I03,NOT_EXECUTED_I03,NOT_ESTABLISHED_I03,NOT_APPROVED_BY_CENSUS
RIV-TEXT-7AB866,TEXT,0x7AB866,0x7AB87E,0x7A,0xB866,24,c407246e36eb29bf7d6ca330d51a9e598cce374fb2068913c15cd545da573e4c,True,UNAVAILABLE_HISTORICAL,,,1,RIV-USE-ITEM155-129,,False,0,NO_FLAG,NOT_VALIDATED_I03,NOT_VALIDATED_I03,NOT_EXECUTED_I03,NOT_ESTABLISHED_I03,NOT_APPROVED_BY_CENSUS
RIV-TEXT-7AB87E,TEXT,0x7AB87E,0x7AB88B,0x7A,0xB87E,13,b114eadecc4ff6729da7c356b691aa09aaf681f2189e62a5967024e17f78e96c,True,UNAVAILABLE_HISTORICAL,,,1,RIV-USE-ITEM155-130,,False,0,NO_FLAG,NOT_VALIDATED_I03,NOT_VALIDATED_I03,NOT_EXECUTED_I03,NOT_ESTABLISHED_I03,NOT_APPROVED_BY_CENSUS
RIV-TEXT-7AB88B,TEXT,0x7AB88B,0x7AB89E,0x7A,0xB88B,19,f1fcbd617a8220be649012307f1920fc0c00380d6e2a38c69e281777f39bba54,True,UNAVAILABLE_HISTORICAL,,,1,RIV-USE-ITEM155-131,,False,0,NO_FLAG,NOT_VALIDATED_I03,NOT_VALIDATED_I03,NOT_EXECUTED_I03,NOT_ESTABLISHED_I03,NOT_APPROVED_BY_CENSUS
RIV-TEXT-7AB89E,TEXT,0x7AB89E,0x7AB8AB,0x7A,0xB89E,13,420301829b23d1119e7f1b4bceee8b86bd2217e64f656f7ad7c8ff7f1faca6f4,True,UNAVAILABLE_HISTORICAL,,,1,RIV-USE-ITEM155-132,,False,0,NO_FLAG,NOT_VALIDATED_I03,NOT_VALIDATED_I03,NOT_EXECUTED_I03,NOT_ESTABLISHED_I03,NOT_APPROVED_BY_CENSUS
RIV-TEXT-7AB8AB,TEXT,0x7AB8AB,0x7AB8B4,0x7A,0xB8AB,9,fe6b9acfdcdbc7277599f361cc9d93fbb9a585a87b3af9cba21a292fe6e19ee9,True,UNAVAILABLE_HISTORICAL,,,1,RIV-USE-ITEM155-133,,False,0,NO_FLAG,NOT_VALIDATED_I03,NOT_VALIDATED_I03,NOT_EXECUTED_I03,NOT_ESTABLISHED_I03,NOT_APPROVED_BY_CENSUS
RIV-TEXT-7AB8B4,TEXT,0x7AB8B4,0x7AB8BF,0x7A,0xB8B4,11,0eca5eea3620cf1b9c2d5ddb1b026ef0793fd0f393008e75f8c53dc6da440f12,True,UNAVAILABLE_HISTORICAL,,,1,RIV-USE-ITEM155-134,,False,0,NO_FLAG,NOT_VALIDATED_I03,NOT_VALIDATED_I03,NOT_EXECUTED_I03,NOT_ESTABLISHED_I03,NOT_APPROVED_BY_CENSUS
RIV-TEXT-7AB8BF,TEXT,0x7AB8BF,0x7AB8D5,0x7A,0xB8BF,22,c4c5ae0ae60f600ffd39ac3cd470b127efc2c29d60a27ae720d9bc5b907d02ff,True,UNAVAILABLE_HISTORICAL,,,1,RIV-USE-ITEM155-135,,False,0,NO_FLAG,NOT_VALIDATED_I03,NOT_VALIDATED_I03,NOT_EXECUTED_I03,NOT_ESTABLISHED_I03,NOT_APPROVED_BY_CENSUS
RIV-TEXT-7AB8D5,TEXT,0x7AB8D5,0x7AB8E9,0x7A,0xB8D5,20,31c60cad0b1ea67653cb879d28ab50f05cbd5717cce6894b77454dfe7179f7a8,True,UNAVAILABLE_HISTORICAL,,,1,RIV-USE-ITEM155-136,,False,0,NO_FLAG,NOT_VALIDATED_I03,NOT_VALIDATED_I03,NOT_EXECUTED_I03,NOT_ESTABLISHED_I03,NOT_APPROVED_BY_CENSUS
RIV-TEXT-7AB8E9,TEXT,0x7AB8E9,0x7AB8F0,0x7A,0xB8E9,7,ef3adef08e0501e0a4981435f241ab3c300be79c86951e7688dc7a6410a9aba8,True,UNAVAILABLE_HISTORICAL,,,1,RIV-USE-ITEM155-137,,False,0,NO_FLAG,NOT_VALIDATED_I03,NOT_VALIDATED_I03,NOT_EXECUTED_I03,NOT_ESTABLISHED_I03,NOT_APPROVED_BY_CENSUS
RIV-TEXT-7AB8F0,TEXT,0x7AB8F0,0x7AB903,0x7A,0xB8F0,19,49933e8afd4cf6988a5cabbb6045415664d7980392ac02d2951397523173b3b6,True,UNAVAILABLE_HISTORICAL,,,1,RIV-USE-ITEM155-138,,False,0,NO_FLAG,NOT_VALIDATED_I03,NOT_VALIDATED_I03,NOT_EXECUTED_I03,NOT_ESTABLISHED_I03,NOT_APPROVED_BY_CENSUS
RIV-TEXT-7AB903,TEXT,0x7AB903,0x7AB90E,0x7A,0xB903,11,734289432dbbdbbc3c849815d835bd619979df2d55ae0d7b6e87cf01d60ae98a,True,UNAVAILABLE_HISTORICAL,,,1,RIV-USE-ITEM155-139,,False,0,NO_FLAG,NOT_VALIDATED_I03,NOT_VALIDATED_I03,NOT_EXECUTED_I03,NOT_ESTABLISHED_I03,NOT_APPROVED_BY_CENSUS
RIV-TEXT-7AB90E,TEXT,0x7AB90E,0x7AB920,0x7A,0xB90E,18,7c281a4bcbf9ca9535c4c0edc7901345abfe1510c0f0e977617354c78a89684b,True,UNAVAILABLE_HISTORICAL,,,1,RIV-USE-ITEM155-140,,False,0,NO_FLAG,NOT_VALIDATED_I03,NOT_VALIDATED_I03,NOT_EXECUTED_I03,NOT_ESTABLISHED_I03,NOT_APPROVED_BY_CENSUS
RIV-TEXT-7AB920,TEXT,0x7AB920,0x7AB936,0x7A,0xB920,22,cea0fa097dafef58a1a87bfb24b9f8d8a6aa6b05ac093fdc7a0f1c854f51cca4,True,UNAVAILABLE_HISTORICAL,,,1,RIV-USE-ITEM155-141,,False,0,NO_FLAG,NOT_VALIDATED_I03,NOT_VALIDATED_I03,NOT_EXECUTED_I03,NOT_ESTABLISHED_I03,NOT_APPROVED_BY_CENSUS
RIV-TEXT-7AB936,TEXT,0x7AB936,0x7AB94C,0x7A,0xB936,22,794780e89b0a1d28386cd131bd843f9ed8bc3476e8043d479a2737045dc0b2f2,True,UNAVAILABLE_HISTORICAL,,,1,RIV-USE-ITEM155-142,,False,0,NO_FLAG,NOT_VALIDATED_I03,NOT_VALIDATED_I03,NOT_EXECUTED_I03,NOT_ESTABLISHED_I03,NOT_APPROVED_BY_CENSUS
RIV-TEXT-7AB94C,TEXT,0x7AB94C,0x7AB962,0x7A,0xB94C,22,aee3a5e87c9b2d6f3c98e764b868bfc8c25cb7b8b664956e37d91a51d14d4994,True,UNAVAILABLE_HISTORICAL,,,1,RIV-USE-ITEM155-143,,False,0,NO_FLAG,NOT_VALIDATED_I03,NOT_VALIDATED_I03,NOT_EXECUTED_I03,NOT_ESTABLISHED_I03,NOT_APPROVED_BY_CENSUS
RIV-TEXT-7AB962,TEXT,0x7AB962,0x7AB97A,0x7A,0xB962,24,119909fedbc4d045202b76d28eb3c60e8d87dc6a3eb1c3e37d90030d42af4c99,True,UNAVAILABLE_HISTORICAL,,,1,RIV-USE-ITEM155-144,,False,0,NO_FLAG,NOT_VALIDATED_I03,NOT_VALIDATED_I03,NOT_EXECUTED_I03,NOT_ESTABLISHED_I03,NOT_APPROVED_BY_CENSUS
RIV-TEXT-7AB97A,TEXT,0x7AB97A,0x7AB98B,0x7A,0xB97A,17,ac2fd6a025316e0ec7659fdee81b32a065d5ca073dca19fa29f84df24fbf7cf4,True,UNAVAILABLE_HISTORICAL,,,1,RIV-USE-ITEM155-145,,False,0,NO_FLAG,NOT_VALIDATED_I03,NOT_VALIDATED_I03,NOT_EXECUTED_I03,NOT_ESTABLISHED_I03,NOT_APPROVED_BY_CENSUS
RIV-TEXT-7AB98B,TEXT,0x7AB98B,0x7AB998,0x7A,0xB98B,13,e56fdb2bb5e21266bc2fcbfce0ec619f2ea8fed982e59527ccecc5e878ef5c6d,True,UNAVAILABLE_HISTORICAL,,,1,RIV-USE-ITEM155-146,,False,0,NO_FLAG,NOT_VALIDATED_I03,NOT_VALIDATED_I03,NOT_EXECUTED_I03,NOT_ESTABLISHED_I03,NOT_APPROVED_BY_CENSUS
RIV-TEXT-7AB998,TEXT,0x7AB998,0x7AB9A5,0x7A,0xB998,13,cc1efa2d9848feb65f62e202c8287a606ec8cf9523d6da8074ab864ffbf551cb,True,UNAVAILABLE_HISTORICAL,,,1,RIV-USE-ITEM155-147,,False,0,NO_FLAG,NOT_VALIDATED_I03,NOT_VALIDATED_I03,NOT_EXECUTED_I03,NOT_ESTABLISHED_I03,NOT_APPROVED_BY_CENSUS
RIV-TEXT-7AB9A5,TEXT,0x7AB9A5,0x7AB9AE,0x7A,0xB9A5,9,56d1a906bf0c844ec97f5efe7e936bc1b94d551e54cd4208ca23698dff481040,True,UNAVAILABLE_HISTORICAL,,,1,RIV-USE-ITEM155-148,,False,0,NO_FLAG,NOT_VALIDATED_I03,NOT_VALIDATED_I03,NOT_EXECUTED_I03,NOT_ESTABLISHED_I03,NOT_APPROVED_BY_CENSUS
RIV-TEXT-7AB9AE,TEXT,0x7AB9AE,0x7AB9C1,0x7A,0xB9AE,19,b338912101dfde1fe349e1c05ecd757f6cb493c3bf1e21ceac7aa96979378c5a,True,UNAVAILABLE_HISTORICAL,,,1,RIV-USE-ITEM155-149,,False,0,NO_FLAG,NOT_VALIDATED_I03,NOT_VALIDATED_I03,NOT_EXECUTED_I03,NOT_ESTABLISHED_I03,NOT_APPROVED_BY_CENSUS
RIV-TEXT-7AB9C1,TEXT,0x7AB9C1,0x7AB9D7,0x7A,0xB9C1,22,4f4212c1d226e022aa0da56052f51ba188236ff6cd2247ba4070698a893eac5c,True,UNAVAILABLE_HISTORICAL,,,1,RIV-USE-ITEM155-150,,False,0,NO_FLAG,NOT_VALIDATED_I03,NOT_VALIDATED_I03,NOT_EXECUTED_I03,NOT_ESTABLISHED_I03,NOT_APPROVED_BY_CENSUS
RIV-TEXT-7AB9D7,TEXT,0x7AB9D7,0x7AB9F1,0x7A,0xB9D7,26,a0485eba9ffd97239b28e8aed5a31998b8d49831a1c6247f8800e4068898a906,True,UNAVAILABLE_HISTORICAL,,,1,RIV-USE-ITEM155-151,,False,0,NO_FLAG,NOT_VALIDATED_I03,NOT_VALIDATED_I03,NOT_EXECUTED_I03,NOT_ESTABLISHED_I03,NOT_APPROVED_BY_CENSUS
RIV-TEXT-7AB9F1,TEXT,0x7AB9F1,0x7ABA09,0x7A,0xB9F1,24,4b9147d7419e1d6215bf82c1263649406e49f08c80d943b581b62ebe63d6fd53,True,UNAVAILABLE_HISTORICAL,,,1,RIV-USE-ITEM155-152,,False,0,NO_FLAG,NOT_VALIDATED_I03,NOT_VALIDATED_I03,NOT_EXECUTED_I03,NOT_ESTABLISHED_I03,NOT_APPROVED_BY_CENSUS
RIV-TEXT-7ABA09,TEXT,0x7ABA09,0x7ABA23,0x7A,0xBA09,26,c1734bb7ac3ee4a4b0715c06cc5cc925fbd8e8b3b5a4cae60839e7314bf84f6f,True,UNAVAILABLE_HISTORICAL,,,1,RIV-USE-ITEM155-153,,False,0,NO_FLAG,NOT_VALIDATED_I03,NOT_VALIDATED_I03,NOT_EXECUTED_I03,NOT_ESTABLISHED_I03,NOT_APPROVED_BY_CENSUS
RIV-TEXT-7ABA23,TEXT,0x7ABA23,0x7ABA3D,0x7A,0xBA23,26,490517d7fa89993e42035ae9d44030987422db2174e70e6aa09c944470b0f0b9,True,UNAVAILABLE_HISTORICAL,,,1,RIV-USE-ITEM155-154,,False,0,NO_FLAG,NOT_VALIDATED_I03,NOT_VALIDATED_I03,NOT_EXECUTED_I03,NOT_ESTABLISHED_I03,NOT_APPROVED_BY_CENSUS
RIV-TEXT-7ABA3D,TEXT,0x7ABA3D,0x7ABA48,0x7A,0xBA3D,11,b6f37142fc2c34f1682867b28940db8fd569783402a5b7e264c0ff6765afd074,True,UNAVAILABLE_HISTORICAL,Slash,SKILL_CENSUS.json,23,RIV-USE-SKILLS2064-0;RIV-USE-SKILLS2064-1;RIV-USE-SKILLS2064-3;RIV-USE-SKILLS2064-8;RIV-USE-SKILLS2064-14;RIV-USE-SKILLS2064-20;RIV-USE-SKILLS2064-26;RIV-USE-SKILLS2064-32;RIV-USE-SKILLS2064-51;RIV-USE-SKILLS2064-60;RIV-USE-SKILLS2064-69;RIV-USE-SKILLS2064-78;RIV-USE-SKILLS2064-87;RIV-USE-SKILLS2064-96;RIV-USE-SKILLS2064-309;RIV-USE-SKILLS2064-318;RIV-USE-SKILLS2064-327;RIV-USE-SKILLS2064-336;RIV-USE-SKILLS2064-345;RIV-USE-SKILLS2064-989;RIV-USE-SKILLS2064-995;RIV-USE-SKILLS2064-1001;RIV-USE-SKILLS2064-1007,RIV-CONS-729300;RIV-CONS-745AAD,False,30,NO_FLAG,NOT_VALIDATED_I03,NOT_VALIDATED_I03,NOT_EXECUTED_I03,SOURCE_LABEL_AVAILABLE,NOT_APPROVED_BY_CENSUS
RIV-TEXT-7ABA48,TEXT,0x7ABA48,0x7ABA60,0x7A,0xBA48,24,ca83d4a3bf9c9bef2d83bc9fd5c1b7eca851a5c07df1b125ea4e72f477cfa6ea,True,UNAVAILABLE_HISTORICAL,Double Slash,SKILL_CENSUS.json,1,RIV-USE-SKILLS2064-2,RIV-CONS-729300;RIV-CONS-745AAD,False,69,NO_FLAG,NOT_VALIDATED_I03,NOT_VALIDATED_I03,NOT_EXECUTED_I03,SOURCE_LABEL_AVAILABLE,NOT_APPROVED_BY_CENSUS
RIV-TEXT-7ABA60,TEXT,0x7ABA60,0x7ABA6B,0x7A,0xBA60,11,78d97c1dddfc234b7f6ee80fd365fa486853d2c9d97c44ff00ac9f933faf8313,True,UNAVAILABLE_HISTORICAL,Throw,SKILL_CENSUS.json,236,RIV-USE-SKILLS2064-4;RIV-USE-SKILLS2064-5;RIV-USE-SKILLS2064-6;RIV-USE-SKILLS2064-7;RIV-USE-SKILLS2064-10;RIV-USE-SKILLS2064-11;RIV-USE-SKILLS2064-12;RIV-USE-SKILLS2064-13;RIV-USE-SKILLS2064-16;RIV-USE-SKILLS2064-17;RIV-USE-SKILLS2064-18;RIV-USE-SKILLS2064-19;RIV-USE-SKILLS2064-22;RIV-USE-SKILLS2064-23;RIV-USE-SKILLS2064-24;RIV-USE-SKILLS2064-25;RIV-USE-SKILLS2064-28;RIV-USE-SKILLS2064-29;RIV-USE-SKILLS2064-30;RIV-USE-SKILLS2064-31;RIV-USE-SKILLS2064-34;RIV-USE-SKILLS2064-35;RIV-USE-SKILLS2064-36;RIV-USE-SKILLS2064-37;RIV-USE-SKILLS2064-42;RIV-USE-SKILLS2064-43;RIV-USE-SKILLS2064-44;RIV-USE-SKILLS2064-45;RIV-USE-SKILLS2064-47;RIV-USE-SKILLS2064-48;RIV-USE-SKILLS2064-49;RIV-USE-SKILLS2064-50;RIV-USE-SKILLS2064-57;RIV-USE-SKILLS2064-66;RIV-USE-SKILLS2064-75;RIV-USE-SKILLS2064-84;RIV-USE-SKILLS2064-93;RIV-USE-SKILLS2064-102;RIV-USE-SKILLS2064-111;RIV-USE-SKILLS2064-120;RIV-USE-SKILLS2064-129;RIV-USE-SKILLS2064-138;RIV-USE-SKILLS2064-147;RIV-USE-SKILLS2064-156;RIV-USE-SKILLS2064-163;RIV-USE-SKILLS2064-172;RIV-USE-SKILLS2064-181;RIV-USE-SKILLS2064-190;RIV-USE-SKILLS2064-199;RIV-USE-SKILLS2064-208;RIV-USE-SKILLS2064-215;RIV-USE-SKILLS2064-220;RIV-USE-SKILLS2064-223;RIV-USE-SKILLS2064-228;RIV-USE-SKILLS2064-231;RIV-USE-SKILLS2064-236;RIV-USE-SKILLS2064-239;RIV-USE-SKILLS2064-244;RIV-USE-SKILLS2064-247;RIV-USE-SKILLS2064-252;RIV-USE-SKILLS2064-255;RIV-USE-SKILLS2064-260;RIV-USE-SKILLS2064-265;RIV-USE-SKILLS2064-266;RIV-USE-SKILLS2064-273;RIV-USE-SKILLS2064-274;RIV-USE-SKILLS2064-281;RIV-USE-SKILLS2064-282;RIV-USE-SKILLS2064-289;RIV-USE-SKILLS2064-290;RIV-USE-SKILLS2064-297;RIV-USE-SKILLS2064-298;RIV-USE-SKILLS2064-305;RIV-USE-SKILLS2064-306;RIV-USE-SKILLS2064-311;RIV-USE-SKILLS2064-320;RIV-USE-SKILLS2064-329;RIV-USE-SKILLS2064-338;RIV-USE-SKILLS2064-347;RIV-USE-SKILLS2064-354;RIV-USE-SKILLS2064-361;RIV-USE-SKILLS2064-362;RIV-USE-SKILLS2064-369;RIV-USE-SKILLS2064-370;RIV-USE-SKILLS2064-377;RIV-USE-SKILLS2064-378;RIV-USE-SKILLS2064-385;RIV-USE-SKILLS2064-386;RIV-USE-SKILLS2064-387;RIV-USE-SKILLS2064-392;RIV-USE-SKILLS2064-393;RIV-USE-SKILLS2064-394;RIV-USE-SKILLS2064-399;RIV-USE-SKILLS2064-400;RIV-USE-SKILLS2064-401;RIV-USE-SKILLS2064-406;RIV-USE-SKILLS2064-407;RIV-USE-SKILLS2064-408;RIV-USE-SKILLS2064-413;RIV-USE-SKILLS2064-414;RIV-USE-SKILLS2064-417;RIV-USE-SKILLS2064-422;RIV-USE-SKILLS2064-425;RIV-USE-SKILLS2064-430;RIV-USE-SKILLS2064-433;RIV-USE-SKILLS2064-438;RIV-USE-SKILLS2064-441;RIV-USE-SKILLS2064-446;RIV-USE-SKILLS2064-447;RIV-USE-SKILLS2064-450;RIV-USE-SKILLS2064-452;RIV-USE-SKILLS2064-453;RIV-USE-SKILLS2064-454;RIV-USE-SKILLS2064-456;RIV-USE-SKILLS2064-457;RIV-USE-SKILLS2064-458;RIV-USE-SKILLS2064-461;RIV-USE-SKILLS2064-462;RIV-USE-SKILLS2064-465;RIV-USE-SKILLS2064-466;RIV-USE-SKILLS2064-468;RIV-USE-SKILLS2064-469;RIV-USE-SKILLS2064-481;RIV-USE-SKILLS2064-483;RIV-USE-SKILLS2064-484;RIV-USE-SKILLS2064-485;RIV-USE-SKILLS2064-487;RIV-USE-SKILLS2064-488;RIV-USE-SKILLS2064-489;RIV-USE-SKILLS2064-490;RIV-USE-SKILLS2064-492;RIV-USE-SKILLS2064-493;RIV-USE-SKILLS2064-494;RIV-USE-SKILLS2064-495;RIV-USE-SKILLS2064-496;RIV-USE-SKILLS2064-498;RIV-USE-SKILLS2064-499;RIV-USE-SKILLS2064-501;RIV-USE-SKILLS2064-503;RIV-USE-SKILLS2064-504;RIV-USE-SKILLS2064-506;RIV-USE-SKILLS2064-508;RIV-USE-SKILLS2064-509;RIV-USE-SKILLS2064-511;RIV-USE-SKILLS2064-512;RIV-USE-SKILLS2064-513;RIV-USE-SKILLS2064-514;RIV-USE-SKILLS2064-516;RIV-USE-SKILLS2064-517;RIV-USE-SKILLS2064-518;RIV-USE-SKILLS2064-519;RIV-USE-SKILLS2064-523;RIV-USE-SKILLS2064-524;RIV-USE-SKILLS2064-526;RIV-USE-SKILLS2064-528;RIV-USE-SKILLS2064-529;RIV-USE-SKILLS2064-530;RIV-USE-SKILLS2064-531;RIV-USE-SKILLS2064-533;RIV-USE-SKILLS2064-534;RIV-USE-SKILLS2064-535;RIV-USE-SKILLS2064-536;RIV-USE-SKILLS2064-538;RIV-USE-SKILLS2064-539;RIV-USE-SKILLS2064-540;RIV-USE-SKILLS2064-541;RIV-USE-SKILLS2064-543;RIV-USE-SKILLS2064-544;RIV-USE-SKILLS2064-545;RIV-USE-SKILLS2064-546;RIV-USE-SKILLS2064-548;RIV-USE-SKILLS2064-549;RIV-USE-SKILLS2064-551;RIV-USE-SKILLS2064-553;RIV-USE-SKILLS2064-554;RIV-USE-SKILLS2064-556;RIV-USE-SKILLS2064-558;RIV-USE-SKILLS2064-559;RIV-USE-SKILLS2064-561;RIV-USE-SKILLS2064-562;RIV-USE-SKILLS2064-563;RIV-USE-SKILLS2064-564;RIV-USE-SKILLS2064-567;RIV-USE-SKILLS2064-568;RIV-USE-SKILLS2064-569;RIV-USE-SKILLS2064-572;RIV-USE-SKILLS2064-573;RIV-USE-SKILLS2064-574;RIV-USE-SKILLS2064-576;RIV-USE-SKILLS2064-577;RIV-USE-SKILLS2064-578;RIV-USE-SKILLS2064-579;RIV-USE-SKILLS2064-581;RIV-USE-SKILLS2064-582;RIV-USE-SKILLS2064-583;RIV-USE-SKILLS2064-584;RIV-USE-SKILLS2064-586;RIV-USE-SKILLS2064-587;RIV-USE-SKILLS2064-588;RIV-USE-SKILLS2064-589;RIV-USE-SKILLS2064-591;RIV-USE-SKILLS2064-612;RIV-USE-SKILLS2064-614;RIV-USE-SKILLS2064-615;RIV-USE-SKILLS2064-616;RIV-USE-SKILLS2064-637;RIV-USE-SKILLS2064-638;RIV-USE-SKILLS2064-639;RIV-USE-SKILLS2064-640;RIV-USE-SKILLS2064-641;RIV-USE-SKILLS2064-673;RIV-USE-SKILLS2064-712;RIV-USE-SKILLS2064-713;RIV-USE-SKILLS2064-714;RIV-USE-SKILLS2064-718;RIV-USE-SKILLS2064-724;RIV-USE-SKILLS2064-725;RIV-USE-SKILLS2064-839;RIV-USE-SKILLS2064-840;RIV-USE-SKILLS2064-841;RIV-USE-SKILLS2064-843;RIV-USE-SKILLS2064-873;RIV-USE-SKILLS2064-884;RIV-USE-SKILLS2064-890;RIV-USE-SKILLS2064-893;RIV-USE-SKILLS2064-894;RIV-USE-SKILLS2064-896;RIV-USE-SKILLS2064-928;RIV-USE-SKILLS2064-934;RIV-USE-SKILLS2064-968;RIV-USE-SKILLS2064-973;RIV-USE-SKILLS2064-978;RIV-USE-SKILLS2064-1014;RIV-USE-SKILLS2064-1020;RIV-USE-SKILLS2064-1026;RIV-USE-SKILLS2064-1032,RIV-CONS-729300;RIV-CONS-745AAD,False,30,NO_FLAG,NOT_VALIDATED_I03,NOT_VALIDATED_I03,NOT_EXECUTED_I03,SOURCE_LABEL_AVAILABLE,NOT_APPROVED_BY_CENSUS
RIV-TEXT-7ABA6B,TEXT,0x7ABA6B,0x7ABA7E,0x7A,0xBA6B,19,6fa5539a24f7a1122ac7ff091ddcdc0fc94974fa8dea2157b006caa2a943817f,True,UNAVAILABLE_HISTORICAL,Disaresta,SKILL_CENSUS.json,5,RIV-USE-SKILLS2064-9;RIV-USE-SKILLS2064-15;RIV-USE-SKILLS2064-21;RIV-USE-SKILLS2064-27;RIV-USE-SKILLS2064-33,RIV-CONS-729300;RIV-CONS-745AAD,False,54,NO_FLAG,NOT_VALIDATED_I03,NOT_VALIDATED_I03,NOT_EXECUTED_I03,SOURCE_LABEL_AVAILABLE,NOT_APPROVED_BY_CENSUS
RIV-TEXT-7ABA7E,TEXT,0x7ABA7E,0x7ABA87,0x7A,0xBA7E,9,c0423fd5b77e8cae54bd37ea0001d615a12f65f7002e7282138bb1ef677a9826,True,UNAVAILABLE_HISTORICAL,Fire,SKILL_CENSUS.json,1,RIV-USE-SKILLS2064-38,RIV-CONS-729300;RIV-CONS-745AAD,False,24,NO_FLAG,NOT_VALIDATED_I03,NOT_VALIDATED_I03,NOT_EXECUTED_I03,SOURCE_LABEL_AVAILABLE,NOT_APPROVED_BY_CENSUS
RIV-TEXT-7ABA87,TEXT,0x7ABA87,0x7ABA94,0x7A,0xBA87,13,55b8a3a2ee92b4f70d904b32a8e992bf688f38bd0b2938a447204cd058821bad,True,UNAVAILABLE_HISTORICAL,Divide,SKILL_CENSUS.json,1,RIV-USE-SKILLS2064-39,RIV-CONS-729300;RIV-CONS-745AAD,False,36,NO_FLAG,NOT_VALIDATED_I03,NOT_VALIDATED_I03,NOT_EXECUTED_I03,SOURCE_LABEL_AVAILABLE,NOT_APPROVED_BY_CENSUS
RIV-TEXT-7ABA94,TEXT,0x7ABA94,0x7ABAAA,0x7A,0xBA94,22,f2e4292454559fe2f4a14856a2d8548acff9a2ce11a2f531d5cf50c9999c47bf,True,UNAVAILABLE_HISTORICAL,Lost Seraph,SKILL_CENSUS.json,1,RIV-USE-SKILLS2064-40,RIV-CONS-729300;RIV-CONS-745AAD,False,63,NO_FLAG,NOT_VALIDATED_I03,NOT_VALIDATED_I03,NOT_EXECUTED_I03,SOURCE_LABEL_AVAILABLE,NOT_APPROVED_BY_CENSUS
RIV-TEXT-7ABAAA,TEXT,0x7ABAAA,0x7ABAC4,0x7A,0xBAAA,26,f63fa2875ce20cc50de3aee7defc27ec20ffd295a3cccb6d6dbc40eacea3c73f,True,UNAVAILABLE_HISTORICAL,Shining Flare,SKILL_CENSUS.json,1,RIV-USE-SKILLS2064-41,RIV-CONS-729300;RIV-CONS-745AAD,False,75,NO_FLAG,NOT_VALIDATED_I03,NOT_VALIDATED_I03,NOT_EXECUTED_I03,SOURCE_LABEL_AVAILABLE,NOT_APPROVED_BY_CENSUS
RIV-TEXT-7ABAC4,TEXT,0x7ABAC4,0x7ABAD8,0x7A,0xBAC4,20,3cbf1e89e684392f444a3c6ea895f26f509007bd97607d8a6b9fbd197c366837,True,UNAVAILABLE_HISTORICAL,Misty Mist,SKILL_CENSUS.json,1,RIV-USE-SKILLS2064-46,RIV-CONS-729300;RIV-CONS-745AAD,False,57,NO_FLAG,NOT_VALIDATED_I03,NOT_VALIDATED_I03,NOT_EXECUTED_I03,SOURCE_LABEL_AVAILABLE,NOT_APPROVED_BY_CENSUS
RIV-TEXT-7ABAD8,TEXT,0x7ABAD8,0x7ABAEE,0x7A,0xBAD8,22,55fb9d9ba142e0bd1de40458e4926bd668c57c5525938c57c1094d15cbf82133,True,UNAVAILABLE_HISTORICAL,Sword Blitz,SKILL_CENSUS.json,1,RIV-USE-SKILLS2064-52,RIV-CONS-729300;RIV-CONS-745AAD,False,63,NO_FLAG,NOT_VALIDATED_I03,NOT_VALIDATED_I03,NOT_EXECUTED_I03,SOURCE_LABEL_AVAILABLE,NOT_APPROVED_BY_CENSUS
RIV-TEXT-7ABAEE,TEXT,0x7ABAEE,0x7ABB04,0x7A,0xBAEE,22,7584cb5ed8b46d1f72a9be314ac9f77670035631a9b57f5cd6b08bf249d7f982,True,UNAVAILABLE_HISTORICAL,Magic Blade,SKILL_CENSUS.json,6,RIV-USE-SKILLS2064-53;RIV-USE-SKILLS2064-62;RIV-USE-SKILLS2064-71;RIV-USE-SKILLS2064-80;RIV-USE-SKILLS2064-89;RIV-USE-SKILLS2064-98,RIV-CONS-729300;RIV-CONS-745AAD,False,63,NO_FLAG,NOT_VALIDATED_I03,NOT_VALIDATED_I03,NOT_EXECUTED_I03,SOURCE_LABEL_AVAILABLE,NOT_APPROVED_BY_CENSUS
RIV-TEXT-7ABB04,TEXT,0x7ABB04,0x7ABB18,0x7A,0xBB04,20,b4e74915c58d7215a16a16ef8c7036720d0a1fa8e5ee2fe34b9c42f3c6329adb,True,UNAVAILABLE_HISTORICAL,Blade Shot,SKILL_CENSUS.json,1,RIV-USE-SKILLS2064-54,RIV-CONS-729300;RIV-CONS-745AAD,False,57,NO_FLAG,NOT_VALIDATED_I03,NOT_VALIDATED_I03,NOT_EXECUTED_I03,SOURCE_LABEL_AVAILABLE,NOT_APPROVED_BY_CENSUS
RIV-TEXT-7ABB18,TEXT,0x7ABB18,0x7ABB2C,0x7A,0xBB18,20,7eecba27fc96a8e2db7d557ab42ae42658240fa44ee28e978e74ef0f305cd51a,True,UNAVAILABLE_HISTORICAL,Mage Slash,SKILL_CENSUS.json,6,RIV-USE-SKILLS2064-55;RIV-USE-SKILLS2064-64;RIV-USE-SKILLS2064-73;RIV-USE-SKILLS2064-82;RIV-USE-SKILLS2064-91;RIV-USE-SKILLS2064-100,RIV-CONS-729300;RIV-CONS-745AAD,False,57,NO_FLAG,NOT_VALIDATED_I03,NOT_VALIDATED_I03,NOT_EXECUTED_I03,SOURCE_LABEL_AVAILABLE,NOT_APPROVED_BY_CENSUS
RIV-TEXT-7ABB2C,TEXT,0x7ABB2C,0x7ABB42,0x7A,0xBB2C,22,cf1a956812e92087ab496554200e5810d9041130594f4b24a0e5cf0ba5b22a5f,True,UNAVAILABLE_HISTORICAL,Mage Stream,SKILL_CENSUS.json,1,RIV-USE-SKILLS2064-56,RIV-CONS-729300;RIV-CONS-745AAD,False,63,NO_FLAG,NOT_VALIDATED_I03,NOT_VALIDATED_I03,NOT_EXECUTED_I03,SOURCE_LABEL_AVAILABLE,NOT_APPROVED_BY_CENSUS
RIV-TEXT-7ABB42,TEXT,0x7ABB42,0x7ABB5A,0x7A,0xBB42,24,2f6ab2f373775164a1e782db31d846283e90ba4f64c236b3f4be89d8127a6d39,True,UNAVAILABLE_HISTORICAL,Slash Upward,SKILL_CENSUS.json,6,RIV-USE-SKILLS2064-58;RIV-USE-SKILLS2064-67;RIV-USE-SKILLS2064-76;RIV-USE-SKILLS2064-85;RIV-USE-SKILLS2064-94;RIV-USE-SKILLS2064-103,RIV-CONS-729300;RIV-CONS-745AAD,False,69,NO_FLAG,NOT_VALIDATED_I03,NOT_VALIDATED_I03,NOT_EXECUTED_I03,SOURCE_LABEL_AVAILABLE,NOT_APPROVED_BY_CENSUS
RIV-TEXT-7ABB5A,TEXT,0x7ABB5A,0x7ABB74,0x7A,0xBB5A,26,ff5b47e75cab06746eec045255c6aa657223e715afd547dace6add4b3633cf2b,True,UNAVAILABLE_HISTORICAL,Critical Edge,SKILL_CENSUS.json,1,RIV-USE-SKILLS2064-59,RIV-CONS-729300;RIV-CONS-745AAD,False,75,NO_FLAG,NOT_VALIDATED_I03,NOT_VALIDATED_I03,NOT_EXECUTED_I03,SOURCE_LABEL_AVAILABLE,NOT_APPROVED_BY_CENSUS
RIV-TEXT-7ABB74,TEXT,0x7ABB74,0x7ABB8A,0x7A,0xBB74,22,b71b869541eebdb2eb8c61fae6ac135bc4f67804e47c1c3dd4f3db95564a78ff,True,UNAVAILABLE_HISTORICAL,Flame Slash,SKILL_CENSUS.json,1,RIV-USE-SKILLS2064-61,RIV-CONS-729300;RIV-CONS-745AAD,False,63,NO_FLAG,NOT_VALIDATED_I03,NOT_VALIDATED_I03,NOT_EXECUTED_I03,SOURCE_LABEL_AVAILABLE,NOT_APPROVED_BY_CENSUS
RIV-TEXT-7ABB8A,TEXT,0x7ABB8A,0x7ABB9E,0x7A,0xBB8A,20,58a2edf59f1e2ccb411961c88b792dda1f8d183708a653eb611daceab0f1bc37,True,UNAVAILABLE_HISTORICAL,Fire Blade,SKILL_CENSUS.json,1,RIV-USE-SKILLS2064-63,RIV-CONS-729300;RIV-CONS-745AAD,False,57,NO_FLAG,NOT_VALIDATED_I03,NOT_VALIDATED_I03,NOT_EXECUTED_I03,SOURCE_LABEL_AVAILABLE,NOT_APPROVED_BY_CENSUS
RIV-TEXT-7ABB9E,TEXT,0x7ABB9E,0x7ABBBA,0x7A,0xBB9E,28,dd755b64d9dad3295fd5d33fcecbad52df8700195b66ac46ecbfb7b8ba8a050c,True,UNAVAILABLE_HISTORICAL,Volcano Strike,SKILL_CENSUS.json,1,RIV-USE-SKILLS2064-65,RIV-CONS-729300;RIV-CONS-745AAD,False,81,NO_FLAG,NOT_VALIDATED_I03,NOT_VALIDATED_I03,NOT_EXECUTED_I03,SOURCE_LABEL_AVAILABLE,NOT_APPROVED_BY_CENSUS
RIV-TEXT-7ABBBA,TEXT,0x7ABBBA,0x7ABBD6,0x7A,0xBBBA,28,a597f6c53fec30700a56a7c14b3b179bfa21df7ef8b57d309db6ddcfbde7554e,True,UNAVAILABLE_HISTORICAL,Vertical Flare,SKILL_CENSUS.json,1,RIV-USE-SKILLS2064-68,RIV-CONS-729300;RIV-CONS-745AAD,False,81,NO_FLAG,NOT_VALIDATED_I03,NOT_VALIDATED_I03,NOT_EXECUTED_I03,SOURCE_LABEL_AVAILABLE,NOT_APPROVED_BY_CENSUS
RIV-TEXT-7ABBD6,TEXT,0x7ABBD6,0x7ABBF6,0x7A,0xBBD6,32,4beda2bd2b402675357e7d49360b65b041e24995ce3465f8f0617f7db9c3ae15,True,UNAVAILABLE_HISTORICAL,Lightning Strike,SKILL_CENSUS.json,1,RIV-USE-SKILLS2064-70,RIV-CONS-729300;RIV-CONS-745AAD,False,93,NO_FLAG,NOT_VALIDATED_I03,NOT_VALIDATED_I03,NOT_EXECUTED_I03,SOURCE_LABEL_AVAILABLE,NOT_APPROVED_BY_CENSUS
RIV-TEXT-7ABBF6,TEXT,0x7ABBF6,0x7ABC10,0x7A,0xBBF6,26,e9be86250fd636638f02d77c94f5fc889cbe8ac4a1cfe7b0888e998153642ca5,True,UNAVAILABLE_HISTORICAL,Thunder Blade,SKILL_CENSUS.json,1,RIV-USE-SKILLS2064-72,RIV-CONS-729300;RIV-CONS-745AAD,False,75,NO_FLAG,NOT_VALIDATED_I03,NOT_VALIDATED_I03,NOT_EXECUTED_I03,SOURCE_LABEL_AVAILABLE,NOT_APPROVED_BY_CENSUS
RIV-TEXT-7ABC10,TEXT,0x7ABC10,0x7ABC28,0x7A,0xBC10,24,442dd8c234bf9a65ce7e9302ecd91d66ed46f46227eaa1289417b3cc5154cf46,True,UNAVAILABLE_HISTORICAL,High Voltage,SKILL_CENSUS.json,1,RIV-USE-SKILLS2064-74,RIV-CONS-729300;RIV-CONS-745AAD,False,69,NO_FLAG,NOT_VALIDATED_I03,NOT_VALIDATED_I03,NOT_EXECUTED_I03,SOURCE_LABEL_AVAILABLE,NOT_APPROVED_BY_CENSUS
RIV-TEXT-7ABC28,TEXT,0x7ABC28,0x7ABC3C,0x7A,0xBC28,20,5132285c8026b4039cce145464e3696bbb2f6359445090dcdd729694bb093f88,True,UNAVAILABLE_HISTORICAL,Spark Edge,SKILL_CENSUS.json,1,RIV-USE-SKILLS2064-77,RIV-CONS-729300;RIV-CONS-745AAD,False,57,NO_FLAG,NOT_VALIDATED_I03,NOT_VALIDATED_I03,NOT_EXECUTED_I03,SOURCE_LABEL_AVAILABLE,NOT_APPROVED_BY_CENSUS
RIV-TEXT-7ABC3C,TEXT,0x7ABC3C,0x7ABC54,0x7A,0xBC3C,24,54e4d7ef79c99c891971ca6022cc8ea1869d63d5ae6bf8c2e80fddb76ecb6134,True,UNAVAILABLE_HISTORICAL,Earth Shaker,SKILL_CENSUS.json,1,RIV-USE-SKILLS2064-79,RIV-CONS-729300;RIV-CONS-745AAD,False,69,NO_FLAG,NOT_VALIDATED_I03,NOT_VALIDATED_I03,NOT_EXECUTED_I03,SOURCE_LABEL_AVAILABLE,NOT_APPROVED_BY_CENSUS
RIV-TEXT-7ABC54,TEXT,0x7ABC54,0x7ABC6E,0x7A,0xBC54,26,6415e23159c1833ec72e14369cc65eb37c38a939b6f76cef3d62a586902ad72a,True,UNAVAILABLE_HISTORICAL,Mithril Blade,SKILL_CENSUS.json,1,RIV-USE-SKILLS2064-81,RIV-CONS-729300;RIV-CONS-745AAD,False,75,NO_FLAG,NOT_VALIDATED_I03,NOT_VALIDATED_I03,NOT_EXECUTED_I03,SOURCE_LABEL_AVAILABLE,NOT_APPROVED_BY_CENSUS
RIV-TEXT-7ABC6E,TEXT,0x7ABC6E,0x7ABC86,0x7A,0xBC6E,24,7445479e06ca6eba324a457602998f00d6f51e84aa439a9bdc12f8d9e0c71fbf,True,UNAVAILABLE_HISTORICAL,Bone Breaker,SKILL_CENSUS.json,1,RIV-USE-SKILLS2064-83,RIV-CONS-729300;RIV-CONS-745AAD,False,69,NO_FLAG,NOT_VALIDATED_I03,NOT_VALIDATED_I03,NOT_EXECUTED_I03,SOURCE_LABEL_AVAILABLE,NOT_APPROVED_BY_CENSUS
RIV-TEXT-7ABC86,TEXT,0x7ABC86,0x7ABC9C,0x7A,0xBC86,22,c64395e9f2eff18382b01f85606ff23c0f2e404cf9f3d1b97e96dd02681a906b,True,UNAVAILABLE_HISTORICAL,Rising Edge,SKILL_CENSUS.json,1,RIV-USE-SKILLS2064-86,RIV-CONS-729300;RIV-CONS-745AAD,False,63,NO_FLAG,NOT_VALIDATED_I03,NOT_VALIDATED_I03,NOT_EXECUTED_I03,SOURCE_LABEL_AVAILABLE,NOT_APPROVED_BY_CENSUS
RIV-TEXT-7ABC9C,TEXT,0x7ABC9C,0x7ABCAE,0x7A,0xBC9C,18,c9812f084ec6aa8f8af8fbd458204a9040b7b3c0e049118075d035eea73b2279,True,UNAVAILABLE_HISTORICAL,Mimic Ray,SKILL_CENSUS.json,1,RIV-USE-SKILLS2064-88,RIV-CONS-729300;RIV-CONS-745AAD,False,51,NO_FLAG,NOT_VALIDATED_I03,NOT_VALIDATED_I03,NOT_EXECUTED_I03,SOURCE_LABEL_AVAILABLE,NOT_APPROVED_BY_CENSUS
RIV-TEXT-7ABCAE,TEXT,0x7ABCAE,0x7ABCC6,0x7A,0xBCAE,24,6e06c9e6e7045c96072e7a1c956f1ab9065b1112bde6a7aa9b4fdf2643da163d,True,UNAVAILABLE_HISTORICAL,Plasma Blade,SKILL_CENSUS.json,1,RIV-USE-SKILLS2064-90,RIV-CONS-729300;RIV-CONS-745AAD,False,69,NO_FLAG,NOT_VALIDATED_I03,NOT_VALIDATED_I03,NOT_EXECUTED_I03,SOURCE_LABEL_AVAILABLE,NOT_APPROVED_BY_CENSUS
RIV-TEXT-7ABCC6,TEXT,0x7ABCC6,0x7ABCDC,0x7A,0xBCC6,22,cfd6bb408f780ea9adb325c114c781e36066c8b0c38d63df177cb81d93f867a3,True,UNAVAILABLE_HISTORICAL,Voltek Wave,SKILL_CENSUS.json,1,RIV-USE-SKILLS2064-92,RIV-CONS-729300;RIV-CONS-745AAD,False,63,NO_FLAG,NOT_VALIDATED_I03,NOT_VALIDATED_I03,NOT_EXECUTED_I03,SOURCE_LABEL_AVAILABLE,NOT_APPROVED_BY_CENSUS
RIV-TEXT-7ABCDC,TEXT,0x7ABCDC,0x7ABCF0,0x7A,0xBCDC,20,23e0084a2b57c9604c3ed6f8d67212939b43c8c61b40a7d565f3be8d7724a317,True,UNAVAILABLE_HISTORICAL,Ether Edge,SKILL_CENSUS.json,1,RIV-USE-SKILLS2064-95,RIV-CONS-729300;RIV-CONS-745AAD,False,57,NO_FLAG,NOT_VALIDATED_I03,NOT_VALIDATED_I03,NOT_EXECUTED_I03,SOURCE_LABEL_AVAILABLE,NOT_APPROVED_BY_CENSUS
RIV-TEXT-7ABCF0,TEXT,0x7ABCF0,0x7ABD10,0x7A,0xBCF0,32,35e6dcc3259f1a12f61c5fae3fce59ce491adf43a8b3e05fcd9c7182fa57d322,True,UNAVAILABLE_HISTORICAL,Divine Ascension,SKILL_CENSUS.json;RIBBON_ALIASES.json,2,RIV-USE-SKILLS2064-97;RIV-USE-RIBBON_ALIAS-BCF0,RIV-CONS-729300;RIV-CONS-72D000;RIV-CONS-745AAD,True,93,NO_FLAG,NOT_VALIDATED_I03,NOT_VALIDATED_I03,NOT_EXECUTED_I03,SOURCE_LABEL_AVAILABLE,NOT_APPROVED_BY_CENSUS
RIV-TEXT-7ABD10,TEXT,0x7ABD10,0x7ABD26,0x7A,0xBD10,22,3a4ad9d7928f3af7bc9bf8f9d2c4916ec00ae5313e978b1881a5406dcda907a3,True,UNAVAILABLE_HISTORICAL,Hyper Blade,SKILL_CENSUS.json,1,RIV-USE-SKILLS2064-99,RIV-CONS-729300;RIV-CONS-745AAD,False,63,NO_FLAG,NOT_VALIDATED_I03,NOT_VALIDATED_I03,NOT_EXECUTED_I03,SOURCE_LABEL_AVAILABLE,NOT_APPROVED_BY_CENSUS
RIV-TEXT-7ABD26,TEXT,0x7ABD26,0x7ABD3C,0x7A,0xBD26,22,07a769688731b9477fab8e5c58f66c3d1f7ff5812cae0e0c431b03aafdf0b81a,True,UNAVAILABLE_HISTORICAL,Sonic Spear,SKILL_CENSUS.json,1,RIV-USE-SKILLS2064-101,RIV-CONS-729300;RIV-CONS-745AAD,False,63,NO_FLAG,NOT_VALIDATED_I03,NOT_VALIDATED_I03,NOT_EXECUTED_I03,SOURCE_LABEL_AVAILABLE,NOT_APPROVED_BY_CENSUS
RIV-TEXT-7ABD3C,TEXT,0x7ABD3C,0x7ABD4E,0x7A,0xBD3C,18,a469e7f0a21df0d642bc19bb73c4275a7b1864860f237ca4ad692902da4bb407,True,UNAVAILABLE_HISTORICAL,Riot Edge,SKILL_CENSUS.json,1,RIV-USE-SKILLS2064-104,RIV-CONS-729300;RIV-CONS-745AAD,False,51,NO_FLAG,NOT_VALIDATED_I03,NOT_VALIDATED_I03,NOT_EXECUTED_I03,SOURCE_LABEL_AVAILABLE,NOT_APPROVED_BY_CENSUS
RIV-TEXT-7ABD4E,TEXT,0x7ABD4E,0x7ABD57,0x7A,0xBD4E,9,217df66124ff05ea1930867add7eb33e8765435cbaeeafed1bc35fff2a6af90a,True,UNAVAILABLE_HISTORICAL,Stab,SKILL_CENSUS.json,13,RIV-USE-SKILLS2064-105;RIV-USE-SKILLS2064-109;RIV-USE-SKILLS2064-114;RIV-USE-SKILLS2064-118;RIV-USE-SKILLS2064-123;RIV-USE-SKILLS2064-127;RIV-USE-SKILLS2064-132;RIV-USE-SKILLS2064-136;RIV-USE-SKILLS2064-141;RIV-USE-SKILLS2064-145;RIV-USE-SKILLS2064-150;RIV-USE-SKILLS2064-154;RIV-USE-SKILLS2064-1799,RIV-CONS-729300;RIV-CONS-745AAD,False,24,NO_FLAG,NOT_VALIDATED_I03,NOT_VALIDATED_I03,NOT_EXECUTED_I03,SOURCE_LABEL_AVAILABLE,NOT_APPROVED_BY_CENSUS
RIV-TEXT-7ABD57,TEXT,0x7ABD57,0x7ABD65,0x7A,0xBD57,14,1a840c1789c05a8eacb3fc95a06ba5c4ba72fc8b062225522fae554fe33ba563,True,UNAVAILABLE_HISTORICAL,Un Deux,SKILL_CENSUS.json,1,RIV-USE-SKILLS2064-106,RIV-CONS-729300;RIV-CONS-745AAD,False,39,NO_FLAG,NOT_VALIDATED_I03,NOT_VALIDATED_I03,NOT_EXECUTED_I03,SOURCE_LABEL_AVAILABLE,NOT_APPROVED_BY_CENSUS
RIV-TEXT-7ABD65,TEXT,0x7ABD65,0x7ABD79,0x7A,0xBD65,20,de41fe85d532ad4709395134b5d7bd96ad8c5b852167722cf61e57fa620b1e01,True,UNAVAILABLE_HISTORICAL,Magic Shot,SKILL_CENSUS.json,6,RIV-USE-SKILLS2064-107;RIV-USE-SKILLS2064-116;RIV-USE-SKILLS2064-125;RIV-USE-SKILLS2064-134;RIV-USE-SKILLS2064-143;RIV-USE-SKILLS2064-152,RIV-CONS-729300;RIV-CONS-745AAD,False,57,NO_FLAG,NOT_VALIDATED_I03,NOT_VALIDATED_I03,NOT_EXECUTED_I03,SOURCE_LABEL_AVAILABLE,NOT_APPROVED_BY_CENSUS
RIV-TEXT-7ABD79,TEXT,0x7ABD79,0x7ABD8D,0x7A,0xBD79,20,6a76beed873633678d118e3c0779e9eec290810288b6afefaed8b3acb3964c1d,True,UNAVAILABLE_HISTORICAL,Huge Spike,SKILL_CENSUS.json,1,RIV-USE-SKILLS2064-108,RIV-CONS-729300;RIV-CONS-745AAD,False,57,NO_FLAG,NOT_VALIDATED_I03,NOT_VALIDATED_I03,NOT_EXECUTED_I03,SOURCE_LABEL_AVAILABLE,NOT_APPROVED_BY_CENSUS
RIV-TEXT-7ABD8D,TEXT,0x7ABD8D,0x7ABD9C,0x7A,0xBD8D,15,85687a9d96f73fe1089e0deb3027c5c1b94e7b86578be0f1a986dcaf4a56a0be,True,UNAVAILABLE_HISTORICAL,Stinger,SKILL_CENSUS.json,1,RIV-USE-SKILLS2064-110,RIV-CONS-729300;RIV-CONS-745AAD,False,42,NO_FLAG,NOT_VALIDATED_I03,NOT_VALIDATED_I03,NOT_EXECUTED_I03,SOURCE_LABEL_AVAILABLE,NOT_APPROVED_BY_CENSUS
RIV-TEXT-7ABD9C,TEXT,0x7ABD9C,0x7ABDA9,0x7A,0xBD9C,13,459005753eab4a02a515524a20248b0a25a9e2b92036a9e3376d614546ea3c05,True,UNAVAILABLE_HISTORICAL,Touche,SKILL_CENSUS.json,6,RIV-USE-SKILLS2064-112;RIV-USE-SKILLS2064-121;RIV-USE-SKILLS2064-130;RIV-USE-SKILLS2064-139;RIV-USE-SKILLS2064-148;RIV-USE-SKILLS2064-157,RIV-CONS-729300;RIV-CONS-745AAD,False,36,NO_FLAG,NOT_VALIDATED_I03,NOT_VALIDATED_I03,NOT_EXECUTED_I03,SOURCE_LABEL_AVAILABLE,NOT_APPROVED_BY_CENSUS
RIV-TEXT-7ABDA9,TEXT,0x7ABDA9,0x7ABDBA,0x7A,0xBDA9,17,59465c0f0f826f69213fad3a4e22f7d3bdc98c8767b27911f6a4bb2a4a1734fe,True,UNAVAILABLE_HISTORICAL,Risoluto,SKILL_CENSUS.json,1,RIV-USE-SKILLS2064-113,RIV-CONS-729300;RIV-CONS-745AAD,False,48,NO_FLAG,NOT_VALIDATED_I03,NOT_VALIDATED_I03,NOT_EXECUTED_I03,SOURCE_LABEL_AVAILABLE,NOT_APPROVED_BY_CENSUS
RIV-TEXT-7ABDBA,TEXT,0x7ABDBA,0x7ABDCB,0x7A,0xBDBA,17,37ebd679ce07779afab035be7a107336ed66c8110610f4990aa11b534d6c10e4,True,UNAVAILABLE_HISTORICAL,Balestra,SKILL_CENSUS.json,1,RIV-USE-SKILLS2064-115,RIV-CONS-729300;RIV-CONS-745AAD,False,48,NO_FLAG,NOT_VALIDATED_I03,NOT_VALIDATED_I03,NOT_EXECUTED_I03,SOURCE_LABEL_AVAILABLE,NOT_APPROVED_BY_CENSUS
RIV-TEXT-7ABDCB,TEXT,0x7ABDCB,0x7ABDE1,0x7A,0xBDCB,22,0a665d4d29740b1f63623eb029884bed8089f74d7db1cee47fdd039f85b677bb,True,UNAVAILABLE_HISTORICAL,Holy Needle,SKILL_CENSUS.json,1,RIV-USE-SKILLS2064-117,RIV-CONS-729300;RIV-CONS-745AAD,False,63,NO_FLAG,NOT_VALIDATED_I03,NOT_VALIDATED_I03,NOT_EXECUTED_I03,SOURCE_LABEL_AVAILABLE,NOT_APPROVED_BY_CENSUS
RIV-TEXT-7ABDE1,TEXT,0x7ABDE1,0x7ABDFD,0x7A,0xBDE1,28,547fcf89a3e25eaf29c7ef0dd58bc4baa670097ee7e0e366edadddf7d3535e8a,True,UNAVAILABLE_HISTORICAL,Straight Slash,SKILL_CENSUS.json,1,RIV-USE-SKILLS2064-119,RIV-CONS-729300;RIV-CONS-745AAD,False,81,NO_FLAG,NOT_VALIDATED_I03,NOT_VALIDATED_I03,NOT_EXECUTED_I03,SOURCE_LABEL_AVAILABLE,NOT_APPROVED_BY_CENSUS
RIV-TEXT-7ABDFD,TEXT,0x7ABDFD,0x7ABE10,0x7A,0xBDFD,19,e177a5e177755855df7a67ede0ee3eff13bf264c260fac96d71577750ca8508d,True,UNAVAILABLE_HISTORICAL,Brillante,SKILL_CENSUS.json,1,RIV-USE-SKILLS2064-122,RIV-CONS-729300;RIV-CONS-745AAD,False,54,NO_FLAG,NOT_VALIDATED_I03,NOT_VALIDATED_I03,NOT_EXECUTED_I03,SOURCE_LABEL_AVAILABLE,NOT_APPROVED_BY_CENSUS
RIV-TEXT-7ABE10,TEXT,0x7ABE10,0x7ABE20,0x7A,0xBE10,16,8afacac3fe14f85ec5ca2fa04c2c8087fc481603d3df97d2bccfff05182285c2,True,UNAVAILABLE_HISTORICAL,Un Trois,SKILL_CENSUS.json,1,RIV-USE-SKILLS2064-124,RIV-CONS-729300;RIV-CONS-745AAD,False,45,NO_FLAG,NOT_VALIDATED_I03,NOT_VALIDATED_I03,NOT_EXECUTED_I03,SOURCE_LABEL_AVAILABLE,NOT_APPROVED_BY_CENSUS
RIV-TEXT-7ABE20,TEXT,0x7ABE20,0x7ABE2D,0x7A,0xBE20,13,e3214dd90f59edac6117506fde2fc5bd484db52ffd18fa172a69b077c3159543,True,UNAVAILABLE_HISTORICAL,Punish,SKILL_CENSUS.json,1,RIV-USE-SKILLS2064-126,RIV-CONS-729300;RIV-CONS-745AAD,False,36,NO_FLAG,NOT_VALIDATED_I03,NOT_VALIDATED_I03,NOT_EXECUTED_I03,SOURCE_LABEL_AVAILABLE,NOT_APPROVED_BY_CENSUS
RIV-TEXT-7ABE2D,TEXT,0x7ABE2D,0x7ABE45,0x7A,0xBE2D,24,c105af927abcf7b5d5ee3470d10e75fcf02ef125ead7331b8c66292ae15b5e29,True,UNAVAILABLE_HISTORICAL,Hell Stinger,SKILL_CENSUS.json,1,RIV-USE-SKILLS2064-128,RIV-CONS-729300;RIV-CONS-745AAD,False,69,NO_FLAG,NOT_VALIDATED_I03,NOT_VALIDATED_I03,NOT_EXECUTED_I03,SOURCE_LABEL_AVAILABLE,NOT_APPROVED_BY_CENSUS
RIV-TEXT-7ABE45,TEXT,0x7ABE45,0x7ABE52,0x7A,0xBE45,13,8da92ccbf7332caccb0f1c2dcce075d68426a7e19c41ec5409c1cfa11144780a,True,UNAVAILABLE_HISTORICAL,Presto,SKILL_CENSUS.json,1,RIV-USE-SKILLS2064-131,RIV-CONS-729300;RIV-CONS-745AAD,False,36,NO_FLAG,NOT_VALIDATED_I03,NOT_VALIDATED_I03,NOT_EXECUTED_I03,SOURCE_LABEL_AVAILABLE,NOT_APPROVED_BY_CENSUS
RIV-TEXT-7ABE52,TEXT,0x7ABE52,0x7ABE5F,0x7A,0xBE52,13,48d389e74ead8a19f94a19c3f56312cf82c046507d74bc465b3efb7b039ee113,True,UNAVAILABLE_HISTORICAL,Ascend,SKILL_CENSUS.json,1,RIV-USE-SKILLS2064-133,RIV-CONS-729300;RIV-CONS-745AAD,False,36,NO_FLAG,NOT_VALIDATED_I03,NOT_VALIDATED_I03,NOT_EXECUTED_I03,SOURCE_LABEL_AVAILABLE,NOT_APPROVED_BY_CENSUS
RIV-TEXT-7ABE5F,TEXT,0x7ABE5F,0x7ABE70,0x7A,0xBE5F,17,a4885149a9e89975034ae028540d5ddcd267d82ca885171def87de345e2521b3,True,UNAVAILABLE_HISTORICAL,Fatality,SKILL_CENSUS.json,1,RIV-USE-SKILLS2064-135,RIV-CONS-729300;RIV-CONS-745AAD,False,48,NO_FLAG,NOT_VALIDATED_I03,NOT_VALIDATED_I03,NOT_EXECUTED_I03,SOURCE_LABEL_AVAILABLE,NOT_APPROVED_BY_CENSUS
RIV-TEXT-7ABE70,TEXT,0x7ABE70,0x7ABE84,0x7A,0xBE70,20,45e40f355927c6deb7d8aa52f2364e83df2f436defc9fa181827e121fe72f9df,True,UNAVAILABLE_HISTORICAL,Evil Break,SKILL_CENSUS.json,1,RIV-USE-SKILLS2064-137,RIV-CONS-729300;RIV-CONS-745AAD,False,57,NO_FLAG,NOT_VALIDATED_I03,NOT_VALIDATED_I03,NOT_EXECUTED_I03,SOURCE_LABEL_AVAILABLE,NOT_APPROVED_BY_CENSUS
RIV-TEXT-7ABE84,TEXT,0x7ABE84,0x7ABE91,0x7A,0xBE84,13,dbdd570dfcc043954f888602d395247bb017a217aa3f609e3a9a73946a566738,True,UNAVAILABLE_HISTORICAL,Vivace,SKILL_CENSUS.json,1,RIV-USE-SKILLS2064-140,RIV-CONS-729300;RIV-CONS-745AAD,False,36,NO_FLAG,NOT_VALIDATED_I03,NOT_VALIDATED_I03,NOT_EXECUTED_I03,SOURCE_LABEL_AVAILABLE,NOT_APPROVED_BY_CENSUS
RIV-TEXT-7ABE91,TEXT,0x7ABE91,0x7ABEA3,0x7A,0xBE91,18,8523718756f9a09c946a9199dbca471bced71d08da4c87a18ceabf562016fadd,True,UNAVAILABLE_HISTORICAL,Un Quatre,SKILL_CENSUS.json,1,RIV-USE-SKILLS2064-142,RIV-CONS-729300;RIV-CONS-745AAD,False,51,NO_FLAG,NOT_VALIDATED_I03,NOT_VALIDATED_I03,NOT_EXECUTED_I03,SOURCE_LABEL_AVAILABLE,NOT_APPROVED_BY_CENSUS
RIV-TEXT-7ABEA3,TEXT,0x7ABEA3,0x7ABEC1,0x7A,0xBEA3,30,23c1bb0aed5542c0560854c9e1cf7135deec007a089e036f27d2cbeddb403e29,True,UNAVAILABLE_HISTORICAL,Freezing Matter,SKILL_CENSUS.json,1,RIV-USE-SKILLS2064-144,RIV-CONS-729300;RIV-CONS-745AAD,False,87,NO_FLAG,NOT_VALIDATED_I03,NOT_VALIDATED_I03,NOT_EXECUTED_I03,SOURCE_LABEL_AVAILABLE,NOT_APPROVED_BY_CENSUS
RIV-TEXT-7ABEC1,TEXT,0x7ABEC1,0x7ABED7,0x7A,0xBEC1,22,5dccbf1cf79d66dafabe556496c8f6400cf91e7ac744df52feae6472e027a801,True,UNAVAILABLE_HISTORICAL,Ice Stinger,SKILL_CENSUS.json,1,RIV-USE-SKILLS2064-146,RIV-CONS-729300;RIV-CONS-745AAD,False,63,NO_FLAG,NOT_VALIDATED_I03,NOT_VALIDATED_I03,NOT_EXECUTED_I03,SOURCE_LABEL_AVAILABLE,NOT_APPROVED_BY_CENSUS
RIV-TEXT-7ABED7,TEXT,0x7ABED7,0x7ABEF0,0x7A,0xBED7,25,9f3d391ffb47886116cad98ff268bf449f5d83a3d212f4e39cd35a6542bb85a2,True,UNAVAILABLE_HISTORICAL,Appassionato,SKILL_CENSUS.json,1,RIV-USE-SKILLS2064-149,RIV-CONS-729300;RIV-CONS-745AAD,False,72,NO_FLAG,NOT_VALIDATED_I03,NOT_VALIDATED_I03,NOT_EXECUTED_I03,SOURCE_LABEL_AVAILABLE,NOT_APPROVED_BY_CENSUS
RIV-TEXT-7ABEF0,TEXT,0x7ABEF0,0x7ABF0A,0x7A,0xBEF0,26,0086581931831a2ec682f5f9484836c3a714d8bf6b36a5a9110b536829a8414f,True,UNAVAILABLE_HISTORICAL,Terre Promise,SKILL_CENSUS.json,1,RIV-USE-SKILLS2064-151,RIV-CONS-729300;RIV-CONS-745AAD,False,75,NO_FLAG,NOT_VALIDATED_I03,NOT_VALIDATED_I03,NOT_EXECUTED_I03,SOURCE_LABEL_AVAILABLE,NOT_APPROVED_BY_CENSUS
RIV-TEXT-7ABF0A,TEXT,0x7ABF0A,0x7ABF20,0x7A,0xBF0A,22,ba91c2ebf9acf97361481cbfecd363e9491959a568d81af402719082442a637e,True,UNAVAILABLE_HISTORICAL,Holy Blight,SKILL_CENSUS.json,1,RIV-USE-SKILLS2064-153,RIV-CONS-729300;RIV-CONS-745AAD,False,63,NO_FLAG,NOT_VALIDATED_I03,NOT_VALIDATED_I03,NOT_EXECUTED_I03,SOURCE_LABEL_AVAILABLE,NOT_APPROVED_BY_CENSUS
RIV-TEXT-7ABF20,TEXT,0x7ABF20,0x7ABF31,0x7A,0xBF20,17,75350eae062d3297be83dcab030132294e944bce6ed409c8bb01d83812afafb4,True,UNAVAILABLE_HISTORICAL,Judgment,SKILL_CENSUS.json,1,RIV-USE-SKILLS2064-155,RIV-CONS-729300;RIV-CONS-745AAD,False,48,NO_FLAG,NOT_VALIDATED_I03,NOT_VALIDATED_I03,NOT_EXECUTED_I03,SOURCE_LABEL_AVAILABLE,NOT_APPROVED_BY_CENSUS
RIV-TEXT-7ABF31,TEXT,0x7ABF31,0x7ABF40,0x7A,0xBF31,15,1b937b0c790d70034b39a7faddc9cca99aa262871ac2b6b038c4b95f773e32e5,True,UNAVAILABLE_HISTORICAL,Cadenza,SKILL_CENSUS.json,1,RIV-USE-SKILLS2064-158,RIV-CONS-729300;RIV-CONS-745AAD,False,42,NO_FLAG,NOT_VALIDATED_I03,NOT_VALIDATED_I03,NOT_EXECUTED_I03,SOURCE_LABEL_AVAILABLE,NOT_APPROVED_BY_CENSUS
RIV-TEXT-7ABF40,TEXT,0x7ABF40,0x7ABF4B,0x7A,0xBF40,11,eee1081945c99fa332b05c1e6650ff67f7599bbd2b2e5a1a51841c93c4026e50,True,UNAVAILABLE_HISTORICAL,Shoot,SKILL_CENSUS.json,22,RIV-USE-SKILLS2064-159;RIV-USE-SKILLS2064-164;RIV-USE-SKILLS2064-166;RIV-USE-SKILLS2064-168;RIV-USE-SKILLS2064-173;RIV-USE-SKILLS2064-175;RIV-USE-SKILLS2064-177;RIV-USE-SKILLS2064-182;RIV-USE-SKILLS2064-184;RIV-USE-SKILLS2064-186;RIV-USE-SKILLS2064-191;RIV-USE-SKILLS2064-193;RIV-USE-SKILLS2064-195;RIV-USE-SKILLS2064-200;RIV-USE-SKILLS2064-202;RIV-USE-SKILLS2064-204;RIV-USE-SKILLS2064-209;RIV-USE-SKILLS2064-211;RIV-USE-SKILLS2064-1085;RIV-USE-SKILLS2064-1091;RIV-USE-SKILLS2064-1097;RIV-USE-SKILLS2064-1103,RIV-CONS-729300;RIV-CONS-745AAD,False,30,NO_FLAG,NOT_VALIDATED_I03,NOT_VALIDATED_I03,NOT_EXECUTED_I03,SOURCE_LABEL_AVAILABLE,NOT_APPROVED_BY_CENSUS
RIV-TEXT-7ABF4B,TEXT,0x7ABF4B,0x7ABF65,0x7A,0xBF4B,26,7e3ba8286899f471f704633a08388c3dcf51d898f679c8a2e7356be8a68afb9e,True,UNAVAILABLE_HISTORICAL,Berserk Arrow,SKILL_CENSUS.json,1,RIV-USE-SKILLS2064-160,RIV-CONS-729300;RIV-CONS-745AAD,False,75,NO_FLAG,NOT_VALIDATED_I03,NOT_VALIDATED_I03,NOT_EXECUTED_I03,SOURCE_LABEL_AVAILABLE,NOT_APPROVED_BY_CENSUS
RIV-TEXT-7ABF65,TEXT,0x7ABF65,0x7ABF7E,0x7A,0xBF65,25,558f03e61d21fd09bfabf214569e10469d43a7f536d320dcd24458e831bd806e,True,UNAVAILABLE_HISTORICAL,Try and Shoot,SKILL_CENSUS.json,6,RIV-USE-SKILLS2064-161;RIV-USE-SKILLS2064-170;RIV-USE-SKILLS2064-179;RIV-USE-SKILLS2064-188;RIV-USE-SKILLS2064-197;RIV-USE-SKILLS2064-206,RIV-CONS-729300;RIV-CONS-745AAD,False,72,NO_FLAG,NOT_VALIDATED_I03,NOT_VALIDATED_I03,NOT_EXECUTED_I03,SOURCE_LABEL_AVAILABLE,NOT_APPROVED_BY_CENSUS
RIV-TEXT-7ABF7E,TEXT,0x7ABF7E,0x7ABF94,0x7A,0xBF7E,22,420c6642974d701983424da0ea89d410dd3791088877676c3102bbc34406fa4c,True,UNAVAILABLE_HISTORICAL,Magic Arrow,SKILL_CENSUS.json,5,RIV-USE-SKILLS2064-162;RIV-USE-SKILLS2064-1088;RIV-USE-SKILLS2064-1094;RIV-USE-SKILLS2064-1100;RIV-USE-SKILLS2064-1106,RIV-CONS-729300;RIV-CONS-745AAD,False,63,NO_FLAG,NOT_VALIDATED_I03,NOT_VALIDATED_I03,NOT_EXECUTED_I03,SOURCE_LABEL_AVAILABLE,NOT_APPROVED_BY_CENSUS
RIV-TEXT-7ABF94,TEXT,0x7ABF94,0x7ABFA8,0x7A,0xBF94,20,05280a0864772a9326289a8edb45b15c9fe6838fe9610cda787413c10ddf4053,True,UNAVAILABLE_HISTORICAL,Arrow Rain,SKILL_CENSUS.json,1,RIV-USE-SKILLS2064-165,RIV-CONS-729300;RIV-CONS-745AAD,False,57,NO_FLAG,NOT_VALIDATED_I03,NOT_VALIDATED_I03,NOT_EXECUTED_I03,SOURCE_LABEL_AVAILABLE,NOT_APPROVED_BY_CENSUS
RIV-TEXT-7ABFA8,TEXT,0x7ABFA8,0x7ABFC0,0x7A,0xBFA8,24,d47a574f6b71d1477d46bbb0a5e370b9aec08bc5904adddafeb39f340bf171c6,True,UNAVAILABLE_HISTORICAL,Cleave Arrow,SKILL_CENSUS.json,1,RIV-USE-SKILLS2064-167,RIV-CONS-729300;RIV-CONS-745AAD,False,69,NO_FLAG,NOT_VALIDATED_I03,NOT_VALIDATED_I03,NOT_EXECUTED_I03,SOURCE_LABEL_AVAILABLE,NOT_APPROVED_BY_CENSUS
RIV-TEXT-7ABFC0,TEXT,0x7ABFC0,0x7ABFDE,0x7A,0xBFC0,30,3cde1894dbcb53ba337216792b6c95f0c1ce35ed208cb682efb261caf51ae034,True,UNAVAILABLE_HISTORICAL,Lightning Arrow,SKILL_CENSUS.json,1,RIV-USE-SKILLS2064-169,RIV-CONS-729300;RIV-CONS-745AAD,False,87,NO_FLAG,NOT_VALIDATED_I03,NOT_VALIDATED_I03,NOT_EXECUTED_I03,SOURCE_LABEL_AVAILABLE,NOT_APPROVED_BY_CENSUS
RIV-TEXT-7ABFDE,TEXT,0x7ABFDE,0x7ABFF6,0x7A,0xBFDE,24,75be7d5a4a5adfb4437d9c62c74272e28e6cf04807cc333e83df49095c4ceed3,True,UNAVAILABLE_HISTORICAL,Twinkle Shot,SKILL_CENSUS.json,1,RIV-USE-SKILLS2064-171,RIV-CONS-729300;RIV-CONS-745AAD,False,69,NO_FLAG,NOT_VALIDATED_I03,NOT_VALIDATED_I03,NOT_EXECUTED_I03,SOURCE_LABEL_AVAILABLE,NOT_APPROVED_BY_CENSUS
RIV-TEXT-7ABFF6,TEXT,0x7ABFF6,0x7AC010,0x7A,0xBFF6,26,7cb75e24f43c7627a758956d710a261ac3e02ba834af5c1869cf8b942f709768,True,UNAVAILABLE_HISTORICAL,Trinity Spark,SKILL_CENSUS.json,1,RIV-USE-SKILLS2064-174,RIV-CONS-729300;RIV-CONS-745AAD,False,75,NO_FLAG,NOT_VALIDATED_I03,NOT_VALIDATED_I03,NOT_EXECUTED_I03,SOURCE_LABEL_AVAILABLE,NOT_APPROVED_BY_CENSUS
RIV-TEXT-7AC010,TEXT,0x7AC010,0x7AC024,0x7A,0xC010,20,dab6729d0b73942abdb97e44205c0224fbcf6ff4341b363133ae41ab71b60ef8,True,UNAVAILABLE_HISTORICAL,Bore Arrow,SKILL_CENSUS.json,1,RIV-USE-SKILLS2064-176,RIV-CONS-729300;RIV-CONS-745AAD,False,57,NO_FLAG,NOT_VALIDATED_I03,NOT_VALIDATED_I03,NOT_EXECUTED_I03,SOURCE_LABEL_AVAILABLE,NOT_APPROVED_BY_CENSUS
RIV-TEXT-7AC024,TEXT,0x7AC024,0x7AC03A,0x7A,0xC024,22,62035f4b7f9e69b810785efd4c53c310bb88af8ac2a5be98e086a56130be6ccd,True,UNAVAILABLE_HISTORICAL,Rising Shot,SKILL_CENSUS.json,1,RIV-USE-SKILLS2064-178,RIV-CONS-729300;RIV-CONS-745AAD,False,63,NO_FLAG,NOT_VALIDATED_I03,NOT_VALIDATED_I03,NOT_EXECUTED_I03,SOURCE_LABEL_AVAILABLE,NOT_APPROVED_BY_CENSUS
RIV-TEXT-7AC03A,TEXT,0x7AC03A,0x7AC054,0x7A,0xC03A,26,5a4a2be15c1514a56d16252484c3aa9c0f0a9d1d8519f664f633e496809d874f,True,UNAVAILABLE_HISTORICAL,Thunder Arrow,SKILL_CENSUS.json,1,RIV-USE-SKILLS2064-180,RIV-CONS-729300;RIV-CONS-745AAD,False,75,NO_FLAG,NOT_VALIDATED_I03,NOT_VALIDATED_I03,NOT_EXECUTED_I03,SOURCE_LABEL_AVAILABLE,NOT_APPROVED_BY_CENSUS
RIV-TEXT-7AC054,TEXT,0x7AC054,0x7AC06C,0x7A,0xC054,24,0f22020059ac4f7566811dd1e986726c2789ed799a77d211e5667ff4d1d02001,True,UNAVAILABLE_HISTORICAL,Voltage Raid,SKILL_CENSUS.json,1,RIV-USE-SKILLS2064-183,RIV-CONS-729300;RIV-CONS-745AAD,False,69,NO_FLAG,NOT_VALIDATED_I03,NOT_VALIDATED_I03,NOT_EXECUTED_I03,SOURCE_LABEL_AVAILABLE,NOT_APPROVED_BY_CENSUS
RIV-TEXT-7AC06C,TEXT,0x7AC06C,0x7AC088,0x7A,0xC06C,28,9e0aa33a7725f11b61e5e1a379e4bda6d84dc682b66f65230984506a7eabb3dd,True,UNAVAILABLE_HISTORICAL,Piercing Arrow,SKILL_CENSUS.json,1,RIV-USE-SKILLS2064-185,RIV-CONS-729300;RIV-CONS-745AAD,False,81,NO_FLAG,NOT_VALIDATED_I03,NOT_VALIDATED_I03,NOT_EXECUTED_I03,SOURCE_LABEL_AVAILABLE,NOT_APPROVED_BY_CENSUS
RIV-TEXT-7AC088,TEXT,0x7AC088,0x7AC09E,0x7A,0xC088,22,0bab83dd02c4408be51d00be2f02d233138e9023ce45145b8f5ca281e66e5962,True,UNAVAILABLE_HISTORICAL,Buster Shot,SKILL_CENSUS.json,1,RIV-USE-SKILLS2064-187,RIV-CONS-729300;RIV-CONS-745AAD,False,63,NO_FLAG,NOT_VALIDATED_I03,NOT_VALIDATED_I03,NOT_EXECUTED_I03,SOURCE_LABEL_AVAILABLE,NOT_APPROVED_BY_CENSUS
RIV-TEXT-7AC09E,TEXT,0x7AC09E,0x7AC0B2,0x7A,0xC09E,20,fd3c2beaa332a92ccaf45d8d8fd21829ad7e42337f4a714205b93db891f842f0,True,UNAVAILABLE_HISTORICAL,Holy Arrow,SKILL_CENSUS.json,1,RIV-USE-SKILLS2064-189,RIV-CONS-729300;RIV-CONS-745AAD,False,57,NO_FLAG,NOT_VALIDATED_I03,NOT_VALIDATED_I03,NOT_EXECUTED_I03,SOURCE_LABEL_AVAILABLE,NOT_APPROVED_BY_CENSUS
RIV-TEXT-7AC0B2,TEXT,0x7AC0B2,0x7AC0C1,0x7A,0xC0B2,15,cc8f3476514bc23946610a4a627dbfa60c5086f4cbf78b135dce2113e125ed8c,True,UNAVAILABLE_HISTORICAL,Barrage,SKILL_CENSUS.json,1,RIV-USE-SKILLS2064-192,RIV-CONS-729300;RIV-CONS-745AAD,False,42,NO_FLAG,NOT_VALIDATED_I03,NOT_VALIDATED_I03,NOT_EXECUTED_I03,SOURCE_LABEL_AVAILABLE,NOT_APPROVED_BY_CENSUS
RIV-TEXT-7AC0C1,TEXT,0x7AC0C1,0x7AC0D9,0x7A,0xC0C1,24,f4c1919eaa3c237d2577a7ab0525b44277ce79fc14b85ff38a18f0c9fd9120af,True,UNAVAILABLE_HISTORICAL,Purity Arrow,SKILL_CENSUS.json,1,RIV-USE-SKILLS2064-194,RIV-CONS-729300;RIV-CONS-745AAD,False,69,NO_FLAG,NOT_VALIDATED_I03,NOT_VALIDATED_I03,NOT_EXECUTED_I03,SOURCE_LABEL_AVAILABLE,NOT_APPROVED_BY_CENSUS
RIV-TEXT-7AC0D9,TEXT,0x7AC0D9,0x7AC0EF,0x7A,0xC0D9,22,5787159db8448199c618061f6881928f85062258855d343efbde907f3b23faff,True,UNAVAILABLE_HISTORICAL,Spiral Shot,SKILL_CENSUS.json,1,RIV-USE-SKILLS2064-196,RIV-CONS-729300;RIV-CONS-745AAD,False,63,NO_FLAG,NOT_VALIDATED_I03,NOT_VALIDATED_I03,NOT_EXECUTED_I03,SOURCE_LABEL_AVAILABLE,NOT_APPROVED_BY_CENSUS
RIV-TEXT-7AC0EF,TEXT,0x7AC0EF,0x7AC100,0x7A,0xC0EF,17,881205870fcf6923a791a42a0aeaf427e6e2fba0c43673943902cf374eada3d2,True,UNAVAILABLE_HISTORICAL,Tri-Shot,SKILL_CENSUS.json,1,RIV-USE-SKILLS2064-198,RIV-CONS-729300;RIV-CONS-745AAD,False,48,NO_FLAG,NOT_VALIDATED_I03,NOT_VALIDATED_I03,NOT_EXECUTED_I03,SOURCE_LABEL_AVAILABLE,NOT_APPROVED_BY_CENSUS
RIV-TEXT-7AC100,TEXT,0x7AC100,0x7AC116,0x7A,0xC100,22,e101b1a9ce764d581e4dbcba0c446605b6ad361e39518e7e3134d6c9fca53a4f,True,UNAVAILABLE_HISTORICAL,Divine Wind,SKILL_CENSUS.json,1,RIV-USE-SKILLS2064-201,RIV-CONS-729300;RIV-CONS-745AAD,False,63,NO_FLAG,NOT_VALIDATED_I03,NOT_VALIDATED_I03,NOT_EXECUTED_I03,SOURCE_LABEL_AVAILABLE,NOT_APPROVED_BY_CENSUS
RIV-TEXT-7AC116,TEXT,0x7AC116,0x7AC12E,0x7A,0xC116,24,0d15733e43d7015004a5e623d7f7ce851fcd7d0fa1acbfd948b3b5a23ac8dd96,True,UNAVAILABLE_HISTORICAL,Slayer Arrow,SKILL_CENSUS.json,1,RIV-USE-SKILLS2064-203,RIV-CONS-729300;RIV-CONS-745AAD,False,69,NO_FLAG,NOT_VALIDATED_I03,NOT_VALIDATED_I03,NOT_EXECUTED_I03,SOURCE_LABEL_AVAILABLE,NOT_APPROVED_BY_CENSUS
RIV-TEXT-7AC12E,TEXT,0x7AC12E,0x7AC144,0x7A,0xC12E,22,69f7d4f963e5cf851ef0aa062550d87e105d858bfee7233ba443a2be825ce501,True,UNAVAILABLE_HISTORICAL,Glint Arrow,SKILL_CENSUS.json,1,RIV-USE-SKILLS2064-205,RIV-CONS-729300;RIV-CONS-745AAD,False,63,NO_FLAG,NOT_VALIDATED_I03,NOT_VALIDATED_I03,NOT_EXECUTED_I03,SOURCE_LABEL_AVAILABLE,NOT_APPROVED_BY_CENSUS
RIV-TEXT-7AC144,TEXT,0x7AC144,0x7AC15A,0x7A,0xC144,22,86d469ed62206b78086cc6818696c406e075fe8147f5e8d4157b4f58b11634d7,True,UNAVAILABLE_HISTORICAL,Plasma Shot,SKILL_CENSUS.json,1,RIV-USE-SKILLS2064-207,RIV-CONS-729300;RIV-CONS-745AAD,False,63,NO_FLAG,NOT_VALIDATED_I03,NOT_VALIDATED_I03,NOT_EXECUTED_I03,SOURCE_LABEL_AVAILABLE,NOT_APPROVED_BY_CENSUS
RIV-TEXT-7AC15A,TEXT,0x7AC15A,0x7AC16B,0x7A,0xC15A,17,385df58a562cd6aecb7535eee6887552392f8734720b61436851ac7617ff3730,True,UNAVAILABLE_HISTORICAL,Stardust,SKILL_CENSUS.json,1,RIV-USE-SKILLS2064-210,RIV-CONS-729300;RIV-CONS-745AAD,False,48,NO_FLAG,NOT_VALIDATED_I03,NOT_VALIDATED_I03,NOT_EXECUTED_I03,SOURCE_LABEL_AVAILABLE,NOT_APPROVED_BY_CENSUS
RIV-TEXT-7AC16B,TEXT,0x7AC16B,0x7AC185,0x7A,0xC16B,26,72dcb66e962048ea7ccfd1d077b9cc1a1a8747c6828a1d4c005ee7c351831ec2,True,UNAVAILABLE_HISTORICAL,Radiant Arrow,SKILL_CENSUS.json,1,RIV-USE-SKILLS2064-212,RIV-CONS-729300;RIV-CONS-745AAD,False,75,NO_FLAG,NOT_VALIDATED_I03,NOT_VALIDATED_I03,NOT_EXECUTED_I03,SOURCE_LABEL_AVAILABLE,NOT_APPROVED_BY_CENSUS
RIV-TEXT-7AC185,TEXT,0x7AC185,0x7AC18C,0x7A,0xC185,7,367dba0b65ef15ec99c6b0d5f289816828fb7d378616e3db60e3da08a8980063,True,UNAVAILABLE_HISTORICAL,Mow,SKILL_CENSUS.json,13,RIV-USE-SKILLS2064-213;RIV-USE-SKILLS2064-221;RIV-USE-SKILLS2064-229;RIV-USE-SKILLS2064-237;RIV-USE-SKILLS2064-245;RIV-USE-SKILLS2064-253;RIV-USE-SKILLS2064-312;RIV-USE-SKILLS2064-321;RIV-USE-SKILLS2064-330;RIV-USE-SKILLS2064-339;RIV-USE-SKILLS2064-348;RIV-USE-SKILLS2064-1823;RIV-USE-SKILLS2064-1847,RIV-CONS-729300;RIV-CONS-745AAD,False,18,NO_FLAG,NOT_VALIDATED_I03,NOT_VALIDATED_I03,NOT_EXECUTED_I03,SOURCE_LABEL_AVAILABLE,NOT_APPROVED_BY_CENSUS
RIV-TEXT-7AC18C,TEXT,0x7AC18C,0x7AC1A4,0x7A,0xC18C,24,e5fe2b6d379391b680302e749d76d8a300e930eb774ff082b822c9be8ee59b12,True,UNAVAILABLE_HISTORICAL,Dragon Flash,SKILL_CENSUS.json,1,RIV-USE-SKILLS2064-214,RIV-CONS-729300;RIV-CONS-745AAD,False,69,NO_FLAG,NOT_VALIDATED_I03,NOT_VALIDATED_I03,NOT_EXECUTED_I03,SOURCE_LABEL_AVAILABLE,NOT_APPROVED_BY_CENSUS
RIV-TEXT-7AC1A4,TEXT,0x7AC1A4,0x7AC1AD,0x7A,0xC1A4,9,c19f97b4c39ec2cf5e89d3e6216e5dfb418189cbc76dd85528de447a2a9701ab,True,UNAVAILABLE_HISTORICAL,Reap,SKILL_CENSUS.json,8,RIV-USE-SKILLS2064-216;RIV-USE-SKILLS2064-224;RIV-USE-SKILLS2064-232;RIV-USE-SKILLS2064-240;RIV-USE-SKILLS2064-248;RIV-USE-SKILLS2064-256;RIV-USE-SKILLS2064-1679;RIV-USE-SKILLS2064-1685,RIV-CONS-729300;RIV-CONS-745AAD,False,24,NO_FLAG,NOT_VALIDATED_I03,NOT_VALIDATED_I03,NOT_EXECUTED_I03,SOURCE_LABEL_AVAILABLE,NOT_APPROVED_BY_CENSUS
RIV-TEXT-7AC1AD,TEXT,0x7AC1AD,0x7AC1C5,0x7A,0xC1AD,24,2307a0be57df41badc3f0c6a74bc7975040e291117443995509da2f47f24601b,True,UNAVAILABLE_HISTORICAL,Serene Combo,SKILL_CENSUS.json,1,RIV-USE-SKILLS2064-217,RIV-CONS-729300;RIV-CONS-745AAD,False,69,NO_FLAG,NOT_VALIDATED_I03,NOT_VALIDATED_I03,NOT_EXECUTED_I03,SOURCE_LABEL_AVAILABLE,NOT_APPROVED_BY_CENSUS
RIV-TEXT-7AC1C5,TEXT,0x7AC1C5,0x7AC1DD,0x7A,0xC1C5,24,171e74938544536bf70acacdf4ca8c063b161d64730e685ef8a1ad359e981cc9,True,UNAVAILABLE_HISTORICAL,Swing Around,SKILL_CENSUS.json,12,RIV-USE-SKILLS2064-218;RIV-USE-SKILLS2064-226;RIV-USE-SKILLS2064-234;RIV-USE-SKILLS2064-242;RIV-USE-SKILLS2064-250;RIV-USE-SKILLS2064-258;RIV-USE-SKILLS2064-962;RIV-USE-SKILLS2064-965;RIV-USE-SKILLS2064-1763;RIV-USE-SKILLS2064-1764;RIV-USE-SKILLS2064-1769;RIV-USE-SKILLS2064-1770,RIV-CONS-729300;RIV-CONS-745AAD,False,69,NO_FLAG,NOT_VALIDATED_I03,NOT_VALIDATED_I03,NOT_EXECUTED_I03,SOURCE_LABEL_AVAILABLE,NOT_APPROVED_BY_CENSUS
RIV-TEXT-7AC1DD,TEXT,0x7AC1DD,0x7AC1F5,0x7A,0xC1DD,24,b71a27b317892eee2128ab01989eb9ea8dc57848ccd755971751e99afe3955a8,True,UNAVAILABLE_HISTORICAL,Terror Swing,SKILL_CENSUS.json,1,RIV-USE-SKILLS2064-219,RIV-CONS-729300;RIV-CONS-745AAD,False,69,NO_FLAG,NOT_VALIDATED_I03,NOT_VALIDATED_I03,NOT_EXECUTED_I03,SOURCE_LABEL_AVAILABLE,NOT_APPROVED_BY_CENSUS
RIV-TEXT-7AC1F5,TEXT,0x7AC1F5,0x7AC20B,0x7A,0xC1F5,22,a4f7dc5b8b7b3e211f26861a48ce9ecf0caf35700ee24c6ad16cd7bb6febca6d,True,UNAVAILABLE_HISTORICAL,Demon Flash,SKILL_CENSUS.json,1,RIV-USE-SKILLS2064-222,RIV-CONS-729300;RIV-CONS-745AAD,False,63,NO_FLAG,NOT_VALIDATED_I03,NOT_VALIDATED_I03,NOT_EXECUTED_I03,SOURCE_LABEL_AVAILABLE,NOT_APPROVED_BY_CENSUS
RIV-TEXT-7AC20B,TEXT,0x7AC20B,0x7AC223,0x7A,0xC20B,24,a61b9664ca6e9ab5827a10cd2d5bc19da7bb066c4017d3e8d69079342bd99f20,True,UNAVAILABLE_HISTORICAL,Serene Blast,SKILL_CENSUS.json,1,RIV-USE-SKILLS2064-225,RIV-CONS-729300;RIV-CONS-745AAD,False,69,NO_FLAG,NOT_VALIDATED_I03,NOT_VALIDATED_I03,NOT_EXECUTED_I03,SOURCE_LABEL_AVAILABLE,NOT_APPROVED_BY_CENSUS
RIV-TEXT-7AC223,TEXT,0x7AC223,0x7AC23B,0x7A,0xC223,24,32a86531f422d96cc9b94e340a130f01456f29c294ad95a3d4afb698b336cb14,True,UNAVAILABLE_HISTORICAL,Ogre Impulse,SKILL_CENSUS.json,1,RIV-USE-SKILLS2064-227,RIV-CONS-729300;RIV-CONS-745AAD,False,69,NO_FLAG,NOT_VALIDATED_I03,NOT_VALIDATED_I03,NOT_EXECUTED_I03,SOURCE_LABEL_AVAILABLE,NOT_APPROVED_BY_CENSUS
RIV-TEXT-7AC23B,TEXT,0x7AC23B,0x7AC251,0x7A,0xC23B,22,17775f4c84450f8e1adb9b8b5ce20fb2b04d386a55752d7736da461e2363059f,True,UNAVAILABLE_HISTORICAL,Quake Flash,SKILL_CENSUS.json,1,RIV-USE-SKILLS2064-230,RIV-CONS-729300;RIV-CONS-745AAD,False,63,NO_FLAG,NOT_VALIDATED_I03,NOT_VALIDATED_I03,NOT_EXECUTED_I03,SOURCE_LABEL_AVAILABLE,NOT_APPROVED_BY_CENSUS
RIV-TEXT-7AC251,TEXT,0x7AC251,0x7AC26D,0x7A,0xC251,28,f6672a56a924135e8a3036e2a3244b6c0f4515fbd69194fa9f12209e1b679e1c,True,UNAVAILABLE_HISTORICAL,Serene Inferno,SKILL_CENSUS.json,1,RIV-USE-SKILLS2064-233,RIV-CONS-729300;RIV-CONS-745AAD,False,81,NO_FLAG,NOT_VALIDATED_I03,NOT_VALIDATED_I03,NOT_EXECUTED_I03,SOURCE_LABEL_AVAILABLE,NOT_APPROVED_BY_CENSUS
RIV-TEXT-7AC26D,TEXT,0x7AC26D,0x7AC287,0x7A,0xC26D,26,cd9bf90cfd53c10c8f4bf8dbb433ed74f9047491741c30a4bd2de38839947e1a,True,UNAVAILABLE_HISTORICAL,Chaotic Flare,SKILL_CENSUS.json,1,RIV-USE-SKILLS2064-235,RIV-CONS-729300;RIV-CONS-745AAD,False,75,NO_FLAG,NOT_VALIDATED_I03,NOT_VALIDATED_I03,NOT_EXECUTED_I03,SOURCE_LABEL_AVAILABLE,NOT_APPROVED_BY_CENSUS
RIV-TEXT-7AC287,TEXT,0x7AC287,0x7AC2A1,0x7A,0xC287,26,fa658ba9d0a3b56a6c9f211a4b0b2a72d38705273e5a868ea9fbd17282243e5e,True,UNAVAILABLE_HISTORICAL,Schwarz Flash,SKILL_CENSUS.json,1,RIV-USE-SKILLS2064-238,RIV-CONS-729300;RIV-CONS-745AAD,False,75,NO_FLAG,NOT_VALIDATED_I03,NOT_VALIDATED_I03,NOT_EXECUTED_I03,SOURCE_LABEL_AVAILABLE,NOT_APPROVED_BY_CENSUS
RIV-TEXT-7AC2A1,TEXT,0x7AC2A1,0x7AC2C1,0x7A,0xC2A1,32,c0cbc2336a708ee627f171addb38de7fd5ae7f3e642e1a29f3234e1fe5fd45a8,True,UNAVAILABLE_HISTORICAL,Serene Nightmare,SKILL_CENSUS.json;RIBBON_ALIASES.json,2,RIV-USE-SKILLS2064-241;RIV-USE-RIBBON_ALIAS-C2A1,RIV-CONS-729300;RIV-CONS-72D000;RIV-CONS-745AAD,True,93,NO_FLAG,NOT_VALIDATED_I03,NOT_VALIDATED_I03,NOT_EXECUTED_I03,SOURCE_LABEL_AVAILABLE,NOT_APPROVED_BY_CENSUS
RIV-TEXT-7AC2C1,TEXT,0x7AC2C1,0x7AC2D5,0x7A,0xC2C1,20,2e4883d641b3b6e579efce920b84c9e4c3d2ff41ca3be2d0947a559bc00c5d5b,True,UNAVAILABLE_HISTORICAL,Deity Bane,SKILL_CENSUS.json,1,RIV-USE-SKILLS2064-243,RIV-CONS-729300;RIV-CONS-745AAD,False,57,NO_FLAG,NOT_VALIDATED_I03,NOT_VALIDATED_I03,NOT_EXECUTED_I03,SOURCE_LABEL_AVAILABLE,NOT_APPROVED_BY_CENSUS
RIV-TEXT-7AC2D5,TEXT,0x7AC2D5,0x7AC2ED,0x7A,0xC2D5,24,468e568b7d764ed0d470888e1d12a600f7dc6ef91bdbfd480cc06648184d760a,True,UNAVAILABLE_HISTORICAL,Freeze Flash,SKILL_CENSUS.json,1,RIV-USE-SKILLS2064-246,RIV-CONS-729300;RIV-CONS-745AAD,False,69,NO_FLAG,NOT_VALIDATED_I03,NOT_VALIDATED_I03,NOT_EXECUTED_I03,SOURCE_LABEL_AVAILABLE,NOT_APPROVED_BY_CENSUS
RIV-TEXT-7AC2ED,TEXT,0x7AC2ED,0x7AC30B,0x7A,0xC2ED,30,0c50f46a906ee3b44c7dc9482037e60a89e7fd1386abde7defc2e3f0eacfc41e,True,UNAVAILABLE_HISTORICAL,Serene Almighty,SKILL_CENSUS.json,1,RIV-USE-SKILLS2064-249,RIV-CONS-729300;RIV-CONS-745AAD,False,87,NO_FLAG,NOT_VALIDATED_I03,NOT_VALIDATED_I03,NOT_EXECUTED_I03,SOURCE_LABEL_AVAILABLE,NOT_APPROVED_BY_CENSUS
RIV-TEXT-7AC30B,TEXT,0x7AC30B,0x7AC322,0x7A,0xC30B,23,2c7f12fdac2bac3b04ae9d158d47ba8d563d9ad131158103ebfdc78e861d5dfc,True,UNAVAILABLE_HISTORICAL,Refrigerate,SKILL_CENSUS.json,1,RIV-USE-SKILLS2064-251,RIV-CONS-729300;RIV-CONS-745AAD,False,66,NO_FLAG,NOT_VALIDATED_I03,NOT_VALIDATED_I03,NOT_EXECUTED_I03,SOURCE_LABEL_AVAILABLE,NOT_APPROVED_BY_CENSUS
RIV-TEXT-7AC322,TEXT,0x7AC322,0x7AC33C,0x7A,0xC322,26,bdd5c0f620f0de2bd67beb6adc8f622251de88e01c0c3f2a261a8bef716036dd,True,UNAVAILABLE_HISTORICAL,Rainbow Flash,SKILL_CENSUS.json,1,RIV-USE-SKILLS2064-254,RIV-CONS-729300;RIV-CONS-745AAD,False,75,NO_FLAG,NOT_VALIDATED_I03,NOT_VALIDATED_I03,NOT_EXECUTED_I03,SOURCE_LABEL_AVAILABLE,NOT_APPROVED_BY_CENSUS
RIV-TEXT-7AC33C,TEXT,0x7AC33C,0x7AC35A,0x7A,0xC33C,30,2bb2417d4b5f04baa663f760cc0b3331190190421dbadf8d228ca6b8b0b9ef5a,True,UNAVAILABLE_HISTORICAL,Serene Absolute,SKILL_CENSUS.json;RIBBON_ALIASES.json,2,RIV-USE-SKILLS2064-257;RIV-USE-RIBBON_ALIAS-C33C,RIV-CONS-729300;RIV-CONS-72D000;RIV-CONS-745AAD,True,87,NO_FLAG,NOT_VALIDATED_I03,NOT_VALIDATED_I03,NOT_EXECUTED_I03,SOURCE_LABEL_AVAILABLE,NOT_APPROVED_BY_CENSUS
RIV-TEXT-7AC35A,TEXT,0x7AC35A,0x7AC36C,0x7A,0xC35A,18,5c6c5d37fa2222e0252d57c1011739787b867dade1847757fffed5428d9aec44,True,UNAVAILABLE_HISTORICAL,Misty Arc,SKILL_CENSUS.json,1,RIV-USE-SKILLS2064-259,RIV-CONS-729300;RIV-CONS-745AAD,False,51,NO_FLAG,NOT_VALIDATED_I03,NOT_VALIDATED_I03,NOT_EXECUTED_I03,SOURCE_LABEL_AVAILABLE,NOT_APPROVED_BY_CENSUS
RIV-TEXT-7AC36C,TEXT,0x7AC36C,0x7AC379,0x7A,0xC36C,13,e41080f1f649f8e8c523c47e6d0510ab0c04bd5b2251682e5c2eac9dd776a5f1,True,UNAVAILABLE_HISTORICAL,Strike,SKILL_CENSUS.json,6,RIV-USE-SKILLS2064-261;RIV-USE-SKILLS2064-269;RIV-USE-SKILLS2064-277;RIV-USE-SKILLS2064-285;RIV-USE-SKILLS2064-293;RIV-USE-SKILLS2064-301,RIV-CONS-729300;RIV-CONS-745AAD,False,36,NO_FLAG,NOT_VALIDATED_I03,NOT_VALIDATED_I03,NOT_EXECUTED_I03,SOURCE_LABEL_AVAILABLE,NOT_APPROVED_BY_CENSUS
RIV-TEXT-7AC379,TEXT,0x7AC379,0x7AC391,0x7A,0xC379,24,15bb6820be13603c62c6f84e2bc09eeeadd12ddadef881cbf46e966f7c55e594,True,UNAVAILABLE_HISTORICAL,Force Impact,SKILL_CENSUS.json,1,RIV-USE-SKILLS2064-262,RIV-CONS-729300;RIV-CONS-745AAD,False,69,NO_FLAG,NOT_VALIDATED_I03,NOT_VALIDATED_I03,NOT_EXECUTED_I03,SOURCE_LABEL_AVAILABLE,NOT_APPROVED_BY_CENSUS
RIV-TEXT-7AC391,TEXT,0x7AC391,0x7AC3A9,0x7A,0xC391,24,547fbec2ad94772dedc5b26381273bc279eeb359e017c647d3ae0a491e9b5980,True,UNAVAILABLE_HISTORICAL,Magical Shot,SKILL_CENSUS.json,6,RIV-USE-SKILLS2064-263;RIV-USE-SKILLS2064-271;RIV-USE-SKILLS2064-279;RIV-USE-SKILLS2064-287;RIV-USE-SKILLS2064-295;RIV-USE-SKILLS2064-303,RIV-CONS-729300;RIV-CONS-745AAD,False,69,NO_FLAG,NOT_VALIDATED_I03,NOT_VALIDATED_I03,NOT_EXECUTED_I03,SOURCE_LABEL_AVAILABLE,NOT_APPROVED_BY_CENSUS
RIV-TEXT-7AC3A9,TEXT,0x7AC3A9,0x7AC3BF,0x7A,0xC3A9,22,561243031823a4b8020b5b37f8fd8fb1180c96127107cff4832396ed16deffa8,True,UNAVAILABLE_HISTORICAL,Magic Burst,SKILL_CENSUS.json,1,RIV-USE-SKILLS2064-264,RIV-CONS-729300;RIV-CONS-745AAD,False,63,NO_FLAG,NOT_VALIDATED_I03,NOT_VALIDATED_I03,NOT_EXECUTED_I03,SOURCE_LABEL_AVAILABLE,NOT_APPROVED_BY_CENSUS
RIV-TEXT-7AC3BF,TEXT,0x7AC3BF,0x7AC3CE,0x7A,0xC3BF,15,3cbe6bcff2db78c5e6e2ba8d323d0c5c3969e8748f371af2e49a12702f82c029,True,UNAVAILABLE_HISTORICAL,Healing,SKILL_CENSUS.json,10,RIV-USE-SKILLS2064-267;RIV-USE-SKILLS2064-275;RIV-USE-SKILLS2064-283;RIV-USE-SKILLS2064-291;RIV-USE-SKILLS2064-299;RIV-USE-SKILLS2064-307;RIV-USE-SKILLS2064-1865;RIV-USE-SKILLS2064-1866;RIV-USE-SKILLS2064-1867;RIV-USE-SKILLS2064-1868,RIV-CONS-729300;RIV-CONS-745AAD,False,42,NO_FLAG,NOT_VALIDATED_I03,NOT_VALIDATED_I03,NOT_EXECUTED_I03,SOURCE_LABEL_AVAILABLE,NOT_APPROVED_BY_CENSUS
RIV-TEXT-7AC3CE,TEXT,0x7AC3CE,0x7AC3E2,0x7A,0xC3CE,20,d1e117ea0b4ce8d679c4cd93c2a74c83ddbd6409064201bb56566944dc4bbe11,True,UNAVAILABLE_HISTORICAL,White Wave,SKILL_CENSUS.json,1,RIV-USE-SKILLS2064-268,RIV-CONS-729300;RIV-CONS-745AAD,False,57,NO_FLAG,NOT_VALIDATED_I03,NOT_VALIDATED_I03,NOT_EXECUTED_I03,SOURCE_LABEL_AVAILABLE,NOT_APPROVED_BY_CENSUS
RIV-TEXT-7AC3E2,TEXT,0x7AC3E2,0x7AC3F6,0x7A,0xC3E2,20,29480a9fa6290cca164d4319cf68eeccf22a4a19f2722aefce50f9b56b2f3fbb,True,UNAVAILABLE_HISTORICAL,Flame Toss,SKILL_CENSUS.json,1,RIV-USE-SKILLS2064-270,RIV-CONS-729300;RIV-CONS-745AAD,False,57,NO_FLAG,NOT_VALIDATED_I03,NOT_VALIDATED_I03,NOT_EXECUTED_I03,SOURCE_LABEL_AVAILABLE,NOT_APPROVED_BY_CENSUS
RIV-TEXT-7AC3F6,TEXT,0x7AC3F6,0x7AC410,0x7A,0xC3F6,26,cecfb67e9c86fe109f3e1b3c24df76030b9eb47393a0fdd93bc4f301f7c6e11d,True,UNAVAILABLE_HISTORICAL,Cinder Squall,SKILL_CENSUS.json,1,RIV-USE-SKILLS2064-272,RIV-CONS-729300;RIV-CONS-745AAD,False,75,NO_FLAG,NOT_VALIDATED_I03,NOT_VALIDATED_I03,NOT_EXECUTED_I03,SOURCE_LABEL_AVAILABLE,NOT_APPROVED_BY_CENSUS
RIV-TEXT-7AC410,TEXT,0x7AC410,0x7AC42A,0x7A,0xC410,26,51b7a01f13edb5f678bdf652f64e58bd214d7b0d4e1bef6f504ca3d3eb9c77f0,True,UNAVAILABLE_HISTORICAL,Red Regulator,SKILL_CENSUS.json,1,RIV-USE-SKILLS2064-276,RIV-CONS-729300;RIV-CONS-745AAD,False,75,NO_FLAG,NOT_VALIDATED_I03,NOT_VALIDATED_I03,NOT_EXECUTED_I03,SOURCE_LABEL_AVAILABLE,NOT_APPROVED_BY_CENSUS
RIV-TEXT-7AC42A,TEXT,0x7AC42A,0x7AC43E,0x7A,0xC42A,20,de6f58498e4ff3e69ccea2444676fb737be43e806104545aaf2d144e4d1870f8,True,UNAVAILABLE_HISTORICAL,Holy Magic,SKILL_CENSUS.json,1,RIV-USE-SKILLS2064-278,RIV-CONS-729300;RIV-CONS-745AAD,False,57,NO_FLAG,NOT_VALIDATED_I03,NOT_VALIDATED_I03,NOT_EXECUTED_I03,SOURCE_LABEL_AVAILABLE,NOT_APPROVED_BY_CENSUS
RIV-TEXT-7AC43E,TEXT,0x7AC43E,0x7AC452,0x7A,0xC43E,20,dfabfa30825cf1ef7e9b508793dad8d57aa00070cc3b32c30a015fc64fc7ac20,True,UNAVAILABLE_HISTORICAL,Holy Blast,SKILL_CENSUS.json,1,RIV-USE-SKILLS2064-280,RIV-CONS-729300;RIV-CONS-745AAD,False,57,NO_FLAG,NOT_VALIDATED_I03,NOT_VALIDATED_I03,NOT_EXECUTED_I03,SOURCE_LABEL_AVAILABLE,NOT_APPROVED_BY_CENSUS
RIV-TEXT-7AC452,TEXT,0x7AC452,0x7AC46C,0x7A,0xC452,26,3161af04e9480d3c9a26f96f6981768af64970a55907cfa1ccb668be0697a0f7,True,UNAVAILABLE_HISTORICAL,Silver Syphon,SKILL_CENSUS.json,1,RIV-USE-SKILLS2064-284,RIV-CONS-729300;RIV-CONS-745AAD,False,75,NO_FLAG,NOT_VALIDATED_I03,NOT_VALIDATED_I03,NOT_EXECUTED_I03,SOURCE_LABEL_AVAILABLE,NOT_APPROVED_BY_CENSUS
RIV-TEXT-7AC46C,TEXT,0x7AC46C,0x7AC480,0x7A,0xC46C,20,f44e9fb4c63f83499e86ce8673a071c2e5be9f2f6aec8727f4593174fdfe5f12,True,UNAVAILABLE_HISTORICAL,Fire Blast,SKILL_CENSUS.json,1,RIV-USE-SKILLS2064-286,RIV-CONS-729300;RIV-CONS-745AAD,False,57,NO_FLAG,NOT_VALIDATED_I03,NOT_VALIDATED_I03,NOT_EXECUTED_I03,SOURCE_LABEL_AVAILABLE,NOT_APPROVED_BY_CENSUS
RIV-TEXT-7AC480,TEXT,0x7AC480,0x7AC493,0x7A,0xC480,19,891ddbbd372731a294c9c87c5dea80d369b3ec94c1be47f344f196d4dfcbba37,True,UNAVAILABLE_HISTORICAL,Firestorm,SKILL_CENSUS.json,1,RIV-USE-SKILLS2064-288,RIV-CONS-729300;RIV-CONS-745AAD,False,54,NO_FLAG,NOT_VALIDATED_I03,NOT_VALIDATED_I03,NOT_EXECUTED_I03,SOURCE_LABEL_AVAILABLE,NOT_APPROVED_BY_CENSUS
RIV-TEXT-7AC493,TEXT,0x7AC493,0x7AC4AF,0x7A,0xC493,28,6f4460ee9033a2c70f3925f7b67b6b3ca06c5e7ba971642439499ff37bf18a4e,True,UNAVAILABLE_HISTORICAL,Scarlet Screen,SKILL_CENSUS.json,1,RIV-USE-SKILLS2064-292,RIV-CONS-729300;RIV-CONS-745AAD,False,81,NO_FLAG,NOT_VALIDATED_I03,NOT_VALIDATED_I03,NOT_EXECUTED_I03,SOURCE_LABEL_AVAILABLE,NOT_APPROVED_BY_CENSUS
RIV-TEXT-7AC4AF,TEXT,0x7AC4AF,0x7AC4C3,0x7A,0xC4AF,20,d27e8827042637397e02b112225eeafbf7c92824aa584e7f9b022b0658905107,True,UNAVAILABLE_HISTORICAL,Flame Bind,SKILL_CENSUS.json,1,RIV-USE-SKILLS2064-294,RIV-CONS-729300;RIV-CONS-745AAD,False,57,NO_FLAG,NOT_VALIDATED_I03,NOT_VALIDATED_I03,NOT_EXECUTED_I03,SOURCE_LABEL_AVAILABLE,NOT_APPROVED_BY_CENSUS
RIV-TEXT-7AC4C3,TEXT,0x7AC4C3,0x7AC4D8,0x7A,0xC4C3,21,217f1238511c5253385366db4de92ea39ed6729028107eac8475cf49cb686e31,True,UNAVAILABLE_HISTORICAL,Prominence,SKILL_CENSUS.json,1,RIV-USE-SKILLS2064-296,RIV-CONS-729300;RIV-CONS-745AAD,False,60,NO_FLAG,NOT_VALIDATED_I03,NOT_VALIDATED_I03,NOT_EXECUTED_I03,SOURCE_LABEL_AVAILABLE,NOT_APPROVED_BY_CENSUS
RIV-TEXT-7AC4D8,TEXT,0x7AC4D8,0x7AC4F6,0x7A,0xC4D8,30,efdd084d8ceaa5039d2f6426cc14e791b4a37df5043de9025f40f95ae3b034a7,True,UNAVAILABLE_HISTORICAL,Carmine Cutlass,SKILL_CENSUS.json,1,RIV-USE-SKILLS2064-300,RIV-CONS-729300;RIV-CONS-745AAD,False,87,NO_FLAG,NOT_VALIDATED_I03,NOT_VALIDATED_I03,NOT_EXECUTED_I03,SOURCE_LABEL_AVAILABLE,NOT_APPROVED_BY_CENSUS
RIV-TEXT-7AC4F6,TEXT,0x7AC4F6,0x7AC50C,0x7A,0xC4F6,22,fbb0f44f07dc39e50df4c2f70b24c90a5ce9529542a5229340a93f6bc018ee06,True,UNAVAILABLE_HISTORICAL,Burn Bullet,SKILL_CENSUS.json,1,RIV-USE-SKILLS2064-302,RIV-CONS-729300;RIV-CONS-745AAD,False,63,NO_FLAG,NOT_VALIDATED_I03,NOT_VALIDATED_I03,NOT_EXECUTED_I03,SOURCE_LABEL_AVAILABLE,NOT_APPROVED_BY_CENSUS
RIV-TEXT-7AC50C,TEXT,0x7AC50C,0x7AC528,0x7A,0xC50C,28,69cbc5e86db0ed50fb6ffc6e5e3b038a63ccbc91f36c20d48c7a081a3f024146,True,UNAVAILABLE_HISTORICAL,Calamity Flare,SKILL_CENSUS.json,1,RIV-USE-SKILLS2064-304,RIV-CONS-729300;RIV-CONS-745AAD,False,81,NO_FLAG,NOT_VALIDATED_I03,NOT_VALIDATED_I03,NOT_EXECUTED_I03,SOURCE_LABEL_AVAILABLE,NOT_APPROVED_BY_CENSUS
RIV-TEXT-7AC528,TEXT,0x7AC528,0x7AC546,0x7A,0xC528,30,0f11be5e4a37a7c5ecc2f2e545822fb9877fbc1464f5208cadf040703cee47da,True,UNAVAILABLE_HISTORICAL,Magenta Missile,SKILL_CENSUS.json,1,RIV-USE-SKILLS2064-308,RIV-CONS-729300;RIV-CONS-745AAD,False,87,NO_FLAG,NOT_VALIDATED_I03,NOT_VALIDATED_I03,NOT_EXECUTED_I03,SOURCE_LABEL_AVAILABLE,NOT_APPROVED_BY_CENSUS
RIV-TEXT-7AC546,TEXT,0x7AC546,0x7AC560,0x7A,0xC546,26,91ac0a7538eab5518d021c93d37829f60a11f91d56c8927706c215103f222678,True,UNAVAILABLE_HISTORICAL,Demonic Spear,SKILL_CENSUS.json,1,RIV-USE-SKILLS2064-310,RIV-CONS-729300;RIV-CONS-745AAD,False,75,NO_FLAG,NOT_VALIDATED_I03,NOT_VALIDATED_I03,NOT_EXECUTED_I03,SOURCE_LABEL_AVAILABLE,NOT_APPROVED_BY_CENSUS
RIV-TEXT-7AC560,TEXT,0x7AC560,0x7AC577,0x7A,0xC560,23,7713460662b706d2eeb670d5fcf749a52e154a458460de3d2998a0040f72864a,True,UNAVAILABLE_HISTORICAL,Illuminance,SKILL_CENSUS.json,1,RIV-USE-SKILLS2064-313,RIV-CONS-729300;RIV-CONS-745AAD,False,66,NO_FLAG,NOT_VALIDATED_I03,NOT_VALIDATED_I03,NOT_EXECUTED_I03,SOURCE_LABEL_AVAILABLE,NOT_APPROVED_BY_CENSUS
RIV-TEXT-7AC577,TEXT,0x7AC577,0x7AC587,0x7A,0xC577,16,21f1c8d59f10083ac7a9da777142cb4bd50ce9cdc180bc3e123300fc9e6718b2,True,UNAVAILABLE_HISTORICAL,Throw In,SKILL_CENSUS.json,5,RIV-USE-SKILLS2064-314;RIV-USE-SKILLS2064-323;RIV-USE-SKILLS2064-332;RIV-USE-SKILLS2064-341;RIV-USE-SKILLS2064-350,RIV-CONS-729300;RIV-CONS-745AAD,False,45,NO_FLAG,NOT_VALIDATED_I03,NOT_VALIDATED_I03,NOT_EXECUTED_I03,SOURCE_LABEL_AVAILABLE,NOT_APPROVED_BY_CENSUS
RIV-TEXT-7AC587,TEXT,0x7AC587,0x7AC594,0x7A,0xC587,13,ee0280110c298c97323d56440866eb6d8bc9069d60615b8f09e7ae5ef3b92c07,True,UNAVAILABLE_HISTORICAL,Lancer,SKILL_CENSUS.json,1,RIV-USE-SKILLS2064-315,RIV-CONS-729300;RIV-CONS-745AAD,False,36,NO_FLAG,NOT_VALIDATED_I03,NOT_VALIDATED_I03,NOT_EXECUTED_I03,SOURCE_LABEL_AVAILABLE,NOT_APPROVED_BY_CENSUS
RIV-TEXT-7AC594,TEXT,0x7AC594,0x7AC5AC,0x7A,0xC594,24,a8768a129234d4f6700a38f708ffa84ba6302219c9610a1286a272eb093b4fa8,True,UNAVAILABLE_HISTORICAL,Vacuum Blade,SKILL_CENSUS.json,5,RIV-USE-SKILLS2064-316;RIV-USE-SKILLS2064-325;RIV-USE-SKILLS2064-334;RIV-USE-SKILLS2064-343;RIV-USE-SKILLS2064-352,RIV-CONS-729300;RIV-CONS-745AAD,False,69,NO_FLAG,NOT_VALIDATED_I03,NOT_VALIDATED_I03,NOT_EXECUTED_I03,SOURCE_LABEL_AVAILABLE,NOT_APPROVED_BY_CENSUS
RIV-TEXT-7AC5AC,TEXT,0x7AC5AC,0x7AC5BC,0x7A,0xC5AC,16,05ccc46c79f5ab6bfe5e78857593648078b86144e7d44832b767d1e865fdd0d4,True,UNAVAILABLE_HISTORICAL,Air Edge,SKILL_CENSUS.json,1,RIV-USE-SKILLS2064-317,RIV-CONS-729300;RIV-CONS-745AAD,False,45,NO_FLAG,NOT_VALIDATED_I03,NOT_VALIDATED_I03,NOT_EXECUTED_I03,SOURCE_LABEL_AVAILABLE,NOT_APPROVED_BY_CENSUS
RIV-TEXT-7AC5BC,TEXT,0x7AC5BC,0x7AC5D2,0x7A,0xC5BC,22,c7a2ca2ce80dbde2bca7813d30a6b4a2365fc75dc5bb7062a8f8de0c08dc9280,True,UNAVAILABLE_HISTORICAL,Triple Blue,SKILL_CENSUS.json,1,RIV-USE-SKILLS2064-319,RIV-CONS-729300;RIV-CONS-745AAD,False,63,NO_FLAG,NOT_VALIDATED_I03,NOT_VALIDATED_I03,NOT_EXECUTED_I03,SOURCE_LABEL_AVAILABLE,NOT_APPROVED_BY_CENSUS
RIV-TEXT-7AC5D2,TEXT,0x7AC5D2,0x7AC5E1,0x7A,0xC5D2,15,7ee075178aba18606d8affecb82c55afb27a7d270c2a25a2e0ca390c28493ec2,True,UNAVAILABLE_HISTORICAL,Serpent,SKILL_CENSUS.json,1,RIV-USE-SKILLS2064-322,RIV-CONS-729300;RIV-CONS-745AAD,False,42,NO_FLAG,NOT_VALIDATED_I03,NOT_VALIDATED_I03,NOT_EXECUTED_I03,SOURCE_LABEL_AVAILABLE,NOT_APPROVED_BY_CENSUS
RIV-TEXT-7AC5E1,TEXT,0x7AC5E1,0x7AC5F7,0x7A,0xC5E1,22,6c56342e2dfa9c67f6caed64c09aa239c3153daee2538438f166326e078b9e3f,True,UNAVAILABLE_HISTORICAL,Icicle Edge,SKILL_CENSUS.json,1,RIV-USE-SKILLS2064-324,RIV-CONS-729300;RIV-CONS-745AAD,False,63,NO_FLAG,NOT_VALIDATED_I03,NOT_VALIDATED_I03,NOT_EXECUTED_I03,SOURCE_LABEL_AVAILABLE,NOT_APPROVED_BY_CENSUS
RIV-TEXT-7AC5F7,TEXT,0x7AC5F7,0x7AC60D,0x7A,0xC5F7,22,30aa75fb212bc5fc93b0b72bc038eee723fef85cda59e4b5ccbbca542065c9be,True,UNAVAILABLE_HISTORICAL,Freeze Edge,SKILL_CENSUS.json,1,RIV-USE-SKILLS2064-326,RIV-CONS-729300;RIV-CONS-745AAD,False,63,NO_FLAG,NOT_VALIDATED_I03,NOT_VALIDATED_I03,NOT_EXECUTED_I03,SOURCE_LABEL_AVAILABLE,NOT_APPROVED_BY_CENSUS
RIV-TEXT-7AC60D,TEXT,0x7AC60D,0x7AC629,0x7A,0xC60D,28,bf972f21bb65b59d4f6b18976231599bc3df4a6aaa281080864f13e3c4fd3c6a,True,UNAVAILABLE_HISTORICAL,Trinity Strike,SKILL_CENSUS.json,1,RIV-USE-SKILLS2064-328,RIV-CONS-729300;RIV-CONS-745AAD,False,81,NO_FLAG,NOT_VALIDATED_I03,NOT_VALIDATED_I03,NOT_EXECUTED_I03,SOURCE_LABEL_AVAILABLE,NOT_APPROVED_BY_CENSUS
RIV-TEXT-7AC629,TEXT,0x7AC629,0x7AC63F,0x7A,0xC629,22,55442a99d1834fa1a8218dcd058cd4ae8d255734d1b6133e766f933332f15253,True,UNAVAILABLE_HISTORICAL,White Flash,SKILL_CENSUS.json,1,RIV-USE-SKILLS2064-331,RIV-CONS-729300;RIV-CONS-745AAD,False,63,NO_FLAG,NOT_VALIDATED_I03,NOT_VALIDATED_I03,NOT_EXECUTED_I03,SOURCE_LABEL_AVAILABLE,NOT_APPROVED_BY_CENSUS
RIV-TEXT-7AC63F,TEXT,0x7AC63F,0x7AC651,0x7A,0xC63F,18,d95e4c19eb1b12eebff8a4ab27aed27e41b37b04e2c536ebc045519de5c8fafe,True,UNAVAILABLE_HISTORICAL,Milky Way,SKILL_CENSUS.json,1,RIV-USE-SKILLS2064-333,RIV-CONS-729300;RIV-CONS-745AAD,False,51,NO_FLAG,NOT_VALIDATED_I03,NOT_VALIDATED_I03,NOT_EXECUTED_I03,SOURCE_LABEL_AVAILABLE,NOT_APPROVED_BY_CENSUS
RIV-TEXT-7AC651,TEXT,0x7AC651,0x7AC663,0x7A,0xC651,18,976d998c59617cc0fa36b9cdb052fcec579e84615e1d4525b00c05f19466fd03,True,UNAVAILABLE_HISTORICAL,Holy Edge,SKILL_CENSUS.json,1,RIV-USE-SKILLS2064-335,RIV-CONS-729300;RIV-CONS-745AAD,False,51,NO_FLAG,NOT_VALIDATED_I03,NOT_VALIDATED_I03,NOT_EXECUTED_I03,SOURCE_LABEL_AVAILABLE,NOT_APPROVED_BY_CENSUS
RIV-TEXT-7AC663,TEXT,0x7AC663,0x7AC67D,0x7A,0xC663,26,f9e5ee68527024775584b0c7a3f85c64fb2d3490b32c356fb6d8140dcc5fa866,True,UNAVAILABLE_HISTORICAL,Crystal Dance,SKILL_CENSUS.json,1,RIV-USE-SKILLS2064-337,RIV-CONS-729300;RIV-CONS-745AAD,False,75,NO_FLAG,NOT_VALIDATED_I03,NOT_VALIDATED_I03,NOT_EXECUTED_I03,SOURCE_LABEL_AVAILABLE,NOT_APPROVED_BY_CENSUS
RIV-TEXT-7AC67D,TEXT,0x7AC67D,0x7AC691,0x7A,0xC67D,20,d25560cb13734671d56ca13e4d519595a543f402a3739bdd692ed5a8f46e028b,True,UNAVAILABLE_HISTORICAL,Blue Gleam,SKILL_CENSUS.json,1,RIV-USE-SKILLS2064-340,RIV-CONS-729300;RIV-CONS-745AAD,False,57,NO_FLAG,NOT_VALIDATED_I03,NOT_VALIDATED_I03,NOT_EXECUTED_I03,SOURCE_LABEL_AVAILABLE,NOT_APPROVED_BY_CENSUS
RIV-TEXT-7AC691,TEXT,0x7AC691,0x7AC6A9,0x7A,0xC691,24,4af1130b0deba0ff32c4a613b5391321449a0c9e21a90d2a9eb46b38393edab5,True,UNAVAILABLE_HISTORICAL,Falling Star,SKILL_CENSUS.json,1,RIV-USE-SKILLS2064-342,RIV-CONS-729300;RIV-CONS-745AAD,False,69,NO_FLAG,NOT_VALIDATED_I03,NOT_VALIDATED_I03,NOT_EXECUTED_I03,SOURCE_LABEL_AVAILABLE,NOT_APPROVED_BY_CENSUS
RIV-TEXT-7AC6A9,TEXT,0x7AC6A9,0x7AC6C1,0x7A,0xC6A9,24,d2c7477aad06b8594057f41c6b89a9e1701cd29ec252ceec1f8e38d8a7ec5d85,True,UNAVAILABLE_HISTORICAL,Diamond Edge,SKILL_CENSUS.json,1,RIV-USE-SKILLS2064-344,RIV-CONS-729300;RIV-CONS-745AAD,False,69,NO_FLAG,NOT_VALIDATED_I03,NOT_VALIDATED_I03,NOT_EXECUTED_I03,SOURCE_LABEL_AVAILABLE,NOT_APPROVED_BY_CENSUS
RIV-TEXT-7AC6C1,TEXT,0x7AC6C1,0x7AC6D9,0x7A,0xC6C1,24,b6fd778090edcb384525d504579065878b39e76bbc5b1fb362d2b775c0cb48bd,True,UNAVAILABLE_HISTORICAL,Frigid Shame,SKILL_CENSUS.json,1,RIV-USE-SKILLS2064-346,RIV-CONS-729300;RIV-CONS-745AAD,False,69,NO_FLAG,NOT_VALIDATED_I03,NOT_VALIDATED_I03,NOT_EXECUTED_I03,SOURCE_LABEL_AVAILABLE,NOT_APPROVED_BY_CENSUS
RIV-TEXT-7AC6D9,TEXT,0x7AC6D9,0x7AC6F5,0x7A,0xC6D9,28,41a78b6830497847dc4b356831075ced4af35de42b69d2e93e496bb98609c6ab,True,UNAVAILABLE_HISTORICAL,Crystia Cannon,SKILL_CENSUS.json,1,RIV-USE-SKILLS2064-349,RIV-CONS-729300;RIV-CONS-745AAD,False,81,NO_FLAG,NOT_VALIDATED_I03,NOT_VALIDATED_I03,NOT_EXECUTED_I03,SOURCE_LABEL_AVAILABLE,NOT_APPROVED_BY_CENSUS
RIV-TEXT-7AC6F5,TEXT,0x7AC6F5,0x7AC70D,0x7A,0xC6F5,24,7bace62026a33224901ba516f7bfe4217e9c494ed46cbd5f22ab58d9d218af9a,True,UNAVAILABLE_HISTORICAL,Twinkle Tear,SKILL_CENSUS.json,1,RIV-USE-SKILLS2064-351,RIV-CONS-729300;RIV-CONS-745AAD,False,69,NO_FLAG,NOT_VALIDATED_I03,NOT_VALIDATED_I03,NOT_EXECUTED_I03,SOURCE_LABEL_AVAILABLE,NOT_APPROVED_BY_CENSUS
RIV-TEXT-7AC70D,TEXT,0x7AC70D,0x7AC723,0x7A,0xC70D,22,51dc672165eff70139be24805105e3a8af9aa01d95f9a110449d242867445cbe,True,UNAVAILABLE_HISTORICAL,Tragic Edge,SKILL_CENSUS.json,1,RIV-USE-SKILLS2064-353,RIV-CONS-729300;RIV-CONS-745AAD,False,63,NO_FLAG,NOT_VALIDATED_I03,NOT_VALIDATED_I03,NOT_EXECUTED_I03,SOURCE_LABEL_AVAILABLE,NOT_APPROVED_BY_CENSUS
RIV-TEXT-7AC723,TEXT,0x7AC723,0x7AC72C,0x7A,0xC723,9,0fb15b8b7b56b4d49af1602a8efca324954d4f5c998e487656dc24e3cef18dbf,True,UNAVAILABLE_HISTORICAL,Whip,SKILL_CENSUS.json,4,RIV-USE-SKILLS2064-355;RIV-USE-SKILLS2064-363;RIV-USE-SKILLS2064-371;RIV-USE-SKILLS2064-379,RIV-CONS-729300;RIV-CONS-745AAD,False,24,NO_FLAG,NOT_VALIDATED_I03,NOT_VALIDATED_I03,NOT_EXECUTED_I03,SOURCE_LABEL_AVAILABLE,NOT_APPROVED_BY_CENSUS
RIV-TEXT-7AC72C,TEXT,0x7AC72C,0x7AC746,0x7A,0xC72C,26,4e04ab71d31695b7f04ed6faf20fcb4e884ca15712672168b8991379996a5228,True,UNAVAILABLE_HISTORICAL,Snapping Rose,SKILL_CENSUS.json,1,RIV-USE-SKILLS2064-356,RIV-CONS-729300;RIV-CONS-745AAD,False,75,NO_FLAG,NOT_VALIDATED_I03,NOT_VALIDATED_I03,NOT_EXECUTED_I03,SOURCE_LABEL_AVAILABLE,NOT_APPROVED_BY_CENSUS
RIV-TEXT-7AC746,TEXT,0x7AC746,0x7AC751,0x7A,0xC746,11,f1586bce5befd6503a28c02181807b0d35f73a0799c846da3bc1a0a5279d6aa9,True,UNAVAILABLE_HISTORICAL,Swing,SKILL_CENSUS.json,8,RIV-USE-SKILLS2064-357;RIV-USE-SKILLS2064-359;RIV-USE-SKILLS2064-365;RIV-USE-SKILLS2064-367;RIV-USE-SKILLS2064-373;RIV-USE-SKILLS2064-375;RIV-USE-SKILLS2064-381;RIV-USE-SKILLS2064-383,RIV-CONS-729300;RIV-CONS-745AAD,False,30,NO_FLAG,NOT_VALIDATED_I03,NOT_VALIDATED_I03,NOT_EXECUTED_I03,SOURCE_LABEL_AVAILABLE,NOT_APPROVED_BY_CENSUS
RIV-TEXT-7AC751,TEXT,0x7AC751,0x7AC769,0x7A,0xC751,24,d139063f9297b7624855e51846ccfce63c900b9594e3ba0c93d23da23113cef7,True,UNAVAILABLE_HISTORICAL,Rumble Smash,SKILL_CENSUS.json,1,RIV-USE-SKILLS2064-358,RIV-CONS-729300;RIV-CONS-745AAD,False,69,NO_FLAG,NOT_VALIDATED_I03,NOT_VALIDATED_I03,NOT_EXECUTED_I03,SOURCE_LABEL_AVAILABLE,NOT_APPROVED_BY_CENSUS
RIV-TEXT-7AC769,TEXT,0x7AC769,0x7AC77B,0x7A,0xC769,18,60a08ee5380904f4df9eef0247358df6c16c88a88f23ec3e058faf52701681d4,True,UNAVAILABLE_HISTORICAL,Rosy Roll,SKILL_CENSUS.json,1,RIV-USE-SKILLS2064-360,RIV-CONS-729300;RIV-CONS-745AAD,False,51,NO_FLAG,NOT_VALIDATED_I03,NOT_VALIDATED_I03,NOT_EXECUTED_I03,SOURCE_LABEL_AVAILABLE,NOT_APPROVED_BY_CENSUS
RIV-TEXT-7AC77B,TEXT,0x7AC77B,0x7AC793,0x7A,0xC77B,24,98346011e678fab22ce06697a7b8bb48c4083e96c63863c05c138c824990cf19,True,UNAVAILABLE_HISTORICAL,Burning Lash,SKILL_CENSUS.json,1,RIV-USE-SKILLS2064-364,RIV-CONS-729300;RIV-CONS-745AAD,False,69,NO_FLAG,NOT_VALIDATED_I03,NOT_VALIDATED_I03,NOT_EXECUTED_I03,SOURCE_LABEL_AVAILABLE,NOT_APPROVED_BY_CENSUS
RIV-TEXT-7AC793,TEXT,0x7AC793,0x7AC7A9,0x7A,0xC793,22,a4e6a8064964b9ce974c9a04687dc75f7f80ef0c4c80216fcdfe2e145e7b6830,True,UNAVAILABLE_HISTORICAL,Flare Burst,SKILL_CENSUS.json,1,RIV-USE-SKILLS2064-366,RIV-CONS-729300;RIV-CONS-745AAD,False,63,NO_FLAG,NOT_VALIDATED_I03,NOT_VALIDATED_I03,NOT_EXECUTED_I03,SOURCE_LABEL_AVAILABLE,NOT_APPROVED_BY_CENSUS
RIV-TEXT-7AC7A9,TEXT,0x7AC7A9,0x7AC7BF,0x7A,0xC7A9,22,86d3efe5e7b474f42a5b1798ed110241ba20e2754fd8360dd83da1a0504b985f,True,UNAVAILABLE_HISTORICAL,Red Cyclone,SKILL_CENSUS.json,1,RIV-USE-SKILLS2064-368,RIV-CONS-729300;RIV-CONS-745AAD,False,63,NO_FLAG,NOT_VALIDATED_I03,NOT_VALIDATED_I03,NOT_EXECUTED_I03,SOURCE_LABEL_AVAILABLE,NOT_APPROVED_BY_CENSUS
RIV-TEXT-7AC7BF,TEXT,0x7AC7BF,0x7AC7D7,0x7A,0xC7BF,24,b8618e942db0915a81f2a285ef932b03b0ddb30a73ef1987b330f176b5c378d9,True,UNAVAILABLE_HISTORICAL,Thunder Beat,SKILL_CENSUS.json,1,RIV-USE-SKILLS2064-372,RIV-CONS-729300;RIV-CONS-745AAD,False,69,NO_FLAG,NOT_VALIDATED_I03,NOT_VALIDATED_I03,NOT_EXECUTED_I03,SOURCE_LABEL_AVAILABLE,NOT_APPROVED_BY_CENSUS
RIV-TEXT-7AC7D7,TEXT,0x7AC7D7,0x7AC7E9,0x7A,0xC7D7,18,011cdcd3bfc6cde5969b9acdc62929a231028f238b0a8daccf520010aab14716,True,UNAVAILABLE_HISTORICAL,Bolt Gash,SKILL_CENSUS.json,1,RIV-USE-SKILLS2064-374,RIV-CONS-729300;RIV-CONS-745AAD,False,51,NO_FLAG,NOT_VALIDATED_I03,NOT_VALIDATED_I03,NOT_EXECUTED_I03,SOURCE_LABEL_AVAILABLE,NOT_APPROVED_BY_CENSUS
RIV-TEXT-7AC7E9,TEXT,0x7AC7E9,0x7AC7FF,0x7A,0xC7E9,22,abf6e88bac9c2c7a2c0abdd3fa9eb423074b1ba6489fc564d75b8cf4c519a7bf,True,UNAVAILABLE_HISTORICAL,Plasma Spin,SKILL_CENSUS.json,1,RIV-USE-SKILLS2064-376,RIV-CONS-729300;RIV-CONS-745AAD,False,63,NO_FLAG,NOT_VALIDATED_I03,NOT_VALIDATED_I03,NOT_EXECUTED_I03,SOURCE_LABEL_AVAILABLE,NOT_APPROVED_BY_CENSUS
RIV-TEXT-7AC7FF,TEXT,0x7AC7FF,0x7AC813,0x7A,0xC7FF,20,b11bdc8ab4e45eff61f51de44824e28146ac1755ab08b3435457a21d952440bc,True,UNAVAILABLE_HISTORICAL,Snake Bite,SKILL_CENSUS.json,1,RIV-USE-SKILLS2064-380,RIV-CONS-729300;RIV-CONS-745AAD,False,57,NO_FLAG,NOT_VALIDATED_I03,NOT_VALIDATED_I03,NOT_EXECUTED_I03,SOURCE_LABEL_AVAILABLE,NOT_APPROVED_BY_CENSUS
RIV-TEXT-7AC813,TEXT,0x7AC813,0x7AC826,0x7A,0xC813,19,996b5031f5e11f2adb7ebbf81ef4841ef541f4c21cd31a4fa80a8733c7fa015e,True,UNAVAILABLE_HISTORICAL,Detonator,SKILL_CENSUS.json,1,RIV-USE-SKILLS2064-382,RIV-CONS-729300;RIV-CONS-745AAD,False,54,NO_FLAG,NOT_VALIDATED_I03,NOT_VALIDATED_I03,NOT_EXECUTED_I03,SOURCE_LABEL_AVAILABLE,NOT_APPROVED_BY_CENSUS
RIV-TEXT-7AC826,TEXT,0x7AC826,0x7AC83D,0x7A,0xC826,23,683ea9fdad81ecd2be0d899bb9dcb9b3bc130b4b1ed5da5957a378d45e5dd6e0,True,UNAVAILABLE_HISTORICAL,Constrictor,SKILL_CENSUS.json,1,RIV-USE-SKILLS2064-384,RIV-CONS-729300;RIV-CONS-745AAD,False,66,NO_FLAG,NOT_VALIDATED_I03,NOT_VALIDATED_I03,NOT_EXECUTED_I03,SOURCE_LABEL_AVAILABLE,NOT_APPROVED_BY_CENSUS
RIV-TEXT-7AC83D,TEXT,0x7AC83D,0x7AC84C,0x7A,0xC83D,15,10e14d19ef94ae722f501b07a24fb3eecd976bf6fc1a5c779100769ec073fae5,True,UNAVAILABLE_HISTORICAL,Scratch,SKILL_CENSUS.json,13,RIV-USE-SKILLS2064-388;RIV-USE-SKILLS2064-390;RIV-USE-SKILLS2064-395;RIV-USE-SKILLS2064-397;RIV-USE-SKILLS2064-402;RIV-USE-SKILLS2064-404;RIV-USE-SKILLS2064-409;RIV-USE-SKILLS2064-411;RIV-USE-SKILLS2064-1235;RIV-USE-SKILLS2064-1241;RIV-USE-SKILLS2064-1247;RIV-USE-SKILLS2064-1253;RIV-USE-SKILLS2064-1259,RIV-CONS-729300;RIV-CONS-745AAD,False,42,NO_FLAG,NOT_VALIDATED_I03,NOT_VALIDATED_I03,NOT_EXECUTED_I03,SOURCE_LABEL_AVAILABLE,NOT_APPROVED_BY_CENSUS
RIV-TEXT-7AC84C,TEXT,0x7AC84C,0x7AC85E,0x7A,0xC84C,18,c1eb734dbd3746a35656dfff6f1fa2fa084269064c5822220eef74d6c418e5cb,True,UNAVAILABLE_HISTORICAL,Wild Tear,SKILL_CENSUS.json,1,RIV-USE-SKILLS2064-389,RIV-CONS-729300;RIV-CONS-745AAD,False,51,NO_FLAG,NOT_VALIDATED_I03,NOT_VALIDATED_I03,NOT_EXECUTED_I03,SOURCE_LABEL_AVAILABLE,NOT_APPROVED_BY_CENSUS
RIV-TEXT-7AC85E,TEXT,0x7AC85E,0x7AC870,0x7A,0xC85E,18,6e0e74e2342b1ffb0b7995e4b3a0e26a16eb53f876bef9c23574ac23367607bc,True,UNAVAILABLE_HISTORICAL,High Claw,SKILL_CENSUS.json,1,RIV-USE-SKILLS2064-391,RIV-CONS-729300;RIV-CONS-745AAD,False,51,NO_FLAG,NOT_VALIDATED_I03,NOT_VALIDATED_I03,NOT_EXECUTED_I03,SOURCE_LABEL_AVAILABLE,NOT_APPROVED_BY_CENSUS
RIV-TEXT-7AC870,TEXT,0x7AC870,0x7AC884,0x7A,0xC870,20,5db1ab75ca5d7e9af37ac8a76d7316dfcb53d22bd37394dcc1e9374cb16ecd83,True,UNAVAILABLE_HISTORICAL,Blood Rave,SKILL_CENSUS.json,1,RIV-USE-SKILLS2064-396,RIV-CONS-729300;RIV-CONS-745AAD,False,57,NO_FLAG,NOT_VALIDATED_I03,NOT_VALIDATED_I03,NOT_EXECUTED_I03,SOURCE_LABEL_AVAILABLE,NOT_APPROVED_BY_CENSUS
RIV-TEXT-7AC884,TEXT,0x7AC884,0x7AC89A,0x7A,0xC884,22,19f7bb55c46b54c03604da20a84fe8688cc05e72d8194287499c411066e1c699,True,UNAVAILABLE_HISTORICAL,Buster Claw,SKILL_CENSUS.json,1,RIV-USE-SKILLS2064-398,RIV-CONS-729300;RIV-CONS-745AAD,False,63,NO_FLAG,NOT_VALIDATED_I03,NOT_VALIDATED_I03,NOT_EXECUTED_I03,SOURCE_LABEL_AVAILABLE,NOT_APPROVED_BY_CENSUS
RIV-TEXT-7AC89A,TEXT,0x7AC89A,0x7AC8B4,0x7A,0xC89A,26,14a35fb73b04e19cf0ccff3226416dd9b24bee6a51b83e651716bcb3fc99e0bc,True,UNAVAILABLE_HISTORICAL,Fenrir Attack,SKILL_CENSUS.json,1,RIV-USE-SKILLS2064-403,RIV-CONS-729300;RIV-CONS-745AAD,False,75,NO_FLAG,NOT_VALIDATED_I03,NOT_VALIDATED_I03,NOT_EXECUTED_I03,SOURCE_LABEL_AVAILABLE,NOT_APPROVED_BY_CENSUS
RIV-TEXT-7AC8B4,TEXT,0x7AC8B4,0x7AC8CC,0x7A,0xC8B4,24,83d674c7f2d595f93a3207037b47104306f9e04103f4ae60b6ff9a685a4e03ad,True,UNAVAILABLE_HISTORICAL,Passion Claw,SKILL_CENSUS.json,1,RIV-USE-SKILLS2064-405,RIV-CONS-729300;RIV-CONS-745AAD,False,69,NO_FLAG,NOT_VALIDATED_I03,NOT_VALIDATED_I03,NOT_EXECUTED_I03,SOURCE_LABEL_AVAILABLE,NOT_APPROVED_BY_CENSUS
RIV-TEXT-7AC8CC,TEXT,0x7AC8CC,0x7AC8DC,0x7A,0xC8CC,16,96f55dd75241d1a37f2940fd15757fe257e29d446deb616e6eeb180178c85782,True,UNAVAILABLE_HISTORICAL,No Mercy,SKILL_CENSUS.json,1,RIV-USE-SKILLS2064-410,RIV-CONS-729300;RIV-CONS-745AAD,False,45,NO_FLAG,NOT_VALIDATED_I03,NOT_VALIDATED_I03,NOT_EXECUTED_I03,SOURCE_LABEL_AVAILABLE,NOT_APPROVED_BY_CENSUS
RIV-TEXT-7AC8DC,TEXT,0x7AC8DC,0x7AC8F2,0x7A,0xC8DC,22,68a93a0b581884bebc6da243a6bd804d434aff69ea6b3229416664dafd88a7cf,True,UNAVAILABLE_HISTORICAL,Rising Claw,SKILL_CENSUS.json,1,RIV-USE-SKILLS2064-412,RIV-CONS-729300;RIV-CONS-745AAD,False,63,NO_FLAG,NOT_VALIDATED_I03,NOT_VALIDATED_I03,NOT_EXECUTED_I03,SOURCE_LABEL_AVAILABLE,NOT_APPROVED_BY_CENSUS
RIV-TEXT-7AC8F2,TEXT,0x7AC8F2,0x7AC90D,0x7A,0xC8F2,27,f91c2db6674df2906af7ebec7328efdd37278e91bfdf596e6d76c234ce586fbf,True,UNAVAILABLE_HISTORICAL,Flame of Laura,SKILL_CENSUS.json,1,RIV-USE-SKILLS2064-415,RIV-CONS-729300;RIV-CONS-745AAD,False,78,NO_FLAG,NOT_VALIDATED_I03,NOT_VALIDATED_I03,NOT_EXECUTED_I03,SOURCE_LABEL_AVAILABLE,NOT_APPROVED_BY_CENSUS
RIV-TEXT-7AC90D,TEXT,0x7AC90D,0x7AC91E,0x7A,0xC90D,17,871f3080d8064b6778341ef0798c0fa9043607d1639a906ac1225e0f9b25f552,True,UNAVAILABLE_HISTORICAL,Disaster,SKILL_CENSUS.json,1,RIV-USE-SKILLS2064-416,RIV-CONS-729300;RIV-CONS-745AAD,False,48,NO_FLAG,NOT_VALIDATED_I03,NOT_VALIDATED_I03,NOT_EXECUTED_I03,SOURCE_LABEL_AVAILABLE,NOT_APPROVED_BY_CENSUS
RIV-TEXT-7AC91E,TEXT,0x7AC91E,0x7AC930,0x7A,0xC91E,18,5846b8ac489069c9195289b5e5e5266d600425108a6d875fa7adafa1f7f585bd,True,UNAVAILABLE_HISTORICAL,Book Toss,SKILL_CENSUS.json,8,RIV-USE-SKILLS2064-418;RIV-USE-SKILLS2064-426;RIV-USE-SKILLS2064-434;RIV-USE-SKILLS2064-442;RIV-USE-SKILLS2064-1037;RIV-USE-SKILLS2064-1043;RIV-USE-SKILLS2064-1049;RIV-USE-SKILLS2064-1055,RIV-CONS-729300;RIV-CONS-745AAD,False,51,NO_FLAG,NOT_VALIDATED_I03,NOT_VALIDATED_I03,NOT_EXECUTED_I03,SOURCE_LABEL_AVAILABLE,NOT_APPROVED_BY_CENSUS
RIV-TEXT-7AC930,TEXT,0x7AC930,0x7AC946,0x7A,0xC930,22,01d2834c99cd8af40298a0fc2c02d1479044ebd364b0af20165d719d72cf537b,True,UNAVAILABLE_HISTORICAL,Wild Flames,SKILL_CENSUS.json,1,RIV-USE-SKILLS2064-419,RIV-CONS-729300;RIV-CONS-745AAD,False,63,NO_FLAG,NOT_VALIDATED_I03,NOT_VALIDATED_I03,NOT_EXECUTED_I03,SOURCE_LABEL_AVAILABLE,NOT_APPROVED_BY_CENSUS
RIV-TEXT-7AC946,TEXT,0x7AC946,0x7AC95D,0x7A,0xC946,23,7d57b68d85b5c5e5d0a8bc7478bc7451e1df87d3ef210384ab734a4582dfe18b,True,UNAVAILABLE_HISTORICAL,Restoration,SKILL_CENSUS.json,4,RIV-USE-SKILLS2064-420;RIV-USE-SKILLS2064-428;RIV-USE-SKILLS2064-436;RIV-USE-SKILLS2064-444,RIV-CONS-729300;RIV-CONS-745AAD,False,66,NO_FLAG,NOT_VALIDATED_I03,NOT_VALIDATED_I03,NOT_EXECUTED_I03,SOURCE_LABEL_AVAILABLE,NOT_APPROVED_BY_CENSUS
RIV-TEXT-7AC95D,TEXT,0x7AC95D,0x7AC971,0x7A,0xC95D,20,68606bd2985168053402886817c3d472ac2bfef4a566655ccbed18c248a9c007,True,UNAVAILABLE_HISTORICAL,Feuer Rune,SKILL_CENSUS.json,1,RIV-USE-SKILLS2064-421,RIV-CONS-729300;RIV-CONS-745AAD,False,57,NO_FLAG,NOT_VALIDATED_I03,NOT_VALIDATED_I03,NOT_EXECUTED_I03,SOURCE_LABEL_AVAILABLE,NOT_APPROVED_BY_CENSUS
RIV-TEXT-7AC971,TEXT,0x7AC971,0x7AC989,0x7A,0xC971,24,5e38d373d8a38577479eef31b187edf9534bd4790c84f18d4d99384e8d1ecce1,True,UNAVAILABLE_HISTORICAL,Nanai's Snow,SKILL_CENSUS.json,1,RIV-USE-SKILLS2064-423,RIV-CONS-729300;RIV-CONS-745AAD,False,69,NO_FLAG,NOT_VALIDATED_I03,NOT_VALIDATED_I03,NOT_EXECUTED_I03,SOURCE_LABEL_AVAILABLE,NOT_APPROVED_BY_CENSUS
RIV-TEXT-7AC989,TEXT,0x7AC989,0x7AC99F,0x7A,0xC989,22,86adb6ed6a23b35a3671c5f9306c8d707158a6b4637d60a5cfb041b9381379c1,True,UNAVAILABLE_HISTORICAL,Frigid Zone,SKILL_CENSUS.json,1,RIV-USE-SKILLS2064-424,RIV-CONS-729300;RIV-CONS-745AAD,False,63,NO_FLAG,NOT_VALIDATED_I03,NOT_VALIDATED_I03,NOT_EXECUTED_I03,SOURCE_LABEL_AVAILABLE,NOT_APPROVED_BY_CENSUS
RIV-TEXT-7AC99F,TEXT,0x7AC99F,0x7AC9BF,0x7A,0xC99F,32,a1fe298b4d223525101ab82636eb78bc2b189b0171038325e2a41169ff15966d,True,UNAVAILABLE_HISTORICAL,Violent Blizzard,SKILL_CENSUS.json,1,RIV-USE-SKILLS2064-427,RIV-CONS-729300;RIV-CONS-745AAD,False,93,NO_FLAG,NOT_VALIDATED_I03,NOT_VALIDATED_I03,NOT_EXECUTED_I03,SOURCE_LABEL_AVAILABLE,NOT_APPROVED_BY_CENSUS
RIV-TEXT-7AC9BF,TEXT,0x7AC9BF,0x7AC9CF,0x7A,0xC9BF,16,14ef87ad260ddfb7617634d92092c4d6eba5db12373ea46973d9d4f3552f126c,True,UNAVAILABLE_HISTORICAL,Eis Rune,SKILL_CENSUS.json,1,RIV-USE-SKILLS2064-429,RIV-CONS-729300;RIV-CONS-745AAD,False,45,NO_FLAG,NOT_VALIDATED_I03,NOT_VALIDATED_I03,NOT_EXECUTED_I03,SOURCE_LABEL_AVAILABLE,NOT_APPROVED_BY_CENSUS
RIV-TEXT-7AC9CF,TEXT,0x7AC9CF,0x7AC9EF,0x7A,0xC9CF,32,a4a517e198ee957fdfc35f79a956e715d98ef59fc4eb90dbf2f6e249f70fab6f,True,UNAVAILABLE_HISTORICAL,Gelt's Lightning,SKILL_CENSUS.json,1,RIV-USE-SKILLS2064-431,RIV-CONS-729300;RIV-CONS-745AAD,False,93,NO_FLAG,NOT_VALIDATED_I03,NOT_VALIDATED_I03,NOT_EXECUTED_I03,SOURCE_LABEL_AVAILABLE,NOT_APPROVED_BY_CENSUS
RIV-TEXT-7AC9EF,TEXT,0x7AC9EF,0x7ACA09,0x7A,0xC9EF,26,9bce4dc3998ce9f3e2e561de61853a6d0cc9a4ed6eee5273f22f2c3defb1aac2,True,UNAVAILABLE_HISTORICAL,Thunder Storm,SKILL_CENSUS.json,1,RIV-USE-SKILLS2064-432,RIV-CONS-729300;RIV-CONS-745AAD,False,75,NO_FLAG,NOT_VALIDATED_I03,NOT_VALIDATED_I03,NOT_EXECUTED_I03,SOURCE_LABEL_AVAILABLE,NOT_APPROVED_BY_CENSUS
RIV-TEXT-7ACA09,TEXT,0x7ACA09,0x7ACA29,0x7A,0xCA09,32,fac4b0c373d668496fcee1864a27cbd97d41d99fe56fbc8ceb8b4e5620af88ce,True,UNAVAILABLE_HISTORICAL,Electric Thunder,SKILL_CENSUS.json;RIBBON_ALIASES.json,2,RIV-USE-SKILLS2064-435;RIV-USE-RIBBON_ALIAS-CA09,RIV-CONS-729300;RIV-CONS-72D000;RIV-CONS-745AAD,True,93,NO_FLAG,NOT_VALIDATED_I03,NOT_VALIDATED_I03,NOT_EXECUTED_I03,SOURCE_LABEL_AVAILABLE,NOT_APPROVED_BY_CENSUS
RIV-TEXT-7ACA29,TEXT,0x7ACA29,0x7ACA3D,0x7A,0xCA29,20,1ef1d21041b3d9e9c57eb4f7036e1d0b13961d24e540ae476e0bd0ce3dec04a3,True,UNAVAILABLE_HISTORICAL,Blitz Rune,SKILL_CENSUS.json,1,RIV-USE-SKILLS2064-437,RIV-CONS-729300;RIV-CONS-745AAD,False,57,NO_FLAG,NOT_VALIDATED_I03,NOT_VALIDATED_I03,NOT_EXECUTED_I03,SOURCE_LABEL_AVAILABLE,NOT_APPROVED_BY_CENSUS
RIV-TEXT-7ACA3D,TEXT,0x7ACA3D,0x7ACA58,0x7A,0xCA3D,27,cf6c9fda84c650d17e1aebe4d1ee766fbca33993ccc62bb4eb3a476aad65d831,True,UNAVAILABLE_HISTORICAL,Light of Kirie,SKILL_CENSUS.json,1,RIV-USE-SKILLS2064-439,RIV-CONS-729300;RIV-CONS-745AAD,False,78,NO_FLAG,NOT_VALIDATED_I03,NOT_VALIDATED_I03,NOT_EXECUTED_I03,SOURCE_LABEL_AVAILABLE,NOT_APPROVED_BY_CENSUS
RIV-TEXT-7ACA58,TEXT,0x7ACA58,0x7ACA76,0x7A,0xCA58,30,4a0e1606ff918cdecf8e6e1a70b1e8cd813237b2425e805ae9b099f0ec2e9445,True,UNAVAILABLE_HISTORICAL,Innocent Sphere,SKILL_CENSUS.json,1,RIV-USE-SKILLS2064-440,RIV-CONS-729300;RIV-CONS-745AAD,False,87,NO_FLAG,NOT_VALIDATED_I03,NOT_VALIDATED_I03,NOT_EXECUTED_I03,SOURCE_LABEL_AVAILABLE,NOT_APPROVED_BY_CENSUS
RIV-TEXT-7ACA76,TEXT,0x7ACA76,0x7ACA90,0x7A,0xCA76,26,c034ebc4b0ae0ef280c19f8cc0cf0fee1982661057ebe1776b2bdf4c952a8ba1,True,UNAVAILABLE_HISTORICAL,Blazing Light,SKILL_CENSUS.json,1,RIV-USE-SKILLS2064-443,RIV-CONS-729300;RIV-CONS-745AAD,False,75,NO_FLAG,NOT_VALIDATED_I03,NOT_VALIDATED_I03,NOT_EXECUTED_I03,SOURCE_LABEL_AVAILABLE,NOT_APPROVED_BY_CENSUS
RIV-TEXT-7ACA90,TEXT,0x7ACA90,0x7ACAA6,0x7A,0xCA90,22,06ada3bdc28ffa8d73aea3dc1391f415156efe90684423e5b2ab13658cfb9413,True,UNAVAILABLE_HISTORICAL,Heilig Rune,SKILL_CENSUS.json,1,RIV-USE-SKILLS2064-445,RIV-CONS-729300;RIV-CONS-745AAD,False,63,NO_FLAG,NOT_VALIDATED_I03,NOT_VALIDATED_I03,NOT_EXECUTED_I03,SOURCE_LABEL_AVAILABLE,NOT_APPROVED_BY_CENSUS
RIV-TEXT-7ACAA6,TEXT,0x7ACAA6,0x7ACAC0,0x7A,0xCAA6,26,b66f934d15e19dae78f210a4b5111877b9d43b93727e024d4e7b363d9fd61ef4,True,UNAVAILABLE_HISTORICAL,Phoenix Dance,SKILL_CENSUS.json,1,RIV-USE-SKILLS2064-448,RIV-CONS-729300;RIV-CONS-745AAD,False,75,NO_FLAG,NOT_VALIDATED_I03,NOT_VALIDATED_I03,NOT_EXECUTED_I03,SOURCE_LABEL_AVAILABLE,NOT_APPROVED_BY_CENSUS
RIV-TEXT-7ACAC0,TEXT,0x7ACAC0,0x7ACAD6,0x7A,0xCAC0,22,0de58a4f25ba308821b36a5443d478df435e113e654a682d906384e55e2fa20e,True,UNAVAILABLE_HISTORICAL,Ifrit Fling,SKILL_CENSUS.json,1,RIV-USE-SKILLS2064-449,RIV-CONS-729300;RIV-CONS-745AAD,False,63,NO_FLAG,NOT_VALIDATED_I03,NOT_VALIDATED_I03,NOT_EXECUTED_I03,SOURCE_LABEL_AVAILABLE,NOT_APPROVED_BY_CENSUS
RIV-TEXT-7ACAD6,TEXT,0x7ACAD6,0x7ACAE3,0x7A,0xCAD6,13,c7a58cd00366245bcd877efd0e0622b0b47a283c553c8b734f45d698d90ba564,True,UNAVAILABLE_HISTORICAL,Xanadu,SKILL_CENSUS.json,1,RIV-USE-SKILLS2064-451,RIV-CONS-729300;RIV-CONS-745AAD,False,36,NO_FLAG,NOT_VALIDATED_I03,NOT_VALIDATED_I03,NOT_EXECUTED_I03,SOURCE_LABEL_AVAILABLE,NOT_APPROVED_BY_CENSUS
RIV-TEXT-7ACAE3,TEXT,0x7ACAE3,0x7ACAFF,0x7A,0xCAE3,28,b6e987e56a6b287847b31735d7a634cf77aa26a7f87f24901f195fdbcd913c5a,True,UNAVAILABLE_HISTORICAL,Astral Glitter,SKILL_CENSUS.json,1,RIV-USE-SKILLS2064-455,RIV-CONS-729300;RIV-CONS-745AAD,False,81,NO_FLAG,NOT_VALIDATED_I03,NOT_VALIDATED_I03,NOT_EXECUTED_I03,SOURCE_LABEL_AVAILABLE,NOT_APPROVED_BY_CENSUS
RIV-TEXT-7ACAFF,TEXT,0x7ACAFF,0x7ACB19,0x7A,0xCAFF,26,0f1850aec448f344b6388efadb789d481544dbbdc319e1826457ef0c1e583e5d,True,UNAVAILABLE_HISTORICAL,Gigantic Bolt,SKILL_CENSUS.json,1,RIV-USE-SKILLS2064-459,RIV-CONS-729300;RIV-CONS-745AAD,False,75,NO_FLAG,NOT_VALIDATED_I03,NOT_VALIDATED_I03,NOT_EXECUTED_I03,SOURCE_LABEL_AVAILABLE,NOT_APPROVED_BY_CENSUS
RIV-TEXT-7ACB19,TEXT,0x7ACB19,0x7ACB2D,0x7A,0xCB19,20,5dcac23af2a1aea609f5481ba9e62f0f0a5fcffb7b89fed7a1089b8a143b631b,True,UNAVAILABLE_HISTORICAL,Giga Drive,SKILL_CENSUS.json,1,RIV-USE-SKILLS2064-460,RIV-CONS-729300;RIV-CONS-745AAD,False,57,NO_FLAG,NOT_VALIDATED_I03,NOT_VALIDATED_I03,NOT_EXECUTED_I03,SOURCE_LABEL_AVAILABLE,NOT_APPROVED_BY_CENSUS
RIV-TEXT-7ACB2D,TEXT,0x7ACB2D,0x7ACB4B,0x7A,0xCB2D,30,94da09479d3fe184e6d376cd31a98cca388ad4eff13a00f8860234c45cfe8864,True,UNAVAILABLE_HISTORICAL,Nightmare Chill,SKILL_CENSUS.json,1,RIV-USE-SKILLS2064-463,RIV-CONS-729300;RIV-CONS-745AAD,False,87,NO_FLAG,NOT_VALIDATED_I03,NOT_VALIDATED_I03,NOT_EXECUTED_I03,SOURCE_LABEL_AVAILABLE,NOT_APPROVED_BY_CENSUS
RIV-TEXT-7ACB4B,TEXT,0x7ACB4B,0x7ACB67,0x7A,0xCB4B,28,a145d02e99060a0230df6c77eea14868349d33929f69b855c6f058596c247dd2,True,UNAVAILABLE_HISTORICAL,Glacial Shadow,SKILL_CENSUS.json,1,RIV-USE-SKILLS2064-464,RIV-CONS-729300;RIV-CONS-745AAD,False,81,NO_FLAG,NOT_VALIDATED_I03,NOT_VALIDATED_I03,NOT_EXECUTED_I03,SOURCE_LABEL_AVAILABLE,NOT_APPROVED_BY_CENSUS
RIV-TEXT-7ACB67,TEXT,0x7ACB67,0x7ACB7A,0x7A,0xCB67,19,f91c40898f230c6823a9d3adcaf166eb04ce1afe625605b440721269482973cb,True,UNAVAILABLE_HISTORICAL,Sacrament,SKILL_CENSUS.json,1,RIV-USE-SKILLS2064-467,RIV-CONS-729300;RIV-CONS-745AAD,False,54,NO_FLAG,NOT_VALIDATED_I03,NOT_VALIDATED_I03,NOT_EXECUTED_I03,SOURCE_LABEL_AVAILABLE,NOT_APPROVED_BY_CENSUS
RIV-TEXT-7ACB7A,TEXT,0x7ACB7A,0x7ACB8E,0x7A,0xCB7A,20,2807c434217ffb9bba5722bb4eb9197d13a6933d7ae2d336ac824d6190d5560a,True,UNAVAILABLE_HISTORICAL,Angel Cure,SKILL_CENSUS.json,1,RIV-USE-SKILLS2064-470,RIV-CONS-729300;RIV-CONS-745AAD,False,57,NO_FLAG,NOT_VALIDATED_I03,NOT_VALIDATED_I03,NOT_EXECUTED_I03,SOURCE_LABEL_AVAILABLE,NOT_APPROVED_BY_CENSUS
RIV-TEXT-7ACB8E,TEXT,0x7ACB8E,0x7ACB97,0x7A,0xCB8E,9,47425cb9a9f727e33fcd246b6d7236ebdbb353f013693e938ecee1ac1bf1e243,True,UNAVAILABLE_HISTORICAL,Toss,SKILL_CENSUS.json,12,RIV-USE-SKILLS2064-471;RIV-USE-SKILLS2064-473;RIV-USE-SKILLS2064-475;RIV-USE-SKILLS2064-476;RIV-USE-SKILLS2064-478;RIV-USE-SKILLS2064-480;RIV-USE-SKILLS2064-610;RIV-USE-SKILLS2064-663;RIV-USE-SKILLS2064-664;RIV-USE-SKILLS2064-665;RIV-USE-SKILLS2064-666;RIV-USE-SKILLS2064-667,RIV-CONS-729300;RIV-CONS-745AAD,False,24,NO_FLAG,NOT_VALIDATED_I03,NOT_VALIDATED_I03,NOT_EXECUTED_I03,SOURCE_LABEL_AVAILABLE,NOT_APPROVED_BY_CENSUS
RIV-TEXT-7ACB97,TEXT,0x7ACB97,0x7ACBAB,0x7A,0xCB97,20,358f143d09d2d0f46dcf63cabf9de83ffe7ee8a26d42fe15d01fce339688d7bd,True,UNAVAILABLE_HISTORICAL,Blue Layer,SKILL_CENSUS.json,1,RIV-USE-SKILLS2064-472,RIV-CONS-729300;RIV-CONS-745AAD,False,57,NO_FLAG,NOT_VALIDATED_I03,NOT_VALIDATED_I03,NOT_EXECUTED_I03,SOURCE_LABEL_AVAILABLE,NOT_APPROVED_BY_CENSUS
RIV-TEXT-7ACBAB,TEXT,0x7ACBAB,0x7ACBC3,0x7A,0xCBAB,24,a548e39150839480d954c19f9fb9aa5ab79b167a3bc364f5a8ba5b19287bdf7a,True,UNAVAILABLE_HISTORICAL,Critical Hit,SKILL_CENSUS.json,2,RIV-USE-SKILLS2064-474;RIV-USE-SKILLS2064-479,RIV-CONS-729300;RIV-CONS-745AAD,False,69,NO_FLAG,NOT_VALIDATED_I03,NOT_VALIDATED_I03,NOT_EXECUTED_I03,SOURCE_LABEL_AVAILABLE,NOT_APPROVED_BY_CENSUS
RIV-TEXT-7ACBC3,TEXT,0x7ACBC3,0x7ACBD9,0x7A,0xCBC3,22,d20bb4c2fab817dac331bdd9968c828d887116ed67ae4cc109235bd5f0740161,True,UNAVAILABLE_HISTORICAL,Red Surface,SKILL_CENSUS.json,1,RIV-USE-SKILLS2064-477,RIV-CONS-729300;RIV-CONS-745AAD,False,63,NO_FLAG,NOT_VALIDATED_I03,NOT_VALIDATED_I03,NOT_EXECUTED_I03,SOURCE_LABEL_AVAILABLE,NOT_APPROVED_BY_CENSUS
RIV-TEXT-7ACBD9,TEXT,0x7ACBD9,0x7ACBF1,0x7A,0xCBD9,24,62290cfcea34d692ec43306821fb27da3cc00b5423988576aa3ee151b713fce8,True,UNAVAILABLE_HISTORICAL,Gravity Nova,SKILL_CENSUS.json,1,RIV-USE-SKILLS2064-482,RIV-CONS-729300;RIV-CONS-745AAD,False,69,NO_FLAG,NOT_VALIDATED_I03,NOT_VALIDATED_I03,NOT_EXECUTED_I03,SOURCE_LABEL_AVAILABLE,NOT_APPROVED_BY_CENSUS
RIV-TEXT-7ACBF1,TEXT,0x7ACBF1,0x7ACC05,0x7A,0xCBF1,20,e3615ae13d4db8140091d8fe0bd6aec41975fa63b0aed283879e1faf518e5a83,True,UNAVAILABLE_HISTORICAL,Null Lance,SKILL_CENSUS.json,1,RIV-USE-SKILLS2064-486,RIV-CONS-729300;RIV-CONS-745AAD,False,57,NO_FLAG,NOT_VALIDATED_I03,NOT_VALIDATED_I03,NOT_EXECUTED_I03,SOURCE_LABEL_AVAILABLE,NOT_APPROVED_BY_CENSUS
RIV-TEXT-7ACC05,TEXT,0x7ACC05,0x7ACC1D,0x7A,0xCC05,24,f0800bf7acd082752b00ab647483bdb39e3cc2c761454280af1cb558c2867cfc,True,UNAVAILABLE_HISTORICAL,Fanelia Beam,SKILL_CENSUS.json,1,RIV-USE-SKILLS2064-491,RIV-CONS-729300;RIV-CONS-745AAD,False,69,NO_FLAG,NOT_VALIDATED_I03,NOT_VALIDATED_I03,NOT_EXECUTED_I03,SOURCE_LABEL_AVAILABLE,NOT_APPROVED_BY_CENSUS
RIV-TEXT-7ACC1D,TEXT,0x7ACC1D,0x7ACC31,0x7A,0xCC1D,20,ed511f7f479be95b1725fc5f0d084b9355e09a8f7d1ec7c066e9a3481274dac1,True,UNAVAILABLE_HISTORICAL,Nost Lenne,SKILL_CENSUS.json,1,RIV-USE-SKILLS2064-497,RIV-CONS-729300;RIV-CONS-745AAD,False,57,NO_FLAG,NOT_VALIDATED_I03,NOT_VALIDATED_I03,NOT_EXECUTED_I03,SOURCE_LABEL_AVAILABLE,NOT_APPROVED_BY_CENSUS
RIV-TEXT-7ACC31,TEXT,0x7ACC31,0x7ACC49,0x7A,0xCC31,24,0758011087688e1e3e6f7427e3e6283395a1ec72737c49827ff1ef23b33290de,True,UNAVAILABLE_HISTORICAL,Magic Trance,SKILL_CENSUS.json,1,RIV-USE-SKILLS2064-500,RIV-CONS-729300;RIV-CONS-745AAD,False,69,NO_FLAG,NOT_VALIDATED_I03,NOT_VALIDATED_I03,NOT_EXECUTED_I03,SOURCE_LABEL_AVAILABLE,NOT_APPROVED_BY_CENSUS
RIV-TEXT-7ACC49,TEXT,0x7ACC49,0x7ACC5D,0x7A,0xCC49,20,5cbdf260066bd57d5daaef5b42e1055810f63752a0fafea019ce9b66e363a7ea,True,UNAVAILABLE_HISTORICAL,Ceneca Qui,SKILL_CENSUS.json,1,RIV-USE-SKILLS2064-502,RIV-CONS-729300;RIV-CONS-745AAD,False,57,NO_FLAG,NOT_VALIDATED_I03,NOT_VALIDATED_I03,NOT_EXECUTED_I03,SOURCE_LABEL_AVAILABLE,NOT_APPROVED_BY_CENSUS
RIV-TEXT-7ACC5D,TEXT,0x7ACC5D,0x7ACC7B,0x7A,0xCC5D,30,8bb50ce614d8b207142d9dcf6a8599280c3778a2a888906a9694b31aa99828db,True,UNAVAILABLE_HISTORICAL,Strength Trance,SKILL_CENSUS.json;RIBBON_ALIASES.json,2,RIV-USE-SKILLS2064-505;RIV-USE-RIBBON_ALIAS-CC5D,RIV-CONS-729300;RIV-CONS-72D000;RIV-CONS-745AAD,True,87,NO_FLAG,NOT_VALIDATED_I03,NOT_VALIDATED_I03,NOT_EXECUTED_I03,SOURCE_LABEL_AVAILABLE,NOT_APPROVED_BY_CENSUS
RIV-TEXT-7ACC7B,TEXT,0x7ACC7B,0x7ACC8D,0x7A,0xCC7B,18,d30675f38e3c7e40a8cf546c2df37b7466f38954ffcbccc49229a060457e6c19,True,UNAVAILABLE_HISTORICAL,Clene Met,SKILL_CENSUS.json,1,RIV-USE-SKILLS2064-507,RIV-CONS-729300;RIV-CONS-745AAD,False,51,NO_FLAG,NOT_VALIDATED_I03,NOT_VALIDATED_I03,NOT_EXECUTED_I03,SOURCE_LABEL_AVAILABLE,NOT_APPROVED_BY_CENSUS
RIV-TEXT-7ACC8D,TEXT,0x7ACC8D,0x7ACCA9,0x7A,0xCC8D,28,ae92b94cb6272fa53baa0f294409fed68b269f2a31277f4807555f3a21734d47,True,UNAVAILABLE_HISTORICAL,Agility Trance,SKILL_CENSUS.json,1,RIV-USE-SKILLS2064-510,RIV-CONS-729300;RIV-CONS-745AAD,False,81,NO_FLAG,NOT_VALIDATED_I03,NOT_VALIDATED_I03,NOT_EXECUTED_I03,SOURCE_LABEL_AVAILABLE,NOT_APPROVED_BY_CENSUS
RIV-TEXT-7ACCA9,TEXT,0x7ACCA9,0x7ACCC0,0x7A,0xCCA9,23,2ccaafa5bfe625f629c1bccf48aecb0b41f564184a3735aeb007a603efa7b771,True,UNAVAILABLE_HISTORICAL,Ama-Tsubame,SKILL_CENSUS.json,1,RIV-USE-SKILLS2064-515,RIV-CONS-729300;RIV-CONS-745AAD,False,66,NO_FLAG,NOT_VALIDATED_I03,NOT_VALIDATED_I03,NOT_EXECUTED_I03,SOURCE_LABEL_AVAILABLE,NOT_APPROVED_BY_CENSUS
RIV-TEXT-7ACCC0,TEXT,0x7ACCC0,0x7ACCD9,0x7A,0xCCC0,25,2511f985faf19255ee6fc5e56473525af5071f16b85c2b5b8d1fb09ae7e40f68,True,UNAVAILABLE_HISTORICAL,Oboro-Garasu,SKILL_CENSUS.json,1,RIV-USE-SKILLS2064-520,RIV-CONS-729300;RIV-CONS-745AAD,False,72,NO_FLAG,NOT_VALIDATED_I03,NOT_VALIDATED_I03,NOT_EXECUTED_I03,SOURCE_LABEL_AVAILABLE,NOT_APPROVED_BY_CENSUS
RIV-TEXT-7ACCD9,TEXT,0x7ACCD9,0x7ACCEC,0x7A,0xCCD9,19,8584f3acb2e7a21070e6c46edc51bc96caf0ae8505d1929dbecd2a7a9d7e5115,True,UNAVAILABLE_HISTORICAL,Boomerang,SKILL_CENSUS.json,1,RIV-USE-SKILLS2064-521,RIV-CONS-729300;RIV-CONS-745AAD,False,54,NO_FLAG,NOT_VALIDATED_I03,NOT_VALIDATED_I03,NOT_EXECUTED_I03,SOURCE_LABEL_AVAILABLE,NOT_APPROVED_BY_CENSUS
RIV-TEXT-7ACCEC,TEXT,0x7ACCEC,0x7ACD08,0x7A,0xCCEC,28,661bd60305b6a6a59403cb94c94e64da5c7b4978c587dd7ffe3672ff68bcf0b2,True,UNAVAILABLE_HISTORICAL,Lightning Call,SKILL_CENSUS.json,1,RIV-USE-SKILLS2064-522,RIV-CONS-729300;RIV-CONS-745AAD,False,81,NO_FLAG,NOT_VALIDATED_I03,NOT_VALIDATED_I03,NOT_EXECUTED_I03,SOURCE_LABEL_AVAILABLE,NOT_APPROVED_BY_CENSUS
RIV-TEXT-7ACD08,TEXT,0x7ACD08,0x7ACD20,0x7A,0xCD08,24,348612af3e25622f24f5bc1bd34242173cc50ca19812b80cc4fc9cc44823a69b,True,UNAVAILABLE_HISTORICAL,Giga Thunder,SKILL_CENSUS.json,1,RIV-USE-SKILLS2064-525,RIV-CONS-729300;RIV-CONS-745AAD,False,69,NO_FLAG,NOT_VALIDATED_I03,NOT_VALIDATED_I03,NOT_EXECUTED_I03,SOURCE_LABEL_AVAILABLE,NOT_APPROVED_BY_CENSUS
RIV-TEXT-7ACD20,TEXT,0x7ACD20,0x7ACD36,0x7A,0xCD20,22,a62ea4f5b4abb16f8bbf1c5f2662c2471fe74fba5f8f50fe6451c1dbb36f672f,True,UNAVAILABLE_HISTORICAL,Dragon Slay,SKILL_CENSUS.json,4,RIV-USE-SKILLS2064-527;RIV-USE-SKILLS2064-532;RIV-USE-SKILLS2064-537;RIV-USE-SKILLS2064-542,RIV-CONS-729300;RIV-CONS-745AAD,False,63,NO_FLAG,NOT_VALIDATED_I03,NOT_VALIDATED_I03,NOT_EXECUTED_I03,SOURCE_LABEL_AVAILABLE,NOT_APPROVED_BY_CENSUS
RIV-TEXT-7ACD36,TEXT,0x7ACD36,0x7ACD4E,0x7A,0xCD36,24,ced64788303ba1fa6fe58dc34fbceb0734ee78092fafb7df9846f4fc553b874d,True,UNAVAILABLE_HISTORICAL,Revenge Fang,SKILL_CENSUS.json,3,RIV-USE-SKILLS2064-547;RIV-USE-SKILLS2064-552;RIV-USE-SKILLS2064-557,RIV-CONS-729300;RIV-CONS-745AAD,False,69,NO_FLAG,NOT_VALIDATED_I03,NOT_VALIDATED_I03,NOT_EXECUTED_I03,SOURCE_LABEL_AVAILABLE,NOT_APPROVED_BY_CENSUS
RIV-TEXT-7ACD4E,TEXT,0x7ACD4E,0x7ACD68,0x7A,0xCD4E,26,b4f4ceaf0eb17c80cbbbcec5d133d9d7d8a905f3c088546999beec5ff5d594a5,True,UNAVAILABLE_HISTORICAL,Hunting Throw,SKILL_CENSUS.json,3,RIV-USE-SKILLS2064-550;RIV-USE-SKILLS2064-555;RIV-USE-SKILLS2064-560,RIV-CONS-729300;RIV-CONS-745AAD,False,75,NO_FLAG,NOT_VALIDATED_I03,NOT_VALIDATED_I03,NOT_EXECUTED_I03,SOURCE_LABEL_AVAILABLE,NOT_APPROVED_BY_CENSUS
RIV-TEXT-7ACD68,TEXT,0x7ACD68,0x7ACD7A,0x7A,0xCD68,18,859d5898260d650bd5782d8b1c3feeb26cd59809026f380c1362641a3e6dfe9c,True,UNAVAILABLE_HISTORICAL,Kill Shot,SKILL_CENSUS.json,2,RIV-USE-SKILLS2064-565;RIV-USE-SKILLS2064-570,RIV-CONS-729300;RIV-CONS-745AAD,False,51,NO_FLAG,NOT_VALIDATED_I03,NOT_VALIDATED_I03,NOT_EXECUTED_I03,SOURCE_LABEL_AVAILABLE,NOT_APPROVED_BY_CENSUS
RIV-TEXT-7ACD7A,TEXT,0x7ACD7A,0x7ACD8C,0x7A,0xCD7A,18,1b0c4b794e104f89f418d84d068bb8eb804d07d2bc91ea0a4467cbbff60b9795,True,UNAVAILABLE_HISTORICAL,Stun Edge,SKILL_CENSUS.json,2,RIV-USE-SKILLS2064-566;RIV-USE-SKILLS2064-571,RIV-CONS-729300;RIV-CONS-745AAD,False,51,NO_FLAG,NOT_VALIDATED_I03,NOT_VALIDATED_I03,NOT_EXECUTED_I03,SOURCE_LABEL_AVAILABLE,NOT_APPROVED_BY_CENSUS
RIV-TEXT-7ACD8C,TEXT,0x7ACD8C,0x7ACDA0,0x7A,0xCD8C,20,200e15c0fcf2d0ff8895889584b0cbdb31ab6ea2ef8f3bcdb7d86ccac5b34785,True,UNAVAILABLE_HISTORICAL,Gale Arrow,SKILL_CENSUS.json,1,RIV-USE-SKILLS2064-575,RIV-CONS-729300;RIV-CONS-745AAD,False,57,NO_FLAG,NOT_VALIDATED_I03,NOT_VALIDATED_I03,NOT_EXECUTED_I03,SOURCE_LABEL_AVAILABLE,NOT_APPROVED_BY_CENSUS
RIV-TEXT-7ACDA0,TEXT,0x7ACDA0,0x7ACDB8,0x7A,0xCDA0,24,d3c208c2068bbc53a85ad1d8351250760cc8bfe36cf13dd60744831b0505d1f5,True,UNAVAILABLE_HISTORICAL,Fallen Arrow,SKILL_CENSUS.json,1,RIV-USE-SKILLS2064-580,RIV-CONS-729300;RIV-CONS-745AAD,False,69,NO_FLAG,NOT_VALIDATED_I03,NOT_VALIDATED_I03,NOT_EXECUTED_I03,SOURCE_LABEL_AVAILABLE,NOT_APPROVED_BY_CENSUS
RIV-TEXT-7ACDB8,TEXT,0x7ACDB8,0x7ACDD2,0x7A,0xCDB8,26,7061453f57afc0b5b00f4b552e5b58f727849bf2e37db51871ef0c55011091b9,True,UNAVAILABLE_HISTORICAL,Phoenix Arrow,SKILL_CENSUS.json,1,RIV-USE-SKILLS2064-585,RIV-CONS-729300;RIV-CONS-745AAD,False,75,NO_FLAG,NOT_VALIDATED_I03,NOT_VALIDATED_I03,NOT_EXECUTED_I03,SOURCE_LABEL_AVAILABLE,NOT_APPROVED_BY_CENSUS
RIV-TEXT-7ACDD2,TEXT,0x7ACDD2,0x7ACDEA,0x7A,0xCDD2,24,3506f81fc965ae7527324fa25c95e9ef2bd69d1e4e7c9b0eb386d6b82656a71d,True,UNAVAILABLE_HISTORICAL,Dragon Arrow,SKILL_CENSUS.json,1,RIV-USE-SKILLS2064-590,RIV-CONS-729300;RIV-CONS-745AAD,False,69,NO_FLAG,NOT_VALIDATED_I03,NOT_VALIDATED_I03,NOT_EXECUTED_I03,SOURCE_LABEL_AVAILABLE,NOT_APPROVED_BY_CENSUS
RIV-TEXT-7ACDF7,TEXT,0x7ACDF7,0x7ACE11,0x7A,0xCDF7,26,b3642034b4808e409732e6b563ce682563a221e923a01813f71473e94255b470,True,UNAVAILABLE_HISTORICAL,Vampire Night,SKILL_CENSUS.json,3,RIV-USE-SKILLS2064-594;RIV-USE-SKILLS2064-599;RIV-USE-SKILLS2064-604,RIV-CONS-729300;RIV-CONS-745AAD,False,75,NO_FLAG,NOT_VALIDATED_I03,NOT_VALIDATED_I03,NOT_EXECUTED_I03,SOURCE_LABEL_AVAILABLE,NOT_APPROVED_BY_CENSUS
RIV-TEXT-7ACE11,TEXT,0x7ACE11,0x7ACE1C,0x7A,0xCE11,11,4b03f973fd11323c4f0586944210b6ca14eb4215e5312497de79deb91cb33c37,True,UNAVAILABLE_HISTORICAL,Sling,SKILL_CENSUS.json,9,RIV-USE-SKILLS2064-607;RIV-USE-SKILLS2064-608;RIV-USE-SKILLS2064-609;RIV-USE-SKILLS2064-611;RIV-USE-SKILLS2064-680;RIV-USE-SKILLS2064-681;RIV-USE-SKILLS2064-682;RIV-USE-SKILLS2064-683;RIV-USE-SKILLS2064-684,RIV-CONS-729300;RIV-CONS-745AAD,False,30,NO_FLAG,NOT_VALIDATED_I03,NOT_VALIDATED_I03,NOT_EXECUTED_I03,SOURCE_LABEL_AVAILABLE,NOT_APPROVED_BY_CENSUS
RIV-TEXT-7ACE1C,TEXT,0x7ACE1C,0x7ACE34,0x7A,0xCE1C,24,e83b4efd55cd1e917c0bcfa7a16fc0ced015065808d3539b1d9a76f42b8caa90,True,UNAVAILABLE_HISTORICAL,Lullaby Whip,SKILL_CENSUS.json,1,RIV-USE-SKILLS2064-613,RIV-CONS-729300;RIV-CONS-745AAD,False,69,NO_FLAG,NOT_VALIDATED_I03,NOT_VALIDATED_I03,NOT_EXECUTED_I03,SOURCE_LABEL_AVAILABLE,NOT_APPROVED_BY_CENSUS
RIV-TEXT-7ACE34,TEXT,0x7ACE34,0x7ACE3D,0x7A,0xCE34,9,c784372633ce4f394d1c308463f6dd6b65a4002baaa355011bf9ce5df6c0eda6,True,UNAVAILABLE_HISTORICAL,Ring,SKILL_CENSUS.json,5,RIV-USE-SKILLS2064-617;RIV-USE-SKILLS2064-618;RIV-USE-SKILLS2064-619;RIV-USE-SKILLS2064-620;RIV-USE-SKILLS2064-621,RIV-CONS-729300;RIV-CONS-745AAD,False,24,NO_FLAG,NOT_VALIDATED_I03,NOT_VALIDATED_I03,NOT_EXECUTED_I03,SOURCE_LABEL_AVAILABLE,NOT_APPROVED_BY_CENSUS
RIV-TEXT-7ACE3D,TEXT,0x7ACE3D,0x7ACE53,0x7A,0xCE3D,22,c2f61bbab9cb7be195304100f25fc3a68c440d44076f5e116d8e21e64aad75bb,True,UNAVAILABLE_HISTORICAL,Bee Assault,SKILL_CENSUS.json,5,RIV-USE-SKILLS2064-622;RIV-USE-SKILLS2064-623;RIV-USE-SKILLS2064-624;RIV-USE-SKILLS2064-625;RIV-USE-SKILLS2064-626,RIV-CONS-729300;RIV-CONS-745AAD,False,63,NO_FLAG,NOT_VALIDATED_I03,NOT_VALIDATED_I03,NOT_EXECUTED_I03,SOURCE_LABEL_AVAILABLE,NOT_APPROVED_BY_CENSUS
RIV-TEXT-7ACE53,TEXT,0x7ACE53,0x7ACE67,0x7A,0xCE53,20,c96162e331c671b69e4942370e66ea2db2df3d2bc8e721259085b366dabb0fe8,True,UNAVAILABLE_HISTORICAL,Bee Cannon,SKILL_CENSUS.json,5,RIV-USE-SKILLS2064-627;RIV-USE-SKILLS2064-628;RIV-USE-SKILLS2064-629;RIV-USE-SKILLS2064-630;RIV-USE-SKILLS2064-631,RIV-CONS-729300;RIV-CONS-745AAD,False,57,NO_FLAG,NOT_VALIDATED_I03,NOT_VALIDATED_I03,NOT_EXECUTED_I03,SOURCE_LABEL_AVAILABLE,NOT_APPROVED_BY_CENSUS
RIV-TEXT-7ACE67,TEXT,0x7ACE67,0x7ACE74,0x7A,0xCE67,13,500b98fd6cb40ffcd0c3db7234915ee80b90d082881d4ad88b5ff9605bc0ff56,True,UNAVAILABLE_HISTORICAL,Hermit,SKILL_CENSUS.json,1,RIV-USE-SKILLS2064-632,RIV-CONS-729300;RIV-CONS-745AAD,False,36,NO_FLAG,NOT_VALIDATED_I03,NOT_VALIDATED_I03,NOT_EXECUTED_I03,SOURCE_LABEL_AVAILABLE,NOT_APPROVED_BY_CENSUS
RIV-TEXT-7ACE74,TEXT,0x7ACE74,0x7ACE85,0x7A,0xCE74,17,ce0c886711389185d8ff4e6477d28dbadb65ed79a727d9dd13a479c01767ff07,True,UNAVAILABLE_HISTORICAL,Magician,SKILL_CENSUS.json,1,RIV-USE-SKILLS2064-633,RIV-CONS-729300;RIV-CONS-745AAD,False,48,NO_FLAG,NOT_VALIDATED_I03,NOT_VALIDATED_I03,NOT_EXECUTED_I03,SOURCE_LABEL_AVAILABLE,NOT_APPROVED_BY_CENSUS
RIV-TEXT-7ACE85,TEXT,0x7ACE85,0x7ACE90,0x7A,0xCE85,11,237a4573b6e8969602c6cb362adbba64d5261329a0e11c27b5c1c965f0fb412d,True,UNAVAILABLE_HISTORICAL,Devil,SKILL_CENSUS.json,1,RIV-USE-SKILLS2064-634,RIV-CONS-729300;RIV-CONS-745AAD,False,30,NO_FLAG,NOT_VALIDATED_I03,NOT_VALIDATED_I03,NOT_EXECUTED_I03,SOURCE_LABEL_AVAILABLE,NOT_APPROVED_BY_CENSUS
RIV-TEXT-7ACE90,TEXT,0x7ACE90,0x7ACEAE,0x7A,0xCE90,30,e955dc47dfbbf88ccf4cab446a2a7f52ca9cafb0fce1c61dde29d76178f28dc5,True,UNAVAILABLE_HISTORICAL,Fortune's Wheel,SKILL_CENSUS.json,1,RIV-USE-SKILLS2064-635,RIV-CONS-729300;RIV-CONS-745AAD,False,87,NO_FLAG,NOT_VALIDATED_I03,NOT_VALIDATED_I03,NOT_EXECUTED_I03,SOURCE_LABEL_AVAILABLE,NOT_APPROVED_BY_CENSUS
RIV-TEXT-7ACEAE,TEXT,0x7ACEAE,0x7ACEBD,0x7A,0xCEAE,15,310030242bf41a8724d4d94dcfc45d36fa5a714ee2c598e6f012c17852968bc3,True,UNAVAILABLE_HISTORICAL,Justice,SKILL_CENSUS.json,1,RIV-USE-SKILLS2064-636,RIV-CONS-729300;RIV-CONS-745AAD,False,42,NO_FLAG,NOT_VALIDATED_I03,NOT_VALIDATED_I03,NOT_EXECUTED_I03,SOURCE_LABEL_AVAILABLE,NOT_APPROVED_BY_CENSUS
RIV-TEXT-7ACEBD,TEXT,0x7ACEBD,0x7ACED5,0x7A,0xCEBD,24,92627d1f4caf15ee706c7929bb2ceb11c4b7790f2beed769565e95309b275ad4,True,UNAVAILABLE_HISTORICAL,Summon Happy,SKILL_CENSUS.json,1,RIV-USE-SKILLS2064-642,RIV-CONS-729300;RIV-CONS-745AAD,False,69,NO_FLAG,NOT_VALIDATED_I03,NOT_VALIDATED_I03,NOT_EXECUTED_I03,SOURCE_LABEL_AVAILABLE,NOT_APPROVED_BY_CENSUS
RIV-TEXT-7ACED5,TEXT,0x7ACED5,0x7ACEE2,0x7A,0xCED5,13,0eef1e06b50b5a22faffbf8442f234d0d7d73892fcdbfa708173dd23bd36a2c9,True,UNAVAILABLE_HISTORICAL,Tickle,SKILL_CENSUS.json,9,RIV-USE-SKILLS2064-643;RIV-USE-SKILLS2064-644;RIV-USE-SKILLS2064-645;RIV-USE-SKILLS2064-646;RIV-USE-SKILLS2064-668;RIV-USE-SKILLS2064-669;RIV-USE-SKILLS2064-670;RIV-USE-SKILLS2064-671;RIV-USE-SKILLS2064-672,RIV-CONS-729300;RIV-CONS-745AAD,False,36,NO_FLAG,NOT_VALIDATED_I03,NOT_VALIDATED_I03,NOT_EXECUTED_I03,SOURCE_LABEL_AVAILABLE,NOT_APPROVED_BY_CENSUS
RIV-TEXT-7ACEE2,TEXT,0x7ACEE2,0x7ACEF3,0x7A,0xCEE2,17,68288a987a307e45db3a0f8198774cb1e11ddf0fefc35eb8b42299fb63496336,True,UNAVAILABLE_HISTORICAL,Decipher,SKILL_CENSUS.json,5,RIV-USE-SKILLS2064-647;RIV-USE-SKILLS2064-648;RIV-USE-SKILLS2064-649;RIV-USE-SKILLS2064-650;RIV-USE-SKILLS2064-651,RIV-CONS-729300;RIV-CONS-745AAD,False,48,NO_FLAG,NOT_VALIDATED_I03,NOT_VALIDATED_I03,NOT_EXECUTED_I03,SOURCE_LABEL_AVAILABLE,NOT_APPROVED_BY_CENSUS
RIV-TEXT-7ACEF3,TEXT,0x7ACEF3,0x7ACF05,0x7A,0xCEF3,18,829cc384f856a320485199915d284e62995d3a01b6e8d87aa4863b6d402f1d9f,True,UNAVAILABLE_HISTORICAL,Blow Away,SKILL_CENSUS.json,5,RIV-USE-SKILLS2064-652;RIV-USE-SKILLS2064-653;RIV-USE-SKILLS2064-654;RIV-USE-SKILLS2064-656;RIV-USE-SKILLS2064-657,RIV-CONS-729300;RIV-CONS-745AAD,False,51,NO_FLAG,NOT_VALIDATED_I03,NOT_VALIDATED_I03,NOT_EXECUTED_I03,SOURCE_LABEL_AVAILABLE,NOT_APPROVED_BY_CENSUS
RIV-TEXT-7ACF05,TEXT,0x7ACF05,0x7ACF1B,0x7A,0xCF05,22,40481bcca4decad75ad708b63beb6cdbc744a13bb447b5244a1ce242814bb7f5,True,UNAVAILABLE_HISTORICAL,Wind Cutter,SKILL_CENSUS.json,1,RIV-USE-SKILLS2064-655,RIV-CONS-729300;RIV-CONS-745AAD,False,63,NO_FLAG,NOT_VALIDATED_I03,NOT_VALIDATED_I03,NOT_EXECUTED_I03,SOURCE_LABEL_AVAILABLE,NOT_APPROVED_BY_CENSUS
RIV-TEXT-7ACF1B,TEXT,0x7ACF1B,0x7ACF2C,0x7A,0xCF1B,17,71455c3a47453ae5cabb65ddc8a5c76559ed89044016cd37bbf1059e441bec25,True,UNAVAILABLE_HISTORICAL,Entangle,SKILL_CENSUS.json,5,RIV-USE-SKILLS2064-658;RIV-USE-SKILLS2064-659;RIV-USE-SKILLS2064-660;RIV-USE-SKILLS2064-661;RIV-USE-SKILLS2064-662,RIV-CONS-729300;RIV-CONS-745AAD,False,48,NO_FLAG,NOT_VALIDATED_I03,NOT_VALIDATED_I03,NOT_EXECUTED_I03,SOURCE_LABEL_AVAILABLE,NOT_APPROVED_BY_CENSUS
RIV-TEXT-7ACF2C,TEXT,0x7ACF2C,0x7ACF3E,0x7A,0xCF2C,18,d34cbb8354a5b4e1885b5fb8c137cdf759ad6266b099fca0c041d756f3f93368,True,UNAVAILABLE_HISTORICAL,Dark Fire,SKILL_CENSUS.json,1,RIV-USE-SKILLS2064-674,RIV-CONS-729300;RIV-CONS-745AAD,False,51,NO_FLAG,NOT_VALIDATED_I03,NOT_VALIDATED_I03,NOT_EXECUTED_I03,SOURCE_LABEL_AVAILABLE,NOT_APPROVED_BY_CENSUS
RIV-TEXT-7ACF3E,TEXT,0x7ACF3E,0x7ACF50,0x7A,0xCF3E,18,4053d6813d3253945a443ae06312b2f061c2dccd1b4a45fdc82ae406d597eb65,True,UNAVAILABLE_HISTORICAL,Dark Heal,SKILL_CENSUS.json,1,RIV-USE-SKILLS2064-675,RIV-CONS-729300;RIV-CONS-745AAD,False,51,NO_FLAG,NOT_VALIDATED_I03,NOT_VALIDATED_I03,NOT_EXECUTED_I03,SOURCE_LABEL_AVAILABLE,NOT_APPROVED_BY_CENSUS
RIV-TEXT-7ACF50,TEXT,0x7ACF50,0x7ACF57,0x7A,0xCF50,7,ed23c43122d41cb6989d8a74bbf1557f8bea176aae2f9e47a42d21ae2ebb9815,True,UNAVAILABLE_HISTORICAL,Fan,SKILL_CENSUS.json,1,RIV-USE-SKILLS2064-676,RIV-CONS-729300;RIV-CONS-745AAD,False,18,NO_FLAG,NOT_VALIDATED_I03,NOT_VALIDATED_I03,NOT_EXECUTED_I03,SOURCE_LABEL_AVAILABLE,NOT_APPROVED_BY_CENSUS
RIV-TEXT-7ACF57,TEXT,0x7ACF57,0x7ACF71,0x7A,0xCF57,26,4d6893dde11b54b0a7e16f8fdb98c295c08db0ab6aa9c91e369b402055c8db85,True,UNAVAILABLE_HISTORICAL,Black Tornado,SKILL_CENSUS.json,1,RIV-USE-SKILLS2064-677,RIV-CONS-729300;RIV-CONS-745AAD,False,75,NO_FLAG,NOT_VALIDATED_I03,NOT_VALIDATED_I03,NOT_EXECUTED_I03,SOURCE_LABEL_AVAILABLE,NOT_APPROVED_BY_CENSUS
RIV-TEXT-7ACF71,TEXT,0x7ACF71,0x7ACF83,0x7A,0xCF71,18,5d0fe1b2d4fe1fc5520c736532cc372de80bb7a294e99be30f967c7768e9a3dd,True,UNAVAILABLE_HISTORICAL,Mad Raven,SKILL_CENSUS.json,1,RIV-USE-SKILLS2064-678,RIV-CONS-729300;RIV-CONS-745AAD,False,51,NO_FLAG,NOT_VALIDATED_I03,NOT_VALIDATED_I03,NOT_EXECUTED_I03,SOURCE_LABEL_AVAILABLE,NOT_APPROVED_BY_CENSUS
RIV-TEXT-7ACF83,TEXT,0x7ACF83,0x7ACF97,0x7A,0xCF83,20,505e765658488ca30a50d8c95256bbe55d3c63390309f9bfeb5fa51e15e2c377,True,UNAVAILABLE_HISTORICAL,Dark Dance,SKILL_CENSUS.json,1,RIV-USE-SKILLS2064-679,RIV-CONS-729300;RIV-CONS-745AAD,False,57,NO_FLAG,NOT_VALIDATED_I03,NOT_VALIDATED_I03,NOT_EXECUTED_I03,SOURCE_LABEL_AVAILABLE,NOT_APPROVED_BY_CENSUS
RIV-TEXT-7ACF97,TEXT,0x7ACF97,0x7ACFAB,0x7A,0xCF97,20,900b5ac7686cf2b56447e5f622556f8e6128d7ff0af73a9ffebdb34bdc3f378a,True,UNAVAILABLE_HISTORICAL,Smart Bomb,SKILL_CENSUS.json,5,RIV-USE-SKILLS2064-685;RIV-USE-SKILLS2064-686;RIV-USE-SKILLS2064-687;RIV-USE-SKILLS2064-688;RIV-USE-SKILLS2064-689,RIV-CONS-729300;RIV-CONS-745AAD,False,57,NO_FLAG,NOT_VALIDATED_I03,NOT_VALIDATED_I03,NOT_EXECUTED_I03,SOURCE_LABEL_AVAILABLE,NOT_APPROVED_BY_CENSUS
RIV-TEXT-7ACFAB,TEXT,0x7ACFAB,0x7ACFBD,0x7A,0xCFAB,18,83cb9f2b2a5874b3997a92875bda4d8c07b962fbe80f0758ddb96601b5564b08,True,UNAVAILABLE_HISTORICAL,Gale Wing,SKILL_CENSUS.json,11,RIV-USE-SKILLS2064-690;RIV-USE-SKILLS2064-691;RIV-USE-SKILLS2064-692;RIV-USE-SKILLS2064-694;RIV-USE-SKILLS2064-695;RIV-USE-SKILLS2064-1641;RIV-USE-SKILLS2064-1642;RIV-USE-SKILLS2064-1647;RIV-USE-SKILLS2064-1648;RIV-USE-SKILLS2064-1653;RIV-USE-SKILLS2064-1654,RIV-CONS-729300;RIV-CONS-745AAD,False,51,NO_FLAG,NOT_VALIDATED_I03,NOT_VALIDATED_I03,NOT_EXECUTED_I03,SOURCE_LABEL_AVAILABLE,NOT_APPROVED_BY_CENSUS
RIV-TEXT-7ACFBD,TEXT,0x7ACFBD,0x7ACFD3,0x7A,0xCFBD,22,89714f86cd85c722d509260bfcbdb1a36163d21f7941a06f21c177061d876999,True,UNAVAILABLE_HISTORICAL,Wind Hazard,SKILL_CENSUS.json,1,RIV-USE-SKILLS2064-693,RIV-CONS-729300;RIV-CONS-745AAD,False,63,NO_FLAG,NOT_VALIDATED_I03,NOT_VALIDATED_I03,NOT_EXECUTED_I03,SOURCE_LABEL_AVAILABLE,NOT_APPROVED_BY_CENSUS
RIV-TEXT-7ACFD3,TEXT,0x7ACFD3,0x7ACFDE,0x7A,0xCFD3,11,5546633014bbc686ba36a8188c0b4da35022130339930b209a4dc7008bb53404,True,UNAVAILABLE_HISTORICAL,Equip,SKILL_CENSUS.json,29,RIV-USE-SKILLS2064-696;RIV-USE-SKILLS2064-698;RIV-USE-SKILLS2064-699;RIV-USE-SKILLS2064-701;RIV-USE-SKILLS2064-702;RIV-USE-SKILLS2064-703;RIV-USE-SKILLS2064-704;RIV-USE-SKILLS2064-706;RIV-USE-SKILLS2064-707;RIV-USE-SKILLS2064-708;RIV-USE-SKILLS2064-710;RIV-USE-SKILLS2064-715;RIV-USE-SKILLS2064-716;RIV-USE-SKILLS2064-717;RIV-USE-SKILLS2064-719;RIV-USE-SKILLS2064-721;RIV-USE-SKILLS2064-722;RIV-USE-SKILLS2064-726;RIV-USE-SKILLS2064-728;RIV-USE-SKILLS2064-730;RIV-USE-SKILLS2064-731;RIV-USE-SKILLS2064-733;RIV-USE-SKILLS2064-735;RIV-USE-SKILLS2064-736;RIV-USE-SKILLS2064-737;RIV-USE-SKILLS2064-739;RIV-USE-SKILLS2064-740;RIV-USE-SKILLS2064-741;RIV-USE-SKILLS2064-742,RIV-CONS-729300;RIV-CONS-745AAD,False,30,NO_FLAG,NOT_VALIDATED_I03,NOT_VALIDATED_I03,NOT_EXECUTED_I03,SOURCE_LABEL_AVAILABLE,NOT_APPROVED_BY_CENSUS
RIV-TEXT-7ACFDE,TEXT,0x7ACFDE,0x7ACFF6,0x7A,0xCFDE,24,c85774d88e627974115c91833b10b2bcb3336b81fef9544eadeaab69ece75801,True,UNAVAILABLE_HISTORICAL,Strong Blast,SKILL_CENSUS.json,1,RIV-USE-SKILLS2064-697,RIV-CONS-729300;RIV-CONS-745AAD,False,69,NO_FLAG,NOT_VALIDATED_I03,NOT_VALIDATED_I03,NOT_EXECUTED_I03,SOURCE_LABEL_AVAILABLE,NOT_APPROVED_BY_CENSUS
RIV-TEXT-7ACFF6,TEXT,0x7ACFF6,0x7AD00E,0x7A,0xCFF6,24,d0969d270b8af315e307700d1bca321f997ff9484f8b3ee4c92f3f4b371bd420,True,UNAVAILABLE_HISTORICAL,High Tension,SKILL_CENSUS.json,1,RIV-USE-SKILLS2064-700,RIV-CONS-729300;RIV-CONS-745AAD,False,69,NO_FLAG,NOT_VALIDATED_I03,NOT_VALIDATED_I03,NOT_EXECUTED_I03,SOURCE_LABEL_AVAILABLE,NOT_APPROVED_BY_CENSUS
RIV-TEXT-7AD00E,TEXT,0x7AD00E,0x7AD024,0x7A,0xD00E,22,8248ac3d73a0d50983ec6161a2984a7856da04c0d59fd9e0ebdbc81bee407821,True,UNAVAILABLE_HISTORICAL,Magic Blast,SKILL_CENSUS.json,1,RIV-USE-SKILLS2064-705,RIV-CONS-729300;RIV-CONS-745AAD,False,63,NO_FLAG,NOT_VALIDATED_I03,NOT_VALIDATED_I03,NOT_EXECUTED_I03,SOURCE_LABEL_AVAILABLE,NOT_APPROVED_BY_CENSUS
RIV-TEXT-7AD024,TEXT,0x7AD024,0x7AD038,0x7A,0xD024,20,a9d85d43e4d10e91fd6d988460f56e0c77c060e15c317aa51e982aebc94949bb,True,UNAVAILABLE_HISTORICAL,Magic Heal,SKILL_CENSUS.json,1,RIV-USE-SKILLS2064-709,RIV-CONS-729300;RIV-CONS-745AAD,False,57,NO_FLAG,NOT_VALIDATED_I03,NOT_VALIDATED_I03,NOT_EXECUTED_I03,SOURCE_LABEL_AVAILABLE,NOT_APPROVED_BY_CENSUS
RIV-TEXT-7AD038,TEXT,0x7AD038,0x7AD047,0x7A,0xD038,15,68c0975301cdf31cb0ece2f024a753e76162d933ca127cf9ddb0013095b39777,True,UNAVAILABLE_HISTORICAL,Armored,SKILL_CENSUS.json,1,RIV-USE-SKILLS2064-711,RIV-CONS-729300;RIV-CONS-745AAD,False,42,NO_FLAG,NOT_VALIDATED_I03,NOT_VALIDATED_I03,NOT_EXECUTED_I03,SOURCE_LABEL_AVAILABLE,NOT_APPROVED_BY_CENSUS
RIV-TEXT-7AD047,TEXT,0x7AD047,0x7AD05B,0x7A,0xD047,20,35d0c8120e77e198a71e30ff9e5ee0d6ccf175f76e955acac167c993db2dccf6,True,UNAVAILABLE_HISTORICAL,Cape Magic,SKILL_CENSUS.json,1,RIV-USE-SKILLS2064-720,RIV-CONS-729300;RIV-CONS-745AAD,False,57,NO_FLAG,NOT_VALIDATED_I03,NOT_VALIDATED_I03,NOT_EXECUTED_I03,SOURCE_LABEL_AVAILABLE,NOT_APPROVED_BY_CENSUS
RIV-TEXT-7AD05B,TEXT,0x7AD05B,0x7AD077,0x7A,0xD05B,28,be6e9abda9d58f220ca8c810dc6b923f0a048b7a71656949f9978388ee5d5d5a,True,UNAVAILABLE_HISTORICAL,Shield Barrier,SKILL_CENSUS.json,1,RIV-USE-SKILLS2064-723,RIV-CONS-729300;RIV-CONS-745AAD,False,81,NO_FLAG,NOT_VALIDATED_I03,NOT_VALIDATED_I03,NOT_EXECUTED_I03,SOURCE_LABEL_AVAILABLE,NOT_APPROVED_BY_CENSUS
RIV-TEXT-7AD077,TEXT,0x7AD077,0x7AD093,0x7A,0xD077,28,6f8bef63095b9494aa7d48a84b57376368f690d94a06f6ba28ea4e10eed4af3e,True,UNAVAILABLE_HISTORICAL,Shield Slugger,SKILL_CENSUS.json,1,RIV-USE-SKILLS2064-727,RIV-CONS-729300;RIV-CONS-745AAD,False,81,NO_FLAG,NOT_VALIDATED_I03,NOT_VALIDATED_I03,NOT_EXECUTED_I03,SOURCE_LABEL_AVAILABLE,NOT_APPROVED_BY_CENSUS
RIV-TEXT-7AD093,TEXT,0x7AD093,0x7AD09E,0x7A,0xD093,11,ae8b9e71e62bb0bf12d754895bc28ad73e56562ee479523e96fcffc367412267,True,UNAVAILABLE_HISTORICAL,Force,SKILL_CENSUS.json,1,RIV-USE-SKILLS2064-729,RIV-CONS-729300;RIV-CONS-745AAD,False,30,NO_FLAG,NOT_VALIDATED_I03,NOT_VALIDATED_I03,NOT_EXECUTED_I03,SOURCE_LABEL_AVAILABLE,NOT_APPROVED_BY_CENSUS
RIV-TEXT-7AD09E,TEXT,0x7AD09E,0x7AD0B3,0x7A,0xD09E,21,ecc0c21af808bdfb1a1f9d6eda63ee8f385ad4b40a0a3058caea139601f368e6,True,UNAVAILABLE_HISTORICAL,Etherlight,SKILL_CENSUS.json,1,RIV-USE-SKILLS2064-732,RIV-CONS-729300;RIV-CONS-745AAD,False,60,NO_FLAG,NOT_VALIDATED_I03,NOT_VALIDATED_I03,NOT_EXECUTED_I03,SOURCE_LABEL_AVAILABLE,NOT_APPROVED_BY_CENSUS
RIV-TEXT-7AD0B3,TEXT,0x7AD0B3,0x7AD0CB,0x7A,0xD0B3,24,a082cfc27f4782b3ffaabbf7a9fdacea4787008bd6f6f207a0ff7ef478e3c434,True,UNAVAILABLE_HISTORICAL,Shining Star,SKILL_CENSUS.json,1,RIV-USE-SKILLS2064-734,RIV-CONS-729300;RIV-CONS-745AAD,False,69,NO_FLAG,NOT_VALIDATED_I03,NOT_VALIDATED_I03,NOT_EXECUTED_I03,SOURCE_LABEL_AVAILABLE,NOT_APPROVED_BY_CENSUS
RIV-TEXT-7AD0CB,TEXT,0x7AD0CB,0x7AD0DD,0x7A,0xD0CB,18,3a4726d014eb9f2308cdb4a44d5afc17e2951b778caaa65d4f98a8c61cf46ef0,True,UNAVAILABLE_HISTORICAL,Iron Wall,SKILL_CENSUS.json,1,RIV-USE-SKILLS2064-738,RIV-CONS-729300;RIV-CONS-745AAD,False,51,NO_FLAG,NOT_VALIDATED_I03,NOT_VALIDATED_I03,NOT_EXECUTED_I03,SOURCE_LABEL_AVAILABLE,NOT_APPROVED_BY_CENSUS
RIV-TEXT-7AD0DD,TEXT,0x7AD0DD,0x7AD0E8,0x7A,0xD0DD,11,3b06585aaddedbbafd40325f023e218b99a05469c237f88fb368146e3eaefc7a,True,UNAVAILABLE_HISTORICAL,Raise,SKILL_CENSUS.json,48,RIV-USE-SKILLS2064-743;RIV-USE-SKILLS2064-745;RIV-USE-SKILLS2064-747;RIV-USE-SKILLS2064-749;RIV-USE-SKILLS2064-750;RIV-USE-SKILLS2064-752;RIV-USE-SKILLS2064-754;RIV-USE-SKILLS2064-756;RIV-USE-SKILLS2064-757;RIV-USE-SKILLS2064-759;RIV-USE-SKILLS2064-761;RIV-USE-SKILLS2064-763;RIV-USE-SKILLS2064-764;RIV-USE-SKILLS2064-765;RIV-USE-SKILLS2064-767;RIV-USE-SKILLS2064-770;RIV-USE-SKILLS2064-771;RIV-USE-SKILLS2064-772;RIV-USE-SKILLS2064-774;RIV-USE-SKILLS2064-777;RIV-USE-SKILLS2064-778;RIV-USE-SKILLS2064-779;RIV-USE-SKILLS2064-781;RIV-USE-SKILLS2064-784;RIV-USE-SKILLS2064-785;RIV-USE-SKILLS2064-786;RIV-USE-SKILLS2064-788;RIV-USE-SKILLS2064-791;RIV-USE-SKILLS2064-792;RIV-USE-SKILLS2064-793;RIV-USE-SKILLS2064-795;RIV-USE-SKILLS2064-798;RIV-USE-SKILLS2064-799;RIV-USE-SKILLS2064-800;RIV-USE-SKILLS2064-802;RIV-USE-SKILLS2064-805;RIV-USE-SKILLS2064-806;RIV-USE-SKILLS2064-807;RIV-USE-SKILLS2064-809;RIV-USE-SKILLS2064-811;RIV-USE-SKILLS2064-813;RIV-USE-SKILLS2064-814;RIV-USE-SKILLS2064-816;RIV-USE-SKILLS2064-818;RIV-USE-SKILLS2064-820;RIV-USE-SKILLS2064-821;RIV-USE-SKILLS2064-823;RIV-USE-SKILLS2064-825,RIV-CONS-729300;RIV-CONS-745AAD,False,30,NO_FLAG,NOT_VALIDATED_I03,NOT_VALIDATED_I03,NOT_EXECUTED_I03,SOURCE_LABEL_AVAILABLE,NOT_APPROVED_BY_CENSUS
RIV-TEXT-7AD0E8,TEXT,0x7AD0E8,0x7AD105,0x7A,0xD0E8,29,5f93a9a3b86d8b3303ebce5125575088525a319ffceac06dd33952270bc64674,True,UNAVAILABLE_HISTORICAL,Katon-no-Jutsu,SKILL_CENSUS.json;RIBBON_ALIASES.json,3,RIV-USE-SKILLS2064-744;RIV-USE-SKILLS2064-751;RIV-USE-RIBBON_ALIAS-D0E8,RIV-CONS-729300;RIV-CONS-72D000;RIV-CONS-745AAD,True,84,NO_FLAG,NOT_VALIDATED_I03,NOT_VALIDATED_I03,NOT_EXECUTED_I03,SOURCE_LABEL_AVAILABLE,NOT_APPROVED_BY_CENSUS
RIV-TEXT-7AD105,TEXT,0x7AD105,0x7AD11B,0x7A,0xD105,22,9cbf63a22797ae8934b942c23865f288c02fe1af53f462249ee7b182c48db2c9,True,UNAVAILABLE_HISTORICAL,Fire Resist,SKILL_CENSUS.json,3,RIV-USE-SKILLS2064-746;RIV-USE-SKILLS2064-753;RIV-USE-SKILLS2064-760,RIV-CONS-729300;RIV-CONS-745AAD,False,63,NO_FLAG,NOT_VALIDATED_I03,NOT_VALIDATED_I03,NOT_EXECUTED_I03,SOURCE_LABEL_AVAILABLE,NOT_APPROVED_BY_CENSUS
RIV-TEXT-7AD11B,TEXT,0x7AD11B,0x7AD130,0x7A,0xD11B,21,a8d3c7c7d738a245550a9b4f05b8081451de1bbdc28188cf3745f411140b64d7,True,UNAVAILABLE_HISTORICAL,CI-Grenade,SKILL_CENSUS.json,4,RIV-USE-SKILLS2064-748;RIV-USE-SKILLS2064-769;RIV-USE-SKILLS2064-789;RIV-USE-SKILLS2064-810,RIV-CONS-729300;RIV-CONS-745AAD,False,60,NO_FLAG,NOT_VALIDATED_I03,NOT_VALIDATED_I03,NOT_EXECUTED_I03,SOURCE_LABEL_AVAILABLE,NOT_APPROVED_BY_CENSUS
RIV-TEXT-7AD130,TEXT,0x7AD130,0x7AD145,0x7A,0xD130,21,6b5d94d024256527b3f9130b4a0868a9f90902212852ba316cfd585249cdc740,True,UNAVAILABLE_HISTORICAL,CII-Grenade,SKILL_CENSUS.json,4,RIV-USE-SKILLS2064-755;RIV-USE-SKILLS2064-776;RIV-USE-SKILLS2064-796;RIV-USE-SKILLS2064-817,RIV-CONS-729300;RIV-CONS-745AAD,False,66,NO_FLAG,NOT_VALIDATED_I03,NOT_VALIDATED_I03,NOT_EXECUTED_I03,SOURCE_LABEL_AVAILABLE,NOT_APPROVED_BY_CENSUS
RIV-TEXT-7AD145,TEXT,0x7AD145,0x7AD15D,0x7A,0xD145,24,2414f275b94dd680a95ed0d84602680f52ec505526eb56f65ccb68f89d17a4c7,True,UNAVAILABLE_HISTORICAL,Blazing Rose,SKILL_CENSUS.json,1,RIV-USE-SKILLS2064-758,RIV-CONS-729300;RIV-CONS-745AAD,False,69,NO_FLAG,NOT_VALIDATED_I03,NOT_VALIDATED_I03,NOT_EXECUTED_I03,SOURCE_LABEL_AVAILABLE,NOT_APPROVED_BY_CENSUS
RIV-TEXT-7AD15D,TEXT,0x7AD15D,0x7AD172,0x7A,0xD15D,21,31ba59eb49bd59be19161a867f205528df78f4858d79fd1464f5f2b04c482b75,True,UNAVAILABLE_HISTORICAL,CC-Grenade,SKILL_CENSUS.json,4,RIV-USE-SKILLS2064-762;RIV-USE-SKILLS2064-783;RIV-USE-SKILLS2064-803;RIV-USE-SKILLS2064-824,RIV-CONS-729300;RIV-CONS-745AAD,False,60,NO_FLAG,NOT_VALIDATED_I03,NOT_VALIDATED_I03,NOT_EXECUTED_I03,SOURCE_LABEL_AVAILABLE,NOT_APPROVED_BY_CENSUS
RIV-TEXT-7AD172,TEXT,0x7AD172,0x7AD183,0x7A,0xD172,17,f1b3638ee252bcd1dd0da447902674bb868496d7cd0b6ef97aa0228d77e18139,True,UNAVAILABLE_HISTORICAL,Blizzard,SKILL_CENSUS.json,5,RIV-USE-SKILLS2064-766;RIV-USE-SKILLS2064-773;RIV-USE-SKILLS2064-780;RIV-USE-SKILLS2064-1711;RIV-USE-SKILLS2064-1717,RIV-CONS-729300;RIV-CONS-745AAD,False,48,NO_FLAG,NOT_VALIDATED_I03,NOT_VALIDATED_I03,NOT_EXECUTED_I03,SOURCE_LABEL_AVAILABLE,NOT_APPROVED_BY_CENSUS
RIV-TEXT-7AD183,TEXT,0x7AD183,0x7AD197,0x7A,0xD183,20,6e803fd34f6b51aad0e441d7a8d72bd14e01aebe19259135704cfee6820dc9f0,True,UNAVAILABLE_HISTORICAL,Ice Resist,SKILL_CENSUS.json,3,RIV-USE-SKILLS2064-768;RIV-USE-SKILLS2064-775;RIV-USE-SKILLS2064-782,RIV-CONS-729300;RIV-CONS-745AAD,False,57,NO_FLAG,NOT_VALIDATED_I03,NOT_VALIDATED_I03,NOT_EXECUTED_I03,SOURCE_LABEL_AVAILABLE,NOT_APPROVED_BY_CENSUS
RIV-TEXT-7AD197,TEXT,0x7AD197,0x7AD1AA,0x7A,0xD197,19,f7d9605a83146e5dbe850d3365dc250fe72b19a201c1ddf678baffc8680e176e,True,UNAVAILABLE_HISTORICAL,Lightning,SKILL_CENSUS.json,7,RIV-USE-SKILLS2064-787;RIV-USE-SKILLS2064-794;RIV-USE-SKILLS2064-801;RIV-USE-SKILLS2064-1142;RIV-USE-SKILLS2064-1148;RIV-USE-SKILLS2064-1154;RIV-USE-SKILLS2064-1160,RIV-CONS-729300;RIV-CONS-745AAD,False,54,NO_FLAG,NOT_VALIDATED_I03,NOT_VALIDATED_I03,NOT_EXECUTED_I03,SOURCE_LABEL_AVAILABLE,NOT_APPROVED_BY_CENSUS
RIV-TEXT-7AD1AA,TEXT,0x7AD1AA,0x7AD1C6,0x7A,0xD1AA,28,8f35784c668318a6d004674ce9046a8461cd647f866224c9c182157a021046e6,True,UNAVAILABLE_HISTORICAL,Thunder Resist,SKILL_CENSUS.json,3,RIV-USE-SKILLS2064-790;RIV-USE-SKILLS2064-797;RIV-USE-SKILLS2064-804,RIV-CONS-729300;RIV-CONS-745AAD,False,81,NO_FLAG,NOT_VALIDATED_I03,NOT_VALIDATED_I03,NOT_EXECUTED_I03,SOURCE_LABEL_AVAILABLE,NOT_APPROVED_BY_CENSUS
RIV-TEXT-7AD1C6,TEXT,0x7AD1C6,0x7AD1CF,0x7A,0xD1C6,9,36b4198e5715830318ff176b831a15534459e466181cf1a9b2e2bfef1f3bb676,True,UNAVAILABLE_HISTORICAL,Holy,SKILL_CENSUS.json,3,RIV-USE-SKILLS2064-808;RIV-USE-SKILLS2064-815;RIV-USE-SKILLS2064-822,RIV-CONS-729300;RIV-CONS-745AAD,False,24,NO_FLAG,NOT_VALIDATED_I03,NOT_VALIDATED_I03,NOT_EXECUTED_I03,SOURCE_LABEL_AVAILABLE,NOT_APPROVED_BY_CENSUS
RIV-TEXT-7AD1CF,TEXT,0x7AD1CF,0x7AD1E5,0x7A,0xD1CF,22,0713fdc856a2f4e8b48a97af0d3198db42bf4a92cbb931f66f5a4305645e58f7,True,UNAVAILABLE_HISTORICAL,Dark Resist,SKILL_CENSUS.json,3,RIV-USE-SKILLS2064-812;RIV-USE-SKILLS2064-819;RIV-USE-SKILLS2064-826,RIV-CONS-729300;RIV-CONS-745AAD,False,63,NO_FLAG,NOT_VALIDATED_I03,NOT_VALIDATED_I03,NOT_EXECUTED_I03,SOURCE_LABEL_AVAILABLE,NOT_APPROVED_BY_CENSUS
RIV-TEXT-7AD1E5,TEXT,0x7AD1E5,0x7AD1EC,0x7A,0xD1E5,7,54fcb3b2d077a65c36b7f2c1b105b9c26f128b64d1604fa53427b221bdfd2298,True,UNAVAILABLE_HISTORICAL,Eat,SKILL_CENSUS.json,23,RIV-USE-SKILLS2064-827;RIV-USE-SKILLS2064-828;RIV-USE-SKILLS2064-829;RIV-USE-SKILLS2064-830;RIV-USE-SKILLS2064-832;RIV-USE-SKILLS2064-874;RIV-USE-SKILLS2064-875;RIV-USE-SKILLS2064-876;RIV-USE-SKILLS2064-877;RIV-USE-SKILLS2064-897;RIV-USE-SKILLS2064-898;RIV-USE-SKILLS2064-899;RIV-USE-SKILLS2064-900;RIV-USE-SKILLS2064-901;RIV-USE-SKILLS2064-902;RIV-USE-SKILLS2064-903;RIV-USE-SKILLS2064-904;RIV-USE-SKILLS2064-905;RIV-USE-SKILLS2064-906;RIV-USE-SKILLS2064-929;RIV-USE-SKILLS2064-930;RIV-USE-SKILLS2064-931;RIV-USE-SKILLS2064-932,RIV-CONS-729300;RIV-CONS-745AAD,False,18,NO_FLAG,NOT_VALIDATED_I03,NOT_VALIDATED_I03,NOT_EXECUTED_I03,SOURCE_LABEL_AVAILABLE,NOT_APPROVED_BY_CENSUS
RIV-TEXT-7AD1EC,TEXT,0x7AD1EC,0x7AD208,0x7A,0xD1EC,28,7f2513b59f1202fd4d82f128f6f7dc56dd17ab473487acb785686a774a833e8a,True,UNAVAILABLE_HISTORICAL,Banana Slugger,SKILL_CENSUS.json,1,RIV-USE-SKILLS2064-831,RIV-CONS-729300;RIV-CONS-745AAD,False,81,NO_FLAG,NOT_VALIDATED_I03,NOT_VALIDATED_I03,NOT_EXECUTED_I03,SOURCE_LABEL_AVAILABLE,NOT_APPROVED_BY_CENSUS
RIV-TEXT-7AD208,TEXT,0x7AD208,0x7AD215,0x7A,0xD208,13,20d356e6106021646f15bf4140ad446a88a7778d3f52db3a28c0c7dfbeaf1f5b,True,UNAVAILABLE_HISTORICAL,Nibble,SKILL_CENSUS.json,5,RIV-USE-SKILLS2064-833;RIV-USE-SKILLS2064-834;RIV-USE-SKILLS2064-835;RIV-USE-SKILLS2064-836;RIV-USE-SKILLS2064-838,RIV-CONS-729300;RIV-CONS-745AAD,False,36,NO_FLAG,NOT_VALIDATED_I03,NOT_VALIDATED_I03,NOT_EXECUTED_I03,SOURCE_LABEL_AVAILABLE,NOT_APPROVED_BY_CENSUS
RIV-TEXT-7AD215,TEXT,0x7AD215,0x7AD233,0x7A,0xD215,30,7ec9b1d7a9dd3004e2a3002590b0edfcb943e3a92cd5cfda3cd274b849872fcc,True,UNAVAILABLE_HISTORICAL,Applecot Spiral,SKILL_CENSUS.json,1,RIV-USE-SKILLS2064-837,RIV-CONS-729300;RIV-CONS-745AAD,False,87,NO_FLAG,NOT_VALIDATED_I03,NOT_VALIDATED_I03,NOT_EXECUTED_I03,SOURCE_LABEL_AVAILABLE,NOT_APPROVED_BY_CENSUS
RIV-TEXT-7AD233,TEXT,0x7AD233,0x7AD245,0x7A,0xD233,18,4235dc9a93cba2a25e00f20856bf2bd79834ba111e1eccd1a93aa4e449fa5625,True,UNAVAILABLE_HISTORICAL,Air Spray,SKILL_CENSUS.json,1,RIV-USE-SKILLS2064-842,RIV-CONS-729300;RIV-CONS-745AAD,False,51,NO_FLAG,NOT_VALIDATED_I03,NOT_VALIDATED_I03,NOT_EXECUTED_I03,SOURCE_LABEL_AVAILABLE,NOT_APPROVED_BY_CENSUS
RIV-TEXT-7AD245,TEXT,0x7AD245,0x7AD256,0x7A,0xD245,17,170437dabbaf77420781955142fd24bdfd1de673c2b6b1d058a1bb8834076188,True,UNAVAILABLE_HISTORICAL,Sprinkle,SKILL_CENSUS.json,1,RIV-USE-SKILLS2064-844,RIV-CONS-729300;RIV-CONS-745AAD,False,48,NO_FLAG,NOT_VALIDATED_I03,NOT_VALIDATED_I03,NOT_EXECUTED_I03,SOURCE_LABEL_AVAILABLE,NOT_APPROVED_BY_CENSUS
RIV-TEXT-7AD256,TEXT,0x7AD256,0x7AD26C,0x7A,0xD256,22,2f4b6299fb20c19c7868042647ad3ddebc21ce07fe5d1d1a4bec86fa12c3bc84,True,UNAVAILABLE_HISTORICAL,Sacred Heal,SKILL_CENSUS.json,1,RIV-USE-SKILLS2064-845,RIV-CONS-729300;RIV-CONS-745AAD,False,63,NO_FLAG,NOT_VALIDATED_I03,NOT_VALIDATED_I03,NOT_EXECUTED_I03,SOURCE_LABEL_AVAILABLE,NOT_APPROVED_BY_CENSUS
RIV-TEXT-7AD26C,TEXT,0x7AD26C,0x7AD277,0x7A,0xD26C,11,84f85f887ebf2bfc98e00c655504acf927d85cc031f5a014d16d23394984f8aa,True,UNAVAILABLE_HISTORICAL,Sniff,SKILL_CENSUS.json,8,RIV-USE-SKILLS2064-846;RIV-USE-SKILLS2064-847;RIV-USE-SKILLS2064-848;RIV-USE-SKILLS2064-849;RIV-USE-SKILLS2064-857;RIV-USE-SKILLS2064-858;RIV-USE-SKILLS2064-859;RIV-USE-SKILLS2064-860,RIV-CONS-729300;RIV-CONS-745AAD,False,30,NO_FLAG,NOT_VALIDATED_I03,NOT_VALIDATED_I03,NOT_EXECUTED_I03,SOURCE_LABEL_AVAILABLE,NOT_APPROVED_BY_CENSUS
RIV-TEXT-7AD277,TEXT,0x7AD277,0x7AD28F,0x7A,0xD277,24,f57222a461ffb2f8d0041a95af6196cd4e40bd345ef094e4e6eebf0402c92032,True,UNAVAILABLE_HISTORICAL,Practice Mix,SKILL_CENSUS.json,2,RIV-USE-SKILLS2064-850;RIV-USE-SKILLS2064-861,RIV-CONS-729300;RIV-CONS-745AAD,False,69,NO_FLAG,NOT_VALIDATED_I03,NOT_VALIDATED_I03,NOT_EXECUTED_I03,SOURCE_LABEL_AVAILABLE,NOT_APPROVED_BY_CENSUS
RIV-TEXT-7AD28F,TEXT,0x7AD28F,0x7AD2A3,0x7A,0xD28F,20,70d3bb68dbfda49db235a241f74257bb5b8fa7f230143e306b6e58960da4d163,True,UNAVAILABLE_HISTORICAL,Mix Potion,SKILL_CENSUS.json,1,RIV-USE-SKILLS2064-851,RIV-CONS-729300;RIV-CONS-745AAD,False,57,NO_FLAG,NOT_VALIDATED_I03,NOT_VALIDATED_I03,NOT_EXECUTED_I03,SOURCE_LABEL_AVAILABLE,NOT_APPROVED_BY_CENSUS
RIV-TEXT-7AD2A3,TEXT,0x7AD2A3,0x7AD2AE,0x7A,0xD2A3,11,3fa08f02f5342939d3d553edc8f52b805c8cc5888b2504f1761ea0a0d42cd876,True,UNAVAILABLE_HISTORICAL,Drink,SKILL_CENSUS.json,10,RIV-USE-SKILLS2064-852;RIV-USE-SKILLS2064-853;RIV-USE-SKILLS2064-854;RIV-USE-SKILLS2064-855;RIV-USE-SKILLS2064-856;RIV-USE-SKILLS2064-863;RIV-USE-SKILLS2064-864;RIV-USE-SKILLS2064-865;RIV-USE-SKILLS2064-866;RIV-USE-SKILLS2064-867,RIV-CONS-729300;RIV-CONS-745AAD,False,30,NO_FLAG,NOT_VALIDATED_I03,NOT_VALIDATED_I03,NOT_EXECUTED_I03,SOURCE_LABEL_AVAILABLE,NOT_APPROVED_BY_CENSUS
RIV-TEXT-7AD2AE,TEXT,0x7AD2AE,0x7AD2C2,0x7A,0xD2AE,20,6225e833436c8aa6ea9c8370fab2f5d09193dca9a0f275de46a6015e21f47ae8,True,UNAVAILABLE_HISTORICAL,Mix Elixir,SKILL_CENSUS.json,1,RIV-USE-SKILLS2064-862,RIV-CONS-729300;RIV-CONS-745AAD,False,57,NO_FLAG,NOT_VALIDATED_I03,NOT_VALIDATED_I03,NOT_EXECUTED_I03,SOURCE_LABEL_AVAILABLE,NOT_APPROVED_BY_CENSUS
RIV-TEXT-7AD2C2,TEXT,0x7AD2C2,0x7AD2D6,0x7A,0xD2C2,20,1238e29ed17586d1b5191e7c1500d66f844bb6f8778ecdc4ec4d86cde8e40836,True,UNAVAILABLE_HISTORICAL,Eat Anyway,SKILL_CENSUS.json,20,RIV-USE-SKILLS2064-868;RIV-USE-SKILLS2064-871;RIV-USE-SKILLS2064-872;RIV-USE-SKILLS2064-885;RIV-USE-SKILLS2064-886;RIV-USE-SKILLS2064-887;RIV-USE-SKILLS2064-888;RIV-USE-SKILLS2064-907;RIV-USE-SKILLS2064-908;RIV-USE-SKILLS2064-909;RIV-USE-SKILLS2064-910;RIV-USE-SKILLS2064-911;RIV-USE-SKILLS2064-918;RIV-USE-SKILLS2064-919;RIV-USE-SKILLS2064-920;RIV-USE-SKILLS2064-921;RIV-USE-SKILLS2064-922;RIV-USE-SKILLS2064-923;RIV-USE-SKILLS2064-926;RIV-USE-SKILLS2064-927,RIV-CONS-729300;RIV-CONS-745AAD,False,57,NO_FLAG,NOT_VALIDATED_I03,NOT_VALIDATED_I03,NOT_EXECUTED_I03,SOURCE_LABEL_AVAILABLE,NOT_APPROVED_BY_CENSUS
RIV-TEXT-7AD2D6,TEXT,0x7AD2D6,0x7AD2F6,0x7A,0xD2D6,32,6c5ffe68715de9580f2f95bfed4c2134ce3679bb115f8c464b443ccdddf69da0,True,UNAVAILABLE_HISTORICAL,Practice Cooking,SKILL_CENSUS.json;RIBBON_ALIASES.json,6,RIV-USE-SKILLS2064-869;RIV-USE-SKILLS2064-880;RIV-USE-SKILLS2064-891;RIV-USE-SKILLS2064-913;RIV-USE-SKILLS2064-924;RIV-USE-RIBBON_ALIAS-D2D6,RIV-CONS-729300;RIV-CONS-72D000;RIV-CONS-745AAD,True,93,NO_FLAG,NOT_VALIDATED_I03,NOT_VALIDATED_I03,NOT_EXECUTED_I03,SOURCE_LABEL_AVAILABLE,NOT_APPROVED_BY_CENSUS
RIV-TEXT-7AD2F6,TEXT,0x7AD2F6,0x7AD314,0x7A,0xD2F6,30,acbdcfcef88ea85c31773343ee814a8916375a12d0a81916db8acc76182b716d,True,UNAVAILABLE_HISTORICAL,Magical Cooking,SKILL_CENSUS.json,3,RIV-USE-SKILLS2064-870;RIV-USE-SKILLS2064-892;RIV-USE-SKILLS2064-925,RIV-CONS-729300;RIV-CONS-745AAD,False,87,NO_FLAG,NOT_VALIDATED_I03,NOT_VALIDATED_I03,NOT_EXECUTED_I03,SOURCE_LABEL_AVAILABLE,NOT_APPROVED_BY_CENSUS
RIV-TEXT-7AD314,TEXT,0x7AD314,0x7AD328,0x7A,0xD314,20,e6c2e3bb63b85ae73b8f5b5b46f1314c971ff8c5c2ffa39847f6eb5fc236f976,True,UNAVAILABLE_HISTORICAL,Cannot Eat,SKILL_CENSUS.json,3,RIV-USE-SKILLS2064-878;RIV-USE-SKILLS2064-889;RIV-USE-SKILLS2064-933,RIV-CONS-729300;RIV-CONS-745AAD,False,57,NO_FLAG,NOT_VALIDATED_I03,NOT_VALIDATED_I03,NOT_EXECUTED_I03,SOURCE_LABEL_AVAILABLE,NOT_APPROVED_BY_CENSUS
RIV-TEXT-7AD328,TEXT,0x7AD328,0x7AD341,0x7A,0xD328,25,e96b5a1d6dc87e3e29a55f86b86ba64d61e7a1737227f0066ba5629dde4bf31e,True,UNAVAILABLE_HISTORICAL,Force it Down,SKILL_CENSUS.json,7,RIV-USE-SKILLS2064-879;RIV-USE-SKILLS2064-882;RIV-USE-SKILLS2064-883;RIV-USE-SKILLS2064-912;RIV-USE-SKILLS2064-915;RIV-USE-SKILLS2064-916;RIV-USE-SKILLS2064-917,RIV-CONS-729300;RIV-CONS-745AAD,False,72,NO_FLAG,NOT_VALIDATED_I03,NOT_VALIDATED_I03,NOT_EXECUTED_I03,SOURCE_LABEL_AVAILABLE,NOT_APPROVED_BY_CENSUS
RIV-TEXT-7AD341,TEXT,0x7AD341,0x7AD354,0x7A,0xD341,19,e946f38f75c54a39fa467293cf17221170b1cdc69a50258b1129cce62fd517cb,True,UNAVAILABLE_HISTORICAL,Sterilize,SKILL_CENSUS.json,2,RIV-USE-SKILLS2064-881;RIV-USE-SKILLS2064-914,RIV-CONS-729300;RIV-CONS-745AAD,False,54,NO_FLAG,NOT_VALIDATED_I03,NOT_VALIDATED_I03,NOT_EXECUTED_I03,SOURCE_LABEL_AVAILABLE,NOT_APPROVED_BY_CENSUS
RIV-TEXT-7AD354,TEXT,0x7AD354,0x7AD364,0x7A,0xD354,16,b1897e5de1b8c5ae9ed40170e65a7ff9848a7022dff6166eb9a31e7e4ed6fc7f,True,UNAVAILABLE_HISTORICAL,Egg Shot,SKILL_CENSUS.json,1,RIV-USE-SKILLS2064-895,RIV-CONS-729300;RIV-CONS-745AAD,False,45,NO_FLAG,NOT_VALIDATED_I03,NOT_VALIDATED_I03,NOT_EXECUTED_I03,SOURCE_LABEL_AVAILABLE,NOT_APPROVED_BY_CENSUS
RIV-TEXT-7AD364,TEXT,0x7AD364,0x7AD36D,0x7A,0xD364,9,65d907f88c3ec6364b34e8dc8d8597c7301c067a466f62e1fa6e2bb21cc4f3d7,True,UNAVAILABLE_HISTORICAL,Wear,SKILL_CENSUS.json,19,RIV-USE-SKILLS2064-935;RIV-USE-SKILLS2064-936;RIV-USE-SKILLS2064-937;RIV-USE-SKILLS2064-938;RIV-USE-SKILLS2064-940;RIV-USE-SKILLS2064-941;RIV-USE-SKILLS2064-942;RIV-USE-SKILLS2064-944;RIV-USE-SKILLS2064-969;RIV-USE-SKILLS2064-970;RIV-USE-SKILLS2064-971;RIV-USE-SKILLS2064-972;RIV-USE-SKILLS2064-974;RIV-USE-SKILLS2064-975;RIV-USE-SKILLS2064-976;RIV-USE-SKILLS2064-977;RIV-USE-SKILLS2064-979;RIV-USE-SKILLS2064-980;RIV-USE-SKILLS2064-982,RIV-CONS-729300;RIV-CONS-745AAD,False,24,NO_FLAG,NOT_VALIDATED_I03,NOT_VALIDATED_I03,NOT_EXECUTED_I03,SOURCE_LABEL_AVAILABLE,NOT_APPROVED_BY_CENSUS
RIV-TEXT-7AD36D,TEXT,0x7AD36D,0x7AD378,0x7A,0xD36D,11,aa4966214e066952ceab951ab7343e00058a2e5e00abbdd526deca087d9fab1a,True,UNAVAILABLE_HISTORICAL,Wear<147>,SKILL_CENSUS.json,1,RIV-USE-SKILLS2064-939,RIV-CONS-729300;RIV-CONS-745AAD,False,54,NO_FLAG,NOT_VALIDATED_I03,NOT_VALIDATED_I03,NOT_EXECUTED_I03,SOURCE_LABEL_AVAILABLE,NOT_APPROVED_BY_CENSUS
RIV-TEXT-7AD378,TEXT,0x7AD378,0x7AD390,0x7A,0xD378,24,a7ec4320e21b304dcf39e6ddf6b9308f59acfa59356d030925cfa95eb9fe6dbb,True,UNAVAILABLE_HISTORICAL,Pretty Dance,SKILL_CENSUS.json,1,RIV-USE-SKILLS2064-943,RIV-CONS-729300;RIV-CONS-745AAD,False,69,NO_FLAG,NOT_VALIDATED_I03,NOT_VALIDATED_I03,NOT_EXECUTED_I03,SOURCE_LABEL_AVAILABLE,NOT_APPROVED_BY_CENSUS
RIV-TEXT-7AD390,TEXT,0x7AD390,0x7AD3AD,0x7A,0xD390,29,1eff61cd997f7d0ebd3f1a8b0fdf1088c0749744efd3f77d5867e66a4e712741,True,UNAVAILABLE_HISTORICAL,Raise to Heaven,SKILL_CENSUS.json,5,RIV-USE-SKILLS2064-945;RIV-USE-SKILLS2064-946;RIV-USE-SKILLS2064-947;RIV-USE-SKILLS2064-948;RIV-USE-SKILLS2064-950,RIV-CONS-729300;RIV-CONS-745AAD,False,84,NO_FLAG,NOT_VALIDATED_I03,NOT_VALIDATED_I03,NOT_EXECUTED_I03,SOURCE_LABEL_AVAILABLE,NOT_APPROVED_BY_CENSUS
RIV-TEXT-7AD3AD,TEXT,0x7AD3AD,0x7AD3CB,0x7A,0xD3AD,30,b41b444c339ef5aa3b4e6481e4ec1341c2ad79f012fbaebc8edd773c2589f44a,True,UNAVAILABLE_HISTORICAL,Cross Boomerang,SKILL_CENSUS.json;RIBBON_ALIASES.json,2,RIV-USE-SKILLS2064-949;RIV-USE-RIBBON_ALIAS-D3AD,RIV-CONS-729300;RIV-CONS-72D000;RIV-CONS-745AAD,True,87,NO_FLAG,NOT_VALIDATED_I03,NOT_VALIDATED_I03,NOT_EXECUTED_I03,SOURCE_LABEL_AVAILABLE,NOT_APPROVED_BY_CENSUS
RIV-TEXT-7AD3CB,TEXT,0x7AD3CB,0x7AD3E0,0x7A,0xD3CB,21,245c515fb69c12f06e4ced648a6cdafbc007c42eb4149f5eb8d5ceb5afc5776e,True,UNAVAILABLE_HISTORICAL,Banishment,SKILL_CENSUS.json,1,RIV-USE-SKILLS2064-951,RIV-CONS-729300;RIV-CONS-745AAD,False,60,NO_FLAG,NOT_VALIDATED_I03,NOT_VALIDATED_I03,NOT_EXECUTED_I03,SOURCE_LABEL_AVAILABLE,NOT_APPROVED_BY_CENSUS
RIV-TEXT-7AD3E0,TEXT,0x7AD3E0,0x7AD3E9,0x7A,0xD3E0,9,f71418cb6c274797fc55a3d4d068c07b37b831009c31ee5596c1d4e6132df155,True,UNAVAILABLE_HISTORICAL,Root,SKILL_CENSUS.json,1,RIV-USE-SKILLS2064-952,RIV-CONS-729300;RIV-CONS-745AAD,False,24,NO_FLAG,NOT_VALIDATED_I03,NOT_VALIDATED_I03,NOT_EXECUTED_I03,SOURCE_LABEL_AVAILABLE,NOT_APPROVED_BY_CENSUS
RIV-TEXT-7AD3E9,TEXT,0x7AD3E9,0x7AD3F4,0x7A,0xD3E9,11,24ccc41f87b53d365abef9d51b8a38f56558cc1d7f93f480e71343480721684c,True,UNAVAILABLE_HISTORICAL,Cheer,SKILL_CENSUS.json,8,RIV-USE-SKILLS2064-953;RIV-USE-SKILLS2064-954;RIV-USE-SKILLS2064-955;RIV-USE-SKILLS2064-956;RIV-USE-SKILLS2064-1918;RIV-USE-SKILLS2064-1920;RIV-USE-SKILLS2064-1922;RIV-USE-SKILLS2064-1924,RIV-CONS-729300;RIV-CONS-745AAD,False,30,NO_FLAG,NOT_VALIDATED_I03,NOT_VALIDATED_I03,NOT_EXECUTED_I03,SOURCE_LABEL_AVAILABLE,NOT_APPROVED_BY_CENSUS
RIV-TEXT-7AD3F4,TEXT,0x7AD3F4,0x7AD3FD,0x7A,0xD3F4,9,dba4350bb7f050cc0e87708cc9a6e160b83e45d53afa3ef74900efb4272d3efc,True,UNAVAILABLE_HISTORICAL,Flip,SKILL_CENSUS.json,5,RIV-USE-SKILLS2064-957;RIV-USE-SKILLS2064-958;RIV-USE-SKILLS2064-959;RIV-USE-SKILLS2064-960;RIV-USE-SKILLS2064-961,RIV-CONS-729300;RIV-CONS-745AAD,False,24,NO_FLAG,NOT_VALIDATED_I03,NOT_VALIDATED_I03,NOT_EXECUTED_I03,SOURCE_LABEL_AVAILABLE,NOT_APPROVED_BY_CENSUS
RIV-TEXT-7AD3FD,TEXT,0x7AD3FD,0x7AD40C,0x7A,0xD3FD,15,58bbaee8fa5ef3607b045c2733a82ef031542b6002830ec54bca651fee386f95,True,UNAVAILABLE_HISTORICAL,Memento,SKILL_CENSUS.json,1,RIV-USE-SKILLS2064-963,RIV-CONS-729300;RIV-CONS-745AAD,False,42,NO_FLAG,NOT_VALIDATED_I03,NOT_VALIDATED_I03,NOT_EXECUTED_I03,SOURCE_LABEL_AVAILABLE,NOT_APPROVED_BY_CENSUS
RIV-TEXT-7AD40C,TEXT,0x7AD40C,0x7AD420,0x7A,0xD40C,20,39712141d5f1914b71dc184e8978080ebf1aa4efa8c0f4c7dd6528e7d7d1fdb3,True,UNAVAILABLE_HISTORICAL,Witch Wish,SKILL_CENSUS.json,1,RIV-USE-SKILLS2064-964,RIV-CONS-729300;RIV-CONS-745AAD,False,57,NO_FLAG,NOT_VALIDATED_I03,NOT_VALIDATED_I03,NOT_EXECUTED_I03,SOURCE_LABEL_AVAILABLE,NOT_APPROVED_BY_CENSUS
RIV-TEXT-7AD420,TEXT,0x7AD420,0x7AD436,0x7A,0xD420,22,802b2af2e23e38d28c71ae96efaabfc40d32c20b49ed4f797bf063dc7909ea44,True,UNAVAILABLE_HISTORICAL,Star Duster,SKILL_CENSUS.json,1,RIV-USE-SKILLS2064-966,RIV-CONS-729300;RIV-CONS-745AAD,False,63,NO_FLAG,NOT_VALIDATED_I03,NOT_VALIDATED_I03,NOT_EXECUTED_I03,SOURCE_LABEL_AVAILABLE,NOT_APPROVED_BY_CENSUS
RIV-TEXT-7AD436,TEXT,0x7AD436,0x7AD441,0x7A,0xD436,11,3d84a16aa8fb5e7114dbb6173fce63665161b51e1360809e6f0dc1ccbf8cbffc,True,UNAVAILABLE_HISTORICAL,Sweep,SKILL_CENSUS.json,1,RIV-USE-SKILLS2064-967,RIV-CONS-729300;RIV-CONS-745AAD,False,30,NO_FLAG,NOT_VALIDATED_I03,NOT_VALIDATED_I03,NOT_EXECUTED_I03,SOURCE_LABEL_AVAILABLE,NOT_APPROVED_BY_CENSUS
RIV-TEXT-7AD441,TEXT,0x7AD441,0x7AD45B,0x7A,0xD441,26,2abf4a511edb2acb0bb235a3837523174ef89248f2038b3835a399ffe11bfdaa,True,UNAVAILABLE_HISTORICAL,Crescent Ring,SKILL_CENSUS.json,1,RIV-USE-SKILLS2064-981,RIV-CONS-729300;RIV-CONS-745AAD,False,75,NO_FLAG,NOT_VALIDATED_I03,NOT_VALIDATED_I03,NOT_EXECUTED_I03,SOURCE_LABEL_AVAILABLE,NOT_APPROVED_BY_CENSUS
RIV-TEXT-7AD45B,TEXT,0x7AD45B,0x7AD479,0x7A,0xD45B,30,f3930ef9bb324a02d8dae12415a22063f15330d138ba4396944992444d466ac2,True,UNAVAILABLE_HISTORICAL,Delta Formation,SKILL_CENSUS.json,5,RIV-USE-SKILLS2064-983;RIV-USE-SKILLS2064-984;RIV-USE-SKILLS2064-985;RIV-USE-SKILLS2064-986;RIV-USE-SKILLS2064-987,RIV-CONS-729300;RIV-CONS-745AAD,False,87,NO_FLAG,NOT_VALIDATED_I03,NOT_VALIDATED_I03,NOT_EXECUTED_I03,SOURCE_LABEL_AVAILABLE,NOT_APPROVED_BY_CENSUS
RIV-TEXT-7AD479,TEXT,0x7AD479,0x7AD489,0x7A,0xD479,16,f90491175da0c4fb8ac1ac8ef6cea2e3b2644ddbc85aed20b5f1a930aa550225,True,UNAVAILABLE_HISTORICAL,No Skill,SKILL_CENSUS.json,1,RIV-USE-SKILLS2064-988,RIV-CONS-729300;RIV-CONS-745AAD,False,45,NO_FLAG,NOT_VALIDATED_I03,NOT_VALIDATED_I03,NOT_EXECUTED_I03,SOURCE_LABEL_AVAILABLE,NOT_APPROVED_BY_CENSUS
RIV-TEXT-7AD489,TEXT,0x7AD489,0x7AD4A3,0x7A,0xD489,26,c1bf821a26ef7c1f382734fba0ad10921bf93e3d4bf28317b4a08598853b2a28,True,UNAVAILABLE_HISTORICAL,Sword Glitter,SKILL_CENSUS.json,4,RIV-USE-SKILLS2064-990;RIV-USE-SKILLS2064-996;RIV-USE-SKILLS2064-1002;RIV-USE-SKILLS2064-1008,RIV-CONS-729300;RIV-CONS-745AAD,False,75,NO_FLAG,NOT_VALIDATED_I03,NOT_VALIDATED_I03,NOT_EXECUTED_I03,SOURCE_LABEL_AVAILABLE,NOT_APPROVED_BY_CENSUS
RIV-TEXT-7AD4A3,TEXT,0x7AD4A3,0x7AD4B9,0x7A,0xD4A3,22,41a4ca39715046acb37884caa40bbd8c0c9bf4a3df63a2cbe1cac1e098a73fe4,True,UNAVAILABLE_HISTORICAL,Trick Blade,SKILL_CENSUS.json,4,RIV-USE-SKILLS2064-991;RIV-USE-SKILLS2064-997;RIV-USE-SKILLS2064-1003;RIV-USE-SKILLS2064-1009,RIV-CONS-729300;RIV-CONS-745AAD,False,63,NO_FLAG,NOT_VALIDATED_I03,NOT_VALIDATED_I03,NOT_EXECUTED_I03,SOURCE_LABEL_AVAILABLE,NOT_APPROVED_BY_CENSUS
RIV-TEXT-7AD4B9,TEXT,0x7AD4B9,0x7AD4CB,0x7A,0xD4B9,18,a5fa83f76a1d495f9d111f83fc013a82b04de73ff8de91c4534805cb89e7f8f2,True,UNAVAILABLE_HISTORICAL,Stun Bolt,SKILL_CENSUS.json,4,RIV-USE-SKILLS2064-992;RIV-USE-SKILLS2064-998;RIV-USE-SKILLS2064-1004;RIV-USE-SKILLS2064-1010,RIV-CONS-729300;RIV-CONS-745AAD,False,51,NO_FLAG,NOT_VALIDATED_I03,NOT_VALIDATED_I03,NOT_EXECUTED_I03,SOURCE_LABEL_AVAILABLE,NOT_APPROVED_BY_CENSUS
RIV-TEXT-7AD4CB,TEXT,0x7AD4CB,0x7AD4E5,0x7A,0xD4CB,26,4ac50cbc36c2c7edb57f695d6fe3a176e72f58873635bb5e6172186c299de6f9,True,UNAVAILABLE_HISTORICAL,Dancing Saber,SKILL_CENSUS.json,8,RIV-USE-SKILLS2064-993;RIV-USE-SKILLS2064-994;RIV-USE-SKILLS2064-999;RIV-USE-SKILLS2064-1000;RIV-USE-SKILLS2064-1005;RIV-USE-SKILLS2064-1006;RIV-USE-SKILLS2064-1011;RIV-USE-SKILLS2064-1012,RIV-CONS-729300;RIV-CONS-745AAD,False,75,NO_FLAG,NOT_VALIDATED_I03,NOT_VALIDATED_I03,NOT_EXECUTED_I03,SOURCE_LABEL_AVAILABLE,NOT_APPROVED_BY_CENSUS
RIV-TEXT-7AD4E5,TEXT,0x7AD4E5,0x7AD4F0,0x7A,0xD4E5,11,4561c5045c92066f572ed5d71409f06109f6633bffb22a717f23fbd64f63e049,True,UNAVAILABLE_HISTORICAL,Smash,SKILL_CENSUS.json,4,RIV-USE-SKILLS2064-1013;RIV-USE-SKILLS2064-1019;RIV-USE-SKILLS2064-1025;RIV-USE-SKILLS2064-1031,RIV-CONS-729300;RIV-CONS-745AAD,False,30,NO_FLAG,NOT_VALIDATED_I03,NOT_VALIDATED_I03,NOT_EXECUTED_I03,SOURCE_LABEL_AVAILABLE,NOT_APPROVED_BY_CENSUS
RIV-TEXT-7AD4F0,TEXT,0x7AD4F0,0x7AD500,0x7A,0xD4F0,16,b4ee6cc69ae8607fd38dc9f58b9b2db96530ab072d544d27a937bb6fcfe0b25c,True,UNAVAILABLE_HISTORICAL,Wild Axe,SKILL_CENSUS.json,4,RIV-USE-SKILLS2064-1015;RIV-USE-SKILLS2064-1021;RIV-USE-SKILLS2064-1027;RIV-USE-SKILLS2064-1033,RIV-CONS-729300;RIV-CONS-745AAD,False,45,NO_FLAG,NOT_VALIDATED_I03,NOT_VALIDATED_I03,NOT_EXECUTED_I03,SOURCE_LABEL_AVAILABLE,NOT_APPROVED_BY_CENSUS
RIV-TEXT-7AD500,TEXT,0x7AD500,0x7AD511,0x7A,0xD500,17,d92befae8f04fd3a8d66b3421fc35f46ee6630482b2bb14f86bf2a313d20ca16,True,UNAVAILABLE_HISTORICAL,Tomahawk,SKILL_CENSUS.json,4,RIV-USE-SKILLS2064-1016;RIV-USE-SKILLS2064-1022;RIV-USE-SKILLS2064-1028;RIV-USE-SKILLS2064-1034,RIV-CONS-729300;RIV-CONS-745AAD,False,48,NO_FLAG,NOT_VALIDATED_I03,NOT_VALIDATED_I03,NOT_EXECUTED_I03,SOURCE_LABEL_AVAILABLE,NOT_APPROVED_BY_CENSUS
RIV-TEXT-7AD511,TEXT,0x7AD511,0x7AD52B,0x7A,0xD511,26,4e75c62a1df0bb9f3ced114c6a69888fd564a7eadcb7c4ba6817e9a30dab23bc,True,UNAVAILABLE_HISTORICAL,Carnage Drive,SKILL_CENSUS.json,8,RIV-USE-SKILLS2064-1017;RIV-USE-SKILLS2064-1018;RIV-USE-SKILLS2064-1023;RIV-USE-SKILLS2064-1024;RIV-USE-SKILLS2064-1029;RIV-USE-SKILLS2064-1030;RIV-USE-SKILLS2064-1035;RIV-USE-SKILLS2064-1036,RIV-CONS-729300;RIV-CONS-745AAD,False,75,NO_FLAG,NOT_VALIDATED_I03,NOT_VALIDATED_I03,NOT_EXECUTED_I03,SOURCE_LABEL_AVAILABLE,NOT_APPROVED_BY_CENSUS
RIV-TEXT-7AD52B,TEXT,0x7AD52B,0x7AD53F,0x7A,0xD52B,20,b859d94740cb7eee706fefbeb9d2b0fb290aa2e717f6530543e20cc8b7322123,True,UNAVAILABLE_HISTORICAL,Cast Magic,SKILL_CENSUS.json,4,RIV-USE-SKILLS2064-1038;RIV-USE-SKILLS2064-1044;RIV-USE-SKILLS2064-1050;RIV-USE-SKILLS2064-1056,RIV-CONS-729300;RIV-CONS-745AAD,False,57,NO_FLAG,NOT_VALIDATED_I03,NOT_VALIDATED_I03,NOT_EXECUTED_I03,SOURCE_LABEL_AVAILABLE,NOT_APPROVED_BY_CENSUS
RIV-TEXT-7AD53F,TEXT,0x7AD53F,0x7AD555,0x7A,0xD53F,22,5643f18289d241a6e1615d678d2cb7725e6a12db29888e51af0cbe8ba5eea92a,True,UNAVAILABLE_HISTORICAL,Throw Combo,SKILL_CENSUS.json,4,RIV-USE-SKILLS2064-1039;RIV-USE-SKILLS2064-1045;RIV-USE-SKILLS2064-1051;RIV-USE-SKILLS2064-1057,RIV-CONS-729300;RIV-CONS-745AAD,False,63,NO_FLAG,NOT_VALIDATED_I03,NOT_VALIDATED_I03,NOT_EXECUTED_I03,SOURCE_LABEL_AVAILABLE,NOT_APPROVED_BY_CENSUS
RIV-TEXT-7AD555,TEXT,0x7AD555,0x7AD564,0x7A,0xD555,15,1576b6614364173004cd69e010b94f51aedfb39a3fc06b27a3d697860e14e512,True,UNAVAILABLE_HISTORICAL,Freezer,SKILL_CENSUS.json,4,RIV-USE-SKILLS2064-1040;RIV-USE-SKILLS2064-1046;RIV-USE-SKILLS2064-1052;RIV-USE-SKILLS2064-1058,RIV-CONS-729300;RIV-CONS-745AAD,False,42,NO_FLAG,NOT_VALIDATED_I03,NOT_VALIDATED_I03,NOT_EXECUTED_I03,SOURCE_LABEL_AVAILABLE,NOT_APPROVED_BY_CENSUS
RIV-TEXT-7AD564,TEXT,0x7AD564,0x7AD57C,0x7A,0xD564,24,68bb27e0dcf519d4a79c90f3e5f461968395658285dfcb7b976e09b27f0a3cf8,True,UNAVAILABLE_HISTORICAL,Biting Frost,SKILL_CENSUS.json,8,RIV-USE-SKILLS2064-1041;RIV-USE-SKILLS2064-1042;RIV-USE-SKILLS2064-1047;RIV-USE-SKILLS2064-1048;RIV-USE-SKILLS2064-1053;RIV-USE-SKILLS2064-1054;RIV-USE-SKILLS2064-1059;RIV-USE-SKILLS2064-1060,RIV-CONS-729300;RIV-CONS-745AAD,False,69,NO_FLAG,NOT_VALIDATED_I03,NOT_VALIDATED_I03,NOT_EXECUTED_I03,SOURCE_LABEL_AVAILABLE,NOT_APPROVED_BY_CENSUS
RIV-TEXT-7AD57C,TEXT,0x7AD57C,0x7AD592,0x7A,0xD57C,22,252da2dd1b210308e2744bc1ac2b336ec1edee5317ff4bcdcaaefead9bc3e765,True,UNAVAILABLE_HISTORICAL,Staff Swing,SKILL_CENSUS.json,4,RIV-USE-SKILLS2064-1061;RIV-USE-SKILLS2064-1067;RIV-USE-SKILLS2064-1073;RIV-USE-SKILLS2064-1079,RIV-CONS-729300;RIV-CONS-745AAD,False,63,NO_FLAG,NOT_VALIDATED_I03,NOT_VALIDATED_I03,NOT_EXECUTED_I03,SOURCE_LABEL_AVAILABLE,NOT_APPROVED_BY_CENSUS
RIV-TEXT-7AD592,TEXT,0x7AD592,0x7AD5A8,0x7A,0xD592,22,af675a296eedeb58bb86ff237cf7781837eb6c6d4c5313abffc72bf067cf42cc,True,UNAVAILABLE_HISTORICAL,Raise Staff,SKILL_CENSUS.json,4,RIV-USE-SKILLS2064-1062;RIV-USE-SKILLS2064-1068;RIV-USE-SKILLS2064-1074;RIV-USE-SKILLS2064-1080,RIV-CONS-729300;RIV-CONS-745AAD,False,63,NO_FLAG,NOT_VALIDATED_I03,NOT_VALIDATED_I03,NOT_EXECUTED_I03,SOURCE_LABEL_AVAILABLE,NOT_APPROVED_BY_CENSUS
RIV-TEXT-7AD5A8,TEXT,0x7AD5A8,0x7AD5BC,0x7A,0xD5A8,20,1c31bf46fb256154a1e9f79fa77124997cdd8f735937e3a1387672165e66eeb1,True,UNAVAILABLE_HISTORICAL,Hard Staff,SKILL_CENSUS.json,4,RIV-USE-SKILLS2064-1063;RIV-USE-SKILLS2064-1069;RIV-USE-SKILLS2064-1075;RIV-USE-SKILLS2064-1081,RIV-CONS-729300;RIV-CONS-745AAD,False,57,NO_FLAG,NOT_VALIDATED_I03,NOT_VALIDATED_I03,NOT_EXECUTED_I03,SOURCE_LABEL_AVAILABLE,NOT_APPROVED_BY_CENSUS
RIV-TEXT-7AD5BC,TEXT,0x7AD5BC,0x7AD5C5,0x7A,0xD5BC,9,c6e3c9d9f9b561769a893cba64b4eb24bb47c46d8f58524d6792feb656bd2204,True,UNAVAILABLE_HISTORICAL,Burn,SKILL_CENSUS.json,4,RIV-USE-SKILLS2064-1064;RIV-USE-SKILLS2064-1070;RIV-USE-SKILLS2064-1076;RIV-USE-SKILLS2064-1082,RIV-CONS-729300;RIV-CONS-745AAD,False,24,NO_FLAG,NOT_VALIDATED_I03,NOT_VALIDATED_I03,NOT_EXECUTED_I03,SOURCE_LABEL_AVAILABLE,NOT_APPROVED_BY_CENSUS
RIV-TEXT-7AD5C5,TEXT,0x7AD5C5,0x7AD5D7,0x7A,0xD5C5,18,a6e448439064b769dbe65893863e949ccb4982cb39f7c7d7d0adb331b4c796d2,True,UNAVAILABLE_HISTORICAL,Heat Wave,SKILL_CENSUS.json,8,RIV-USE-SKILLS2064-1065;RIV-USE-SKILLS2064-1066;RIV-USE-SKILLS2064-1071;RIV-USE-SKILLS2064-1072;RIV-USE-SKILLS2064-1077;RIV-USE-SKILLS2064-1078;RIV-USE-SKILLS2064-1083;RIV-USE-SKILLS2064-1084,RIV-CONS-729300;RIV-CONS-745AAD,False,51,NO_FLAG,NOT_VALIDATED_I03,NOT_VALIDATED_I03,NOT_EXECUTED_I03,SOURCE_LABEL_AVAILABLE,NOT_APPROVED_BY_CENSUS
RIV-TEXT-7AD5D7,TEXT,0x7AD5D7,0x7AD5ED,0x7A,0xD5D7,22,89553e1b52fdc8b24e12fda13ef3ba39a4384a93ecb563725149984dd7d738ea,True,UNAVAILABLE_HISTORICAL,Shoot Arrow,SKILL_CENSUS.json,4,RIV-USE-SKILLS2064-1086;RIV-USE-SKILLS2064-1092;RIV-USE-SKILLS2064-1098;RIV-USE-SKILLS2064-1104,RIV-CONS-729300;RIV-CONS-745AAD,False,63,NO_FLAG,NOT_VALIDATED_I03,NOT_VALIDATED_I03,NOT_EXECUTED_I03,SOURCE_LABEL_AVAILABLE,NOT_APPROVED_BY_CENSUS
RIV-TEXT-7AD5ED,TEXT,0x7AD5ED,0x7AD5FF,0x7A,0xD5ED,18,e975f168d5a3f341181178fd7f39f4bfa29530fd04ae433d021d1849945a2138,True,UNAVAILABLE_HISTORICAL,Twin Shot,SKILL_CENSUS.json,4,RIV-USE-SKILLS2064-1087;RIV-USE-SKILLS2064-1093;RIV-USE-SKILLS2064-1099;RIV-USE-SKILLS2064-1105,RIV-CONS-729300;RIV-CONS-745AAD,False,51,NO_FLAG,NOT_VALIDATED_I03,NOT_VALIDATED_I03,NOT_EXECUTED_I03,SOURCE_LABEL_AVAILABLE,NOT_APPROVED_BY_CENSUS
RIV-TEXT-7AD5FF,TEXT,0x7AD5FF,0x7AD61B,0x7A,0xD5FF,28,450710898f0698d545f6b6a503f9321e578ba0f04e3d09e2ad61840d19986e2d,True,UNAVAILABLE_HISTORICAL,Shooting Stars,SKILL_CENSUS.json,8,RIV-USE-SKILLS2064-1089;RIV-USE-SKILLS2064-1090;RIV-USE-SKILLS2064-1095;RIV-USE-SKILLS2064-1096;RIV-USE-SKILLS2064-1101;RIV-USE-SKILLS2064-1102;RIV-USE-SKILLS2064-1107;RIV-USE-SKILLS2064-1108,RIV-CONS-729300;RIV-CONS-745AAD,False,81,NO_FLAG,NOT_VALIDATED_I03,NOT_VALIDATED_I03,NOT_EXECUTED_I03,SOURCE_LABEL_AVAILABLE,NOT_APPROVED_BY_CENSUS
RIV-TEXT-7AD61B,TEXT,0x7AD61B,0x7AD62F,0x7A,0xD61B,20,1bd19ff993c7cbb8e0b640248179a3934a43d260624926f0f5d884b0d29b01a9,True,UNAVAILABLE_HISTORICAL,Hammer Hit,SKILL_CENSUS.json,4,RIV-USE-SKILLS2064-1109;RIV-USE-SKILLS2064-1115;RIV-USE-SKILLS2064-1121;RIV-USE-SKILLS2064-1127,RIV-CONS-729300;RIV-CONS-745AAD,False,57,NO_FLAG,NOT_VALIDATED_I03,NOT_VALIDATED_I03,NOT_EXECUTED_I03,SOURCE_LABEL_AVAILABLE,NOT_APPROVED_BY_CENSUS
RIV-TEXT-7AD62F,TEXT,0x7AD62F,0x7AD647,0x7A,0xD62F,24,2c323a53864465b674e7bc4edfd3dbb102b1f8655bada5654b2e91203f28ff61,True,UNAVAILABLE_HISTORICAL,Hammer Throw,SKILL_CENSUS.json,4,RIV-USE-SKILLS2064-1110;RIV-USE-SKILLS2064-1116;RIV-USE-SKILLS2064-1122;RIV-USE-SKILLS2064-1128,RIV-CONS-729300;RIV-CONS-745AAD,False,69,NO_FLAG,NOT_VALIDATED_I03,NOT_VALIDATED_I03,NOT_EXECUTED_I03,SOURCE_LABEL_AVAILABLE,NOT_APPROVED_BY_CENSUS
RIV-TEXT-7AD647,TEXT,0x7AD647,0x7AD650,0x7A,0xD647,9,20a438b9057aa664e15d34c7456a14321b478f40aaa462f74337a22cd9544277,True,UNAVAILABLE_HISTORICAL,Slam,SKILL_CENSUS.json,4,RIV-USE-SKILLS2064-1111;RIV-USE-SKILLS2064-1117;RIV-USE-SKILLS2064-1123;RIV-USE-SKILLS2064-1129,RIV-CONS-729300;RIV-CONS-745AAD,False,24,NO_FLAG,NOT_VALIDATED_I03,NOT_VALIDATED_I03,NOT_EXECUTED_I03,SOURCE_LABEL_AVAILABLE,NOT_APPROVED_BY_CENSUS
RIV-TEXT-7AD650,TEXT,0x7AD650,0x7AD65F,0x7A,0xD650,15,6281e5f63ca368d463683145d71174b322ca70e0123c9238f8995d7c98ca54ce,True,UNAVAILABLE_HISTORICAL,Grenade,SKILL_CENSUS.json,4,RIV-USE-SKILLS2064-1112;RIV-USE-SKILLS2064-1118;RIV-USE-SKILLS2064-1124;RIV-USE-SKILLS2064-1130,RIV-CONS-729300;RIV-CONS-745AAD,False,42,NO_FLAG,NOT_VALIDATED_I03,NOT_VALIDATED_I03,NOT_EXECUTED_I03,SOURCE_LABEL_AVAILABLE,NOT_APPROVED_BY_CENSUS
RIV-TEXT-7AD65F,TEXT,0x7AD65F,0x7AD674,0x7A,0xD65F,21,32044633750e571e0facd7c68e685f5a21de1f11af9cd7e116563110ae47e760,True,UNAVAILABLE_HISTORICAL,Devastator,SKILL_CENSUS.json,8,RIV-USE-SKILLS2064-1113;RIV-USE-SKILLS2064-1114;RIV-USE-SKILLS2064-1119;RIV-USE-SKILLS2064-1120;RIV-USE-SKILLS2064-1125;RIV-USE-SKILLS2064-1126;RIV-USE-SKILLS2064-1131;RIV-USE-SKILLS2064-1132,RIV-CONS-729300;RIV-CONS-745AAD,False,60,NO_FLAG,NOT_VALIDATED_I03,NOT_VALIDATED_I03,NOT_EXECUTED_I03,SOURCE_LABEL_AVAILABLE,NOT_APPROVED_BY_CENSUS
RIV-TEXT-7AD674,TEXT,0x7AD674,0x7AD686,0x7A,0xD674,18,34af0bd2642fa6744bd6dbd6a9dc4f52610673954f2cfc36db819682414b1fdc,True,UNAVAILABLE_HISTORICAL,Bomb Slam,SKILL_CENSUS.json,1,RIV-USE-SKILLS2064-1133,RIV-CONS-729300;RIV-CONS-745AAD,False,51,NO_FLAG,NOT_VALIDATED_I03,NOT_VALIDATED_I03,NOT_EXECUTED_I03,SOURCE_LABEL_AVAILABLE,NOT_APPROVED_BY_CENSUS
RIV-TEXT-7AD686,TEXT,0x7AD686,0x7AD69E,0x7A,0xD686,24,604afe19f17b56c90196d2b22c8cd23c6679286e50baf299dae2f0a46d7123a8,True,UNAVAILABLE_HISTORICAL,Dud Disposal,SKILL_CENSUS.json,1,RIV-USE-SKILLS2064-1134,RIV-CONS-729300;RIV-CONS-745AAD,False,69,NO_FLAG,NOT_VALIDATED_I03,NOT_VALIDATED_I03,NOT_EXECUTED_I03,SOURCE_LABEL_AVAILABLE,NOT_APPROVED_BY_CENSUS
RIV-TEXT-7AD69E,TEXT,0x7AD69E,0x7AD6A9,0x7A,0xD69E,11,4b4906d573b7d44e9c12f4d52005f60ea42557ead4a347a9c9a618c8bdab0a90,True,UNAVAILABLE_HISTORICAL,Smack,SKILL_CENSUS.json,1,RIV-USE-SKILLS2064-1135,RIV-CONS-729300;RIV-CONS-745AAD,False,30,NO_FLAG,NOT_VALIDATED_I03,NOT_VALIDATED_I03,NOT_EXECUTED_I03,SOURCE_LABEL_AVAILABLE,NOT_APPROVED_BY_CENSUS
RIV-TEXT-7AD6A9,TEXT,0x7AD6A9,0x7AD6C3,0x7A,0xD6A9,26,5d16a690c9ce8b6442f037d5bf6e3907174d4ab8294a073c3828dd658a911de8,True,UNAVAILABLE_HISTORICAL,Mass Disposal,SKILL_CENSUS.json,1,RIV-USE-SKILLS2064-1136,RIV-CONS-729300;RIV-CONS-745AAD,False,75,NO_FLAG,NOT_VALIDATED_I03,NOT_VALIDATED_I03,NOT_EXECUTED_I03,SOURCE_LABEL_AVAILABLE,NOT_APPROVED_BY_CENSUS
RIV-TEXT-7AD6C3,TEXT,0x7AD6C3,0x7AD6D9,0x7A,0xD6C3,22,fd45ac37548fbe992c334cba657049e9429653559a28cd57ef72bffd7cde2204,True,UNAVAILABLE_HISTORICAL,Atomic Bomb,SKILL_CENSUS.json,2,RIV-USE-SKILLS2064-1137;RIV-USE-SKILLS2064-1138,RIV-CONS-729300;RIV-CONS-745AAD,False,63,NO_FLAG,NOT_VALIDATED_I03,NOT_VALIDATED_I03,NOT_EXECUTED_I03,SOURCE_LABEL_AVAILABLE,NOT_APPROVED_BY_CENSUS
RIV-TEXT-7AD6D9,TEXT,0x7AD6D9,0x7AD6EB,0x7A,0xD6D9,18,10a11b620eab2d7aa447575a15b82a609a1519e4dd5978a9d7676c7c393f4c7c,True,UNAVAILABLE_HISTORICAL,Wand Conk,SKILL_CENSUS.json,4,RIV-USE-SKILLS2064-1139;RIV-USE-SKILLS2064-1145;RIV-USE-SKILLS2064-1151;RIV-USE-SKILLS2064-1157,RIV-CONS-729300;RIV-CONS-745AAD,False,51,NO_FLAG,NOT_VALIDATED_I03,NOT_VALIDATED_I03,NOT_EXECUTED_I03,SOURCE_LABEL_AVAILABLE,NOT_APPROVED_BY_CENSUS
RIV-TEXT-7AD6EB,TEXT,0x7AD6EB,0x7AD6F2,0x7A,0xD6EB,7,8c2baa4d1be9da686f5f75531b21cd714d5a589d0586804d3728a45292b0da31,True,UNAVAILABLE_HISTORICAL,Zap,SKILL_CENSUS.json,4,RIV-USE-SKILLS2064-1140;RIV-USE-SKILLS2064-1146;RIV-USE-SKILLS2064-1152;RIV-USE-SKILLS2064-1158,RIV-CONS-729300;RIV-CONS-745AAD,False,18,NO_FLAG,NOT_VALIDATED_I03,NOT_VALIDATED_I03,NOT_EXECUTED_I03,SOURCE_LABEL_AVAILABLE,NOT_APPROVED_BY_CENSUS
RIV-TEXT-7AD6F2,TEXT,0x7AD6F2,0x7AD701,0x7A,0xD6F2,15,9379eeb719e3559d53881df2b594c973a0393b13245ecda2fec3f99a56c5047e,True,UNAVAILABLE_HISTORICAL,Paradox,SKILL_CENSUS.json,4,RIV-USE-SKILLS2064-1141;RIV-USE-SKILLS2064-1147;RIV-USE-SKILLS2064-1153;RIV-USE-SKILLS2064-1159,RIV-CONS-729300;RIV-CONS-745AAD,False,42,NO_FLAG,NOT_VALIDATED_I03,NOT_VALIDATED_I03,NOT_EXECUTED_I03,SOURCE_LABEL_AVAILABLE,NOT_APPROVED_BY_CENSUS
RIV-TEXT-7AD701,TEXT,0x7AD701,0x7AD715,0x7A,0xD701,20,d18dae46137e8401e7bc0714f978931811668c0927e6169904df83edcf90f2a8,True,UNAVAILABLE_HISTORICAL,Bolt Dance,SKILL_CENSUS.json,8,RIV-USE-SKILLS2064-1143;RIV-USE-SKILLS2064-1144;RIV-USE-SKILLS2064-1149;RIV-USE-SKILLS2064-1150;RIV-USE-SKILLS2064-1155;RIV-USE-SKILLS2064-1156;RIV-USE-SKILLS2064-1161;RIV-USE-SKILLS2064-1162,RIV-CONS-729300;RIV-CONS-745AAD,False,57,NO_FLAG,NOT_VALIDATED_I03,NOT_VALIDATED_I03,NOT_EXECUTED_I03,SOURCE_LABEL_AVAILABLE,NOT_APPROVED_BY_CENSUS
RIV-TEXT-7AD715,TEXT,0x7AD715,0x7AD72B,0x7A,0xD715,22,79c156244a7a38c013e0b8728f2b68dafeb13e9d9473fb0b7e752a7386528e07,True,UNAVAILABLE_HISTORICAL,Poison Stab,SKILL_CENSUS.json,4,RIV-USE-SKILLS2064-1163;RIV-USE-SKILLS2064-1169;RIV-USE-SKILLS2064-1175;RIV-USE-SKILLS2064-1181,RIV-CONS-729300;RIV-CONS-745AAD,False,63,NO_FLAG,NOT_VALIDATED_I03,NOT_VALIDATED_I03,NOT_EXECUTED_I03,SOURCE_LABEL_AVAILABLE,NOT_APPROVED_BY_CENSUS
RIV-TEXT-7AD72B,TEXT,0x7AD72B,0x7AD73F,0x7A,0xD72B,20,2f0e332e4db6e368c257be58d9570d3ed56f42c7680e55b7fd1de610c9a64f88,True,UNAVAILABLE_HISTORICAL,Dark Sweep,SKILL_CENSUS.json,4,RIV-USE-SKILLS2064-1164;RIV-USE-SKILLS2064-1170;RIV-USE-SKILLS2064-1176;RIV-USE-SKILLS2064-1182,RIV-CONS-729300;RIV-CONS-745AAD,False,57,NO_FLAG,NOT_VALIDATED_I03,NOT_VALIDATED_I03,NOT_EXECUTED_I03,SOURCE_LABEL_AVAILABLE,NOT_APPROVED_BY_CENSUS
RIV-TEXT-7AD73F,TEXT,0x7AD73F,0x7AD755,0x7A,0xD73F,22,c6c1f90925b192bbe7510b4db130a156d38d15d802a04e7a5ca8bf2aafa996eb,True,UNAVAILABLE_HISTORICAL,Necro Slash,SKILL_CENSUS.json,4,RIV-USE-SKILLS2064-1165;RIV-USE-SKILLS2064-1171;RIV-USE-SKILLS2064-1177;RIV-USE-SKILLS2064-1183,RIV-CONS-729300;RIV-CONS-745AAD,False,63,NO_FLAG,NOT_VALIDATED_I03,NOT_VALIDATED_I03,NOT_EXECUTED_I03,SOURCE_LABEL_AVAILABLE,NOT_APPROVED_BY_CENSUS
RIV-TEXT-7AD755,TEXT,0x7AD755,0x7AD76B,0x7A,0xD755,22,2ecf1dff4174776dcc12bb02b4a37a5b80a4612dfb4b9af31744223df2167cc3,True,UNAVAILABLE_HISTORICAL,Head Hunter,SKILL_CENSUS.json,4,RIV-USE-SKILLS2064-1166;RIV-USE-SKILLS2064-1172;RIV-USE-SKILLS2064-1178;RIV-USE-SKILLS2064-1184,RIV-CONS-729300;RIV-CONS-745AAD,False,63,NO_FLAG,NOT_VALIDATED_I03,NOT_VALIDATED_I03,NOT_EXECUTED_I03,SOURCE_LABEL_AVAILABLE,NOT_APPROVED_BY_CENSUS
RIV-TEXT-7AD76B,TEXT,0x7AD76B,0x7AD783,0x7A,0xD76B,24,f28fd518652ec87384e1259b409ed9e6cf81976bff5fb9b015d99c0b4d5e1e83,True,UNAVAILABLE_HISTORICAL,Mortem Dance,SKILL_CENSUS.json,8,RIV-USE-SKILLS2064-1167;RIV-USE-SKILLS2064-1168;RIV-USE-SKILLS2064-1173;RIV-USE-SKILLS2064-1174;RIV-USE-SKILLS2064-1179;RIV-USE-SKILLS2064-1180;RIV-USE-SKILLS2064-1185;RIV-USE-SKILLS2064-1186,RIV-CONS-729300;RIV-CONS-745AAD,False,69,NO_FLAG,NOT_VALIDATED_I03,NOT_VALIDATED_I03,NOT_EXECUTED_I03,SOURCE_LABEL_AVAILABLE,NOT_APPROVED_BY_CENSUS
RIV-TEXT-7AD783,TEXT,0x7AD783,0x7AD79C,0x7A,0xD783,25,06e14f6859310786b14f3305ba0891104087758018f9b5dcd8e2c47dfdf05cf4,True,UNAVAILABLE_HISTORICAL,Lickety-Lick,SKILL_CENSUS.json,4,RIV-USE-SKILLS2064-1187;RIV-USE-SKILLS2064-1193;RIV-USE-SKILLS2064-1199;RIV-USE-SKILLS2064-1205,RIV-CONS-729300;RIV-CONS-745AAD,False,72,NO_FLAG,NOT_VALIDATED_I03,NOT_VALIDATED_I03,NOT_EXECUTED_I03,SOURCE_LABEL_AVAILABLE,NOT_APPROVED_BY_CENSUS
RIV-TEXT-7AD79C,TEXT,0x7AD79C,0x7AD7A7,0x7A,0xD79C,11,20aeddbefeb0fcd10c443a98b184c38fe4de1c7edf444bc9409bdc123ef2183d,True,UNAVAILABLE_HISTORICAL,Cling,SKILL_CENSUS.json,4,RIV-USE-SKILLS2064-1188;RIV-USE-SKILLS2064-1194;RIV-USE-SKILLS2064-1200;RIV-USE-SKILLS2064-1206,RIV-CONS-729300;RIV-CONS-745AAD,False,30,NO_FLAG,NOT_VALIDATED_I03,NOT_VALIDATED_I03,NOT_EXECUTED_I03,SOURCE_LABEL_AVAILABLE,NOT_APPROVED_BY_CENSUS
RIV-TEXT-7AD7A7,TEXT,0x7AD7A7,0x7AD7BF,0x7A,0xD7A7,24,737fa57c1440d4f6b224995fd34f9d87372fd2f1b2d5eb2da3e77d523449ba1c,True,UNAVAILABLE_HISTORICAL,Mystery Fire,SKILL_CENSUS.json,4,RIV-USE-SKILLS2064-1189;RIV-USE-SKILLS2064-1195;RIV-USE-SKILLS2064-1201;RIV-USE-SKILLS2064-1207,RIV-CONS-729300;RIV-CONS-745AAD,False,69,NO_FLAG,NOT_VALIDATED_I03,NOT_VALIDATED_I03,NOT_EXECUTED_I03,SOURCE_LABEL_AVAILABLE,NOT_APPROVED_BY_CENSUS
RIV-TEXT-7AD7BF,TEXT,0x7AD7BF,0x7AD7D2,0x7A,0xD7BF,19,ac28f0e3d3427e70c46865b948ce334239fdbe1f3f247a349f66959a2f580afb,True,UNAVAILABLE_HISTORICAL,Nightmare,SKILL_CENSUS.json,4,RIV-USE-SKILLS2064-1190;RIV-USE-SKILLS2064-1196;RIV-USE-SKILLS2064-1202;RIV-USE-SKILLS2064-1208,RIV-CONS-729300;RIV-CONS-745AAD,False,54,NO_FLAG,NOT_VALIDATED_I03,NOT_VALIDATED_I03,NOT_EXECUTED_I03,SOURCE_LABEL_AVAILABLE,NOT_APPROVED_BY_CENSUS
RIV-TEXT-7AD7D2,TEXT,0x7AD7D2,0x7AD7E5,0x7A,0xD7D2,19,605751c2baa75b805b1c14eabb8ed18b6989d42f8d02ce44460196faf1068c97,True,UNAVAILABLE_HISTORICAL,Explosion,SKILL_CENSUS.json,8,RIV-USE-SKILLS2064-1191;RIV-USE-SKILLS2064-1192;RIV-USE-SKILLS2064-1197;RIV-USE-SKILLS2064-1198;RIV-USE-SKILLS2064-1203;RIV-USE-SKILLS2064-1204;RIV-USE-SKILLS2064-1209;RIV-USE-SKILLS2064-1210,RIV-CONS-729300;RIV-CONS-745AAD,False,54,NO_FLAG,NOT_VALIDATED_I03,NOT_VALIDATED_I03,NOT_EXECUTED_I03,SOURCE_LABEL_AVAILABLE,NOT_APPROVED_BY_CENSUS
RIV-TEXT-7AD7E5,TEXT,0x7AD7E5,0x7AD7FD,0x7A,0xD7E5,24,e0c7c1ba9508b67afe9e9b4b7776630c3dbaaa6d4528dd49f023ec59986ab35e,True,UNAVAILABLE_HISTORICAL,Swing Scythe,SKILL_CENSUS.json,4,RIV-USE-SKILLS2064-1211;RIV-USE-SKILLS2064-1217;RIV-USE-SKILLS2064-1223;RIV-USE-SKILLS2064-1229,RIV-CONS-729300;RIV-CONS-745AAD,False,69,NO_FLAG,NOT_VALIDATED_I03,NOT_VALIDATED_I03,NOT_EXECUTED_I03,SOURCE_LABEL_AVAILABLE,NOT_APPROVED_BY_CENSUS
RIV-TEXT-7AD7FD,TEXT,0x7AD7FD,0x7AD81D,0x7A,0xD7FD,32,cd5719a22182ae70993e7c4c2232661c1521497c21e95ed55a748d2427faa384,True,UNAVAILABLE_HISTORICAL,Secret Technique,SKILL_CENSUS.json;RIBBON_ALIASES.json,5,RIV-USE-SKILLS2064-1212;RIV-USE-SKILLS2064-1218;RIV-USE-SKILLS2064-1224;RIV-USE-SKILLS2064-1230;RIV-USE-RIBBON_ALIAS-D7FD,RIV-CONS-729300;RIV-CONS-72D000;RIV-CONS-745AAD,True,93,NO_FLAG,NOT_VALIDATED_I03,NOT_VALIDATED_I03,NOT_EXECUTED_I03,SOURCE_LABEL_AVAILABLE,NOT_APPROVED_BY_CENSUS
RIV-TEXT-7AD81D,TEXT,0x7AD81D,0x7AD835,0x7A,0xD81D,24,6b7f5d75babfd1b02acec8ccfe995d995af4df5b485aae3b77ed95d5a7ee136b,True,UNAVAILABLE_HISTORICAL,Prism Cutter,SKILL_CENSUS.json,4,RIV-USE-SKILLS2064-1213;RIV-USE-SKILLS2064-1219;RIV-USE-SKILLS2064-1225;RIV-USE-SKILLS2064-1231,RIV-CONS-729300;RIV-CONS-745AAD,False,69,NO_FLAG,NOT_VALIDATED_I03,NOT_VALIDATED_I03,NOT_EXECUTED_I03,SOURCE_LABEL_AVAILABLE,NOT_APPROVED_BY_CENSUS
RIV-TEXT-7AD835,TEXT,0x7AD835,0x7AD84D,0x7A,0xD835,24,3c96e5fe80e69a1ed2b1be0106eb69bf3b967726ae73119c0d06d29179f36cac,True,UNAVAILABLE_HISTORICAL,Energy Drain,SKILL_CENSUS.json,4,RIV-USE-SKILLS2064-1214;RIV-USE-SKILLS2064-1220;RIV-USE-SKILLS2064-1226;RIV-USE-SKILLS2064-1232,RIV-CONS-729300;RIV-CONS-745AAD,False,69,NO_FLAG,NOT_VALIDATED_I03,NOT_VALIDATED_I03,NOT_EXECUTED_I03,SOURCE_LABEL_AVAILABLE,NOT_APPROVED_BY_CENSUS
RIV-TEXT-7AD84D,TEXT,0x7AD84D,0x7AD85F,0x7A,0xD84D,18,5a16a6f7b384afba5fdfccb2d1350013df1d1533851dc6c396692059c564b2df,True,UNAVAILABLE_HISTORICAL,Dark Grip,SKILL_CENSUS.json,8,RIV-USE-SKILLS2064-1215;RIV-USE-SKILLS2064-1216;RIV-USE-SKILLS2064-1221;RIV-USE-SKILLS2064-1222;RIV-USE-SKILLS2064-1227;RIV-USE-SKILLS2064-1228;RIV-USE-SKILLS2064-1233;RIV-USE-SKILLS2064-1234,RIV-CONS-729300;RIV-CONS-745AAD,False,51,NO_FLAG,NOT_VALIDATED_I03,NOT_VALIDATED_I03,NOT_EXECUTED_I03,SOURCE_LABEL_AVAILABLE,NOT_APPROVED_BY_CENSUS
RIV-TEXT-7AD85F,TEXT,0x7AD85F,0x7AD86E,0x7A,0xD85F,15,e3f0e527085d141f32bef9be89cbef586904e5cd47fff29852b45b3eca681d53,True,UNAVAILABLE_HISTORICAL,Vertigo,SKILL_CENSUS.json,4,RIV-USE-SKILLS2064-1236;RIV-USE-SKILLS2064-1242;RIV-USE-SKILLS2064-1248;RIV-USE-SKILLS2064-1254,RIV-CONS-729300;RIV-CONS-745AAD,False,42,NO_FLAG,NOT_VALIDATED_I03,NOT_VALIDATED_I03,NOT_EXECUTED_I03,SOURCE_LABEL_AVAILABLE,NOT_APPROVED_BY_CENSUS
RIV-TEXT-7AD86E,TEXT,0x7AD86E,0x7AD880,0x7A,0xD86E,18,1162945e5725723c60aa9db933e503a5e8feb6463b4f57588a2c8d133ab5e79a,True,UNAVAILABLE_HISTORICAL,Wind Shot,SKILL_CENSUS.json,4,RIV-USE-SKILLS2064-1237;RIV-USE-SKILLS2064-1243;RIV-USE-SKILLS2064-1249;RIV-USE-SKILLS2064-1255,RIV-CONS-729300;RIV-CONS-745AAD,False,51,NO_FLAG,NOT_VALIDATED_I03,NOT_VALIDATED_I03,NOT_EXECUTED_I03,SOURCE_LABEL_AVAILABLE,NOT_APPROVED_BY_CENSUS
RIV-TEXT-7AD880,TEXT,0x7AD880,0x7AD890,0x7A,0xD880,16,fd7186c5a0a06db4be5bbffdfb51db09d9900da84484022343b07278b8df4c59,True,UNAVAILABLE_HISTORICAL,Air Raid,SKILL_CENSUS.json,4,RIV-USE-SKILLS2064-1238;RIV-USE-SKILLS2064-1244;RIV-USE-SKILLS2064-1250;RIV-USE-SKILLS2064-1256,RIV-CONS-729300;RIV-CONS-745AAD,False,45,NO_FLAG,NOT_VALIDATED_I03,NOT_VALIDATED_I03,NOT_EXECUTED_I03,SOURCE_LABEL_AVAILABLE,NOT_APPROVED_BY_CENSUS
RIV-TEXT-7AD890,TEXT,0x7AD890,0x7AD8A6,0x7A,0xD890,22,47c4db5705e8c0b68bebe400b1848297e881bf7b1bc8fc440412524e9aabf601,True,UNAVAILABLE_HISTORICAL,Air Assault,SKILL_CENSUS.json,8,RIV-USE-SKILLS2064-1239;RIV-USE-SKILLS2064-1240;RIV-USE-SKILLS2064-1245;RIV-USE-SKILLS2064-1246;RIV-USE-SKILLS2064-1251;RIV-USE-SKILLS2064-1252;RIV-USE-SKILLS2064-1257;RIV-USE-SKILLS2064-1258,RIV-CONS-729300;RIV-CONS-745AAD,False,63,NO_FLAG,NOT_VALIDATED_I03,NOT_VALIDATED_I03,NOT_EXECUTED_I03,SOURCE_LABEL_AVAILABLE,NOT_APPROVED_BY_CENSUS
RIV-TEXT-7AD8A6,TEXT,0x7AD8A6,0x7AD8BA,0x7A,0xD8A6,20,7b25847cb77fa2f3930bd31750971b06a3c1c09fb3c9219699ffe9f9edb87ffe,True,UNAVAILABLE_HISTORICAL,Talon Drop,SKILL_CENSUS.json,1,RIV-USE-SKILLS2064-1261,RIV-CONS-729300;RIV-CONS-745AAD,False,57,NO_FLAG,NOT_VALIDATED_I03,NOT_VALIDATED_I03,NOT_EXECUTED_I03,SOURCE_LABEL_AVAILABLE,NOT_APPROVED_BY_CENSUS
RIV-TEXT-7AD8BA,TEXT,0x7AD8BA,0x7AD8D8,0x7A,0xD8BA,30,edf1b90488a826cd56fd1a2cc7fdc2bef10f401dd434e0266036b05391b22bbb,True,UNAVAILABLE_HISTORICAL,Happy Hurricane,SKILL_CENSUS.json,1,RIV-USE-SKILLS2064-1263,RIV-CONS-729300;RIV-CONS-745AAD,False,87,NO_FLAG,NOT_VALIDATED_I03,NOT_VALIDATED_I03,NOT_EXECUTED_I03,SOURCE_LABEL_AVAILABLE,NOT_APPROVED_BY_CENSUS
RIV-TEXT-7AD8D8,TEXT,0x7AD8D8,0x7AD8E1,0x7A,0xD8D8,9,816adb98f4588d49f62a6fcc60bbc3eba9469ff98775353abd62ee19e0b2990e,True,UNAVAILABLE_HISTORICAL,Bite,SKILL_CENSUS.json,8,RIV-USE-SKILLS2064-1265;RIV-USE-SKILLS2064-1271;RIV-USE-SKILLS2064-1277;RIV-USE-SKILLS2064-1283;RIV-USE-SKILLS2064-1655;RIV-USE-SKILLS2064-1661;RIV-USE-SKILLS2064-1667;RIV-USE-SKILLS2064-1673,RIV-CONS-729300;RIV-CONS-745AAD,False,24,NO_FLAG,NOT_VALIDATED_I03,NOT_VALIDATED_I03,NOT_EXECUTED_I03,SOURCE_LABEL_AVAILABLE,NOT_APPROVED_BY_CENSUS
RIV-TEXT-7AD8E1,TEXT,0x7AD8E1,0x7AD8EA,0x7A,0xD8E1,9,f98cdb3ed1ee72b3689652629fad94dee2c49f4b4fd8ad3d6b1090e6efde8555,True,UNAVAILABLE_HISTORICAL,Howl,SKILL_CENSUS.json,4,RIV-USE-SKILLS2064-1266;RIV-USE-SKILLS2064-1272;RIV-USE-SKILLS2064-1278;RIV-USE-SKILLS2064-1284,RIV-CONS-729300;RIV-CONS-745AAD,False,24,NO_FLAG,NOT_VALIDATED_I03,NOT_VALIDATED_I03,NOT_EXECUTED_I03,SOURCE_LABEL_AVAILABLE,NOT_APPROVED_BY_CENSUS
RIV-TEXT-7AD8EA,TEXT,0x7AD8EA,0x7AD902,0x7A,0xD8EA,24,dc37ceacec176506c33779743fbbfb60ffe18dfa3c35dbf1c582ac18a7831df9,True,UNAVAILABLE_HISTORICAL,Revenge Bite,SKILL_CENSUS.json,4,RIV-USE-SKILLS2064-1267;RIV-USE-SKILLS2064-1273;RIV-USE-SKILLS2064-1279;RIV-USE-SKILLS2064-1285,RIV-CONS-729300;RIV-CONS-745AAD,False,69,NO_FLAG,NOT_VALIDATED_I03,NOT_VALIDATED_I03,NOT_EXECUTED_I03,SOURCE_LABEL_AVAILABLE,NOT_APPROVED_BY_CENSUS
RIV-TEXT-7AD902,TEXT,0x7AD902,0x7AD91A,0x7A,0xD902,24,777cf3534e669e3cf2071e7bdb23a100acdc77f74ee1986ef2d09c40d816dfd9,True,UNAVAILABLE_HISTORICAL,Howling Blue,SKILL_CENSUS.json,4,RIV-USE-SKILLS2064-1268;RIV-USE-SKILLS2064-1274;RIV-USE-SKILLS2064-1280;RIV-USE-SKILLS2064-1286,RIV-CONS-729300;RIV-CONS-745AAD,False,69,NO_FLAG,NOT_VALIDATED_I03,NOT_VALIDATED_I03,NOT_EXECUTED_I03,SOURCE_LABEL_AVAILABLE,NOT_APPROVED_BY_CENSUS
RIV-TEXT-7AD91A,TEXT,0x7AD91A,0x7AD930,0x7A,0xD91A,22,0abea25e96e54ca1d76f8cb2b818b5b3d92d0cdc7dff4188c246e1ab8fd50f69,True,UNAVAILABLE_HISTORICAL,Bullet Dive,SKILL_CENSUS.json,8,RIV-USE-SKILLS2064-1269;RIV-USE-SKILLS2064-1270;RIV-USE-SKILLS2064-1275;RIV-USE-SKILLS2064-1276;RIV-USE-SKILLS2064-1281;RIV-USE-SKILLS2064-1282;RIV-USE-SKILLS2064-1287;RIV-USE-SKILLS2064-1288,RIV-CONS-729300;RIV-CONS-745AAD,False,63,NO_FLAG,NOT_VALIDATED_I03,NOT_VALIDATED_I03,NOT_EXECUTED_I03,SOURCE_LABEL_AVAILABLE,NOT_APPROVED_BY_CENSUS
RIV-TEXT-7AD930,TEXT,0x7AD930,0x7AD93B,0x7A,0xD930,11,3a8e94abf9caf3916a7faba7935d0fa12fb9c5e1496a8c65c492a2edb669280c,True,UNAVAILABLE_HISTORICAL,Punch,SKILL_CENSUS.json,4,RIV-USE-SKILLS2064-1289;RIV-USE-SKILLS2064-1295;RIV-USE-SKILLS2064-1301;RIV-USE-SKILLS2064-1307,RIV-CONS-729300;RIV-CONS-745AAD,False,30,NO_FLAG,NOT_VALIDATED_I03,NOT_VALIDATED_I03,NOT_EXECUTED_I03,SOURCE_LABEL_AVAILABLE,NOT_APPROVED_BY_CENSUS
RIV-TEXT-7AD93B,TEXT,0x7AD93B,0x7AD953,0x7A,0xD93B,24,ae191cbaf45b378827b496a4184856c682727e612ea460bba2a7d10a5f761eae,True,UNAVAILABLE_HISTORICAL,Boulder Dash,SKILL_CENSUS.json,4,RIV-USE-SKILLS2064-1290;RIV-USE-SKILLS2064-1296;RIV-USE-SKILLS2064-1302;RIV-USE-SKILLS2064-1308,RIV-CONS-729300;RIV-CONS-745AAD,False,69,NO_FLAG,NOT_VALIDATED_I03,NOT_VALIDATED_I03,NOT_EXECUTED_I03,SOURCE_LABEL_AVAILABLE,NOT_APPROVED_BY_CENSUS
RIV-TEXT-7AD953,TEXT,0x7AD953,0x7AD967,0x7A,0xD953,20,1f2c86320ce2810bb87555378b07e6d3a8f2f631bdddc90d696ab31203e5c6db,True,UNAVAILABLE_HISTORICAL,Angry Fist,SKILL_CENSUS.json,4,RIV-USE-SKILLS2064-1291;RIV-USE-SKILLS2064-1297;RIV-USE-SKILLS2064-1303;RIV-USE-SKILLS2064-1309,RIV-CONS-729300;RIV-CONS-745AAD,False,57,NO_FLAG,NOT_VALIDATED_I03,NOT_VALIDATED_I03,NOT_EXECUTED_I03,SOURCE_LABEL_AVAILABLE,NOT_APPROVED_BY_CENSUS
RIV-TEXT-7AD967,TEXT,0x7AD967,0x7AD97D,0x7A,0xD967,22,d2d86ac39d9be3fde60bfab6dd117557da97ff99d4d29983289df3e46abdfdac,True,UNAVAILABLE_HISTORICAL,Giga Strike,SKILL_CENSUS.json,4,RIV-USE-SKILLS2064-1292;RIV-USE-SKILLS2064-1298;RIV-USE-SKILLS2064-1304;RIV-USE-SKILLS2064-1310,RIV-CONS-729300;RIV-CONS-745AAD,False,63,NO_FLAG,NOT_VALIDATED_I03,NOT_VALIDATED_I03,NOT_EXECUTED_I03,SOURCE_LABEL_AVAILABLE,NOT_APPROVED_BY_CENSUS
RIV-TEXT-7AD97D,TEXT,0x7AD97D,0x7AD995,0x7A,0xD97D,24,4cbfa0357df7090965894e76c39cdf517c602af91be72c34c3df5f41bb71f45c,True,UNAVAILABLE_HISTORICAL,Meteo Impact,SKILL_CENSUS.json,8,RIV-USE-SKILLS2064-1293;RIV-USE-SKILLS2064-1294;RIV-USE-SKILLS2064-1299;RIV-USE-SKILLS2064-1300;RIV-USE-SKILLS2064-1305;RIV-USE-SKILLS2064-1306;RIV-USE-SKILLS2064-1311;RIV-USE-SKILLS2064-1312,RIV-CONS-729300;RIV-CONS-745AAD,False,69,NO_FLAG,NOT_VALIDATED_I03,NOT_VALIDATED_I03,NOT_EXECUTED_I03,SOURCE_LABEL_AVAILABLE,NOT_APPROVED_BY_CENSUS
RIV-TEXT-7AD995,TEXT,0x7AD995,0x7AD99E,0x7A,0xD995,9,c292a5f393feec3c84ddb9076f187a27efc4bb937dbcebfa4357fbf794ac7c28,True,UNAVAILABLE_HISTORICAL,Peck,SKILL_CENSUS.json,4,RIV-USE-SKILLS2064-1313;RIV-USE-SKILLS2064-1319;RIV-USE-SKILLS2064-1325;RIV-USE-SKILLS2064-1331,RIV-CONS-729300;RIV-CONS-745AAD,False,24,NO_FLAG,NOT_VALIDATED_I03,NOT_VALIDATED_I03,NOT_EXECUTED_I03,SOURCE_LABEL_AVAILABLE,NOT_APPROVED_BY_CENSUS
RIV-TEXT-7AD99E,TEXT,0x7AD99E,0x7AD9AE,0x7A,0xD99E,16,9b20b09fd684857fff4971e5818634b747916645b50032d5a13d5a14b3ebd649,True,UNAVAILABLE_HISTORICAL,Evil Eye,SKILL_CENSUS.json,4,RIV-USE-SKILLS2064-1314;RIV-USE-SKILLS2064-1320;RIV-USE-SKILLS2064-1326;RIV-USE-SKILLS2064-1332,RIV-CONS-729300;RIV-CONS-745AAD,False,45,NO_FLAG,NOT_VALIDATED_I03,NOT_VALIDATED_I03,NOT_EXECUTED_I03,SOURCE_LABEL_AVAILABLE,NOT_APPROVED_BY_CENSUS
RIV-TEXT-7AD9AE,TEXT,0x7AD9AE,0x7AD9C6,0x7A,0xD9AE,24,baa72c3a2ac4b8540777951ab970bcd60e9516301f61330c2bece7d8e5c6951f,True,UNAVAILABLE_HISTORICAL,Beak Barrage,SKILL_CENSUS.json,4,RIV-USE-SKILLS2064-1315;RIV-USE-SKILLS2064-1321;RIV-USE-SKILLS2064-1327;RIV-USE-SKILLS2064-1333,RIV-CONS-729300;RIV-CONS-745AAD,False,69,NO_FLAG,NOT_VALIDATED_I03,NOT_VALIDATED_I03,NOT_EXECUTED_I03,SOURCE_LABEL_AVAILABLE,NOT_APPROVED_BY_CENSUS
RIV-TEXT-7AD9C6,TEXT,0x7AD9C6,0x7AD9D9,0x7A,0xD9C6,19,ac62f4e856b68bdb9958a2749afdfac04c353ddf5f6ae3f63670841b7c061563,True,UNAVAILABLE_HISTORICAL,Fossilize,SKILL_CENSUS.json,4,RIV-USE-SKILLS2064-1316;RIV-USE-SKILLS2064-1322;RIV-USE-SKILLS2064-1328;RIV-USE-SKILLS2064-1334,RIV-CONS-729300;RIV-CONS-745AAD,False,54,NO_FLAG,NOT_VALIDATED_I03,NOT_VALIDATED_I03,NOT_EXECUTED_I03,SOURCE_LABEL_AVAILABLE,NOT_APPROVED_BY_CENSUS
RIV-TEXT-7AD9D9,TEXT,0x7AD9D9,0x7AD9F1,0x7A,0xD9D9,24,dad8bb097a38790f8a3a1166a83a459e5142b6d8e21e0bc6ecb4178c85623844,True,UNAVAILABLE_HISTORICAL,Cyclone Fury,SKILL_CENSUS.json,8,RIV-USE-SKILLS2064-1317;RIV-USE-SKILLS2064-1318;RIV-USE-SKILLS2064-1323;RIV-USE-SKILLS2064-1324;RIV-USE-SKILLS2064-1329;RIV-USE-SKILLS2064-1330;RIV-USE-SKILLS2064-1335;RIV-USE-SKILLS2064-1336,RIV-CONS-729300;RIV-CONS-745AAD,False,69,NO_FLAG,NOT_VALIDATED_I03,NOT_VALIDATED_I03,NOT_EXECUTED_I03,SOURCE_LABEL_AVAILABLE,NOT_APPROVED_BY_CENSUS
RIV-TEXT-7AD9F1,TEXT,0x7AD9F1,0x7AD9FE,0x7A,0xD9F1,13,b9023fde703b6f113fed9907726717207c5169cd4f2a9e3c165de42935c59347,True,UNAVAILABLE_HISTORICAL,Charge,SKILL_CENSUS.json,4,RIV-USE-SKILLS2064-1337;RIV-USE-SKILLS2064-1343;RIV-USE-SKILLS2064-1349;RIV-USE-SKILLS2064-1355,RIV-CONS-729300;RIV-CONS-745AAD,False,36,NO_FLAG,NOT_VALIDATED_I03,NOT_VALIDATED_I03,NOT_EXECUTED_I03,SOURCE_LABEL_AVAILABLE,NOT_APPROVED_BY_CENSUS
RIV-TEXT-7AD9FE,TEXT,0x7AD9FE,0x7ADA18,0x7A,0xD9FE,26,339780831ea89e29a47b489d83a756aee8ab2d4fede8bb01e50cb00616194434,True,UNAVAILABLE_HISTORICAL,Shoot Webbing,SKILL_CENSUS.json,4,RIV-USE-SKILLS2064-1338;RIV-USE-SKILLS2064-1344;RIV-USE-SKILLS2064-1350;RIV-USE-SKILLS2064-1356,RIV-CONS-729300;RIV-CONS-745AAD,False,75,NO_FLAG,NOT_VALIDATED_I03,NOT_VALIDATED_I03,NOT_EXECUTED_I03,SOURCE_LABEL_AVAILABLE,NOT_APPROVED_BY_CENSUS
RIV-TEXT-7ADA18,TEXT,0x7ADA18,0x7ADA2E,0x7A,0xDA18,22,77b140c7ec67659611e4c0b5f48ce33a95f28c2b88a55f3d04e1709fd6bf82ee,True,UNAVAILABLE_HISTORICAL,Hard Tackle,SKILL_CENSUS.json,4,RIV-USE-SKILLS2064-1339;RIV-USE-SKILLS2064-1345;RIV-USE-SKILLS2064-1351;RIV-USE-SKILLS2064-1357,RIV-CONS-729300;RIV-CONS-745AAD,False,63,NO_FLAG,NOT_VALIDATED_I03,NOT_VALIDATED_I03,NOT_EXECUTED_I03,SOURCE_LABEL_AVAILABLE,NOT_APPROVED_BY_CENSUS
RIV-TEXT-7ADA2E,TEXT,0x7ADA2E,0x7ADA40,0x7A,0xDA2E,18,e2f8b446443b4f5c5339dbc7c04a04677e13a1ef4a04d2300bde2338c8490752,True,UNAVAILABLE_HISTORICAL,Magic Web,SKILL_CENSUS.json,4,RIV-USE-SKILLS2064-1340;RIV-USE-SKILLS2064-1346;RIV-USE-SKILLS2064-1352;RIV-USE-SKILLS2064-1358,RIV-CONS-729300;RIV-CONS-745AAD,False,51,NO_FLAG,NOT_VALIDATED_I03,NOT_VALIDATED_I03,NOT_EXECUTED_I03,SOURCE_LABEL_AVAILABLE,NOT_APPROVED_BY_CENSUS
RIV-TEXT-7ADA40,TEXT,0x7ADA40,0x7ADA54,0x7A,0xDA40,20,df12fe213fddc92c574ed2df387cd63b12f5d3c3cf4340ff2e5a28aff584593b,True,UNAVAILABLE_HISTORICAL,Mirage Web,SKILL_CENSUS.json,8,RIV-USE-SKILLS2064-1341;RIV-USE-SKILLS2064-1342;RIV-USE-SKILLS2064-1347;RIV-USE-SKILLS2064-1348;RIV-USE-SKILLS2064-1353;RIV-USE-SKILLS2064-1354;RIV-USE-SKILLS2064-1359;RIV-USE-SKILLS2064-1360,RIV-CONS-729300;RIV-CONS-745AAD,False,57,NO_FLAG,NOT_VALIDATED_I03,NOT_VALIDATED_I03,NOT_EXECUTED_I03,SOURCE_LABEL_AVAILABLE,NOT_APPROVED_BY_CENSUS
RIV-TEXT-7ADA54,TEXT,0x7ADA54,0x7ADA6C,0x7A,0xDA54,24,a46e349f49b1475024ed81ef9a62cbf836c3c6a4e0df11fb74ae53938a60bc99,True,UNAVAILABLE_HISTORICAL,Front Attack,SKILL_CENSUS.json,4,RIV-USE-SKILLS2064-1361;RIV-USE-SKILLS2064-1367;RIV-USE-SKILLS2064-1373;RIV-USE-SKILLS2064-1379,RIV-CONS-729300;RIV-CONS-745AAD,False,69,NO_FLAG,NOT_VALIDATED_I03,NOT_VALIDATED_I03,NOT_EXECUTED_I03,SOURCE_LABEL_AVAILABLE,NOT_APPROVED_BY_CENSUS
RIV-TEXT-7ADA6C,TEXT,0x7ADA6C,0x7ADA80,0x7A,0xDA6C,20,0d27b66cbcbdf3a55dcefadbd447777ade0bef390b1b95f9cdb1f05c787d8072,True,UNAVAILABLE_HISTORICAL,Alien Beam,SKILL_CENSUS.json,4,RIV-USE-SKILLS2064-1362;RIV-USE-SKILLS2064-1368;RIV-USE-SKILLS2064-1374;RIV-USE-SKILLS2064-1380,RIV-CONS-729300;RIV-CONS-745AAD,False,57,NO_FLAG,NOT_VALIDATED_I03,NOT_VALIDATED_I03,NOT_EXECUTED_I03,SOURCE_LABEL_AVAILABLE,NOT_APPROVED_BY_CENSUS
RIV-TEXT-7ADA80,TEXT,0x7ADA80,0x7ADA9C,0x7A,0xDA80,28,f8e95a34f98098e38b808b46715bf98af211a5e88fdf1676a418f1a767df2899,True,UNAVAILABLE_HISTORICAL,Rolling Attack,SKILL_CENSUS.json,4,RIV-USE-SKILLS2064-1363;RIV-USE-SKILLS2064-1369;RIV-USE-SKILLS2064-1375;RIV-USE-SKILLS2064-1381,RIV-CONS-729300;RIV-CONS-745AAD,False,81,NO_FLAG,NOT_VALIDATED_I03,NOT_VALIDATED_I03,NOT_EXECUTED_I03,SOURCE_LABEL_AVAILABLE,NOT_APPROVED_BY_CENSUS
RIV-TEXT-7ADA9C,TEXT,0x7ADA9C,0x7ADAB0,0x7A,0xDA9C,20,1ff2484c1d60ecebe811c00a5227d8f04d9a56f954bb42419b91cad3fcb0c25c,True,UNAVAILABLE_HISTORICAL,Stone Beam,SKILL_CENSUS.json,4,RIV-USE-SKILLS2064-1364;RIV-USE-SKILLS2064-1370;RIV-USE-SKILLS2064-1376;RIV-USE-SKILLS2064-1382,RIV-CONS-729300;RIV-CONS-745AAD,False,57,NO_FLAG,NOT_VALIDATED_I03,NOT_VALIDATED_I03,NOT_EXECUTED_I03,SOURCE_LABEL_AVAILABLE,NOT_APPROVED_BY_CENSUS
RIV-TEXT-7ADAB0,TEXT,0x7ADAB0,0x7ADACA,0x7A,0xDAB0,26,ea6c1382ef4ffc8482a8ad682306bf6342172b5b4c58607e75d7fff5a508ad80,True,UNAVAILABLE_HISTORICAL,Icicle Shower,SKILL_CENSUS.json,8,RIV-USE-SKILLS2064-1365;RIV-USE-SKILLS2064-1366;RIV-USE-SKILLS2064-1371;RIV-USE-SKILLS2064-1372;RIV-USE-SKILLS2064-1377;RIV-USE-SKILLS2064-1378;RIV-USE-SKILLS2064-1383;RIV-USE-SKILLS2064-1384,RIV-CONS-729300;RIV-CONS-745AAD,False,75,NO_FLAG,NOT_VALIDATED_I03,NOT_VALIDATED_I03,NOT_EXECUTED_I03,SOURCE_LABEL_AVAILABLE,NOT_APPROVED_BY_CENSUS
RIV-TEXT-7ADACA,TEXT,0x7ADACA,0x7ADAE8,0x7A,0xDACA,30,b0f18bded325109c8550339408fceed0801cb2e6ac3cdc2d8e7fae4522b55077,True,UNAVAILABLE_HISTORICAL,Tentacle Attack,SKILL_CENSUS.json;RIBBON_ALIASES.json,5,RIV-USE-SKILLS2064-1385;RIV-USE-SKILLS2064-1391;RIV-USE-SKILLS2064-1397;RIV-USE-SKILLS2064-1403;RIV-USE-RIBBON_ALIAS-DACA,RIV-CONS-729300;RIV-CONS-72D000;RIV-CONS-745AAD,True,87,NO_FLAG,NOT_VALIDATED_I03,NOT_VALIDATED_I03,NOT_EXECUTED_I03,SOURCE_LABEL_AVAILABLE,NOT_APPROVED_BY_CENSUS
RIV-TEXT-7ADAE8,TEXT,0x7ADAE8,0x7ADB00,0x7A,0xDAE8,24,816453c140430fa157188e2b350ae22c7cf9e87bfa73b4f9ba77329197a37148,True,UNAVAILABLE_HISTORICAL,Pollen Spray,SKILL_CENSUS.json,4,RIV-USE-SKILLS2064-1386;RIV-USE-SKILLS2064-1392;RIV-USE-SKILLS2064-1398;RIV-USE-SKILLS2064-1404,RIV-CONS-729300;RIV-CONS-745AAD,False,69,NO_FLAG,NOT_VALIDATED_I03,NOT_VALIDATED_I03,NOT_EXECUTED_I03,SOURCE_LABEL_AVAILABLE,NOT_APPROVED_BY_CENSUS
RIV-TEXT-7ADB00,TEXT,0x7ADB00,0x7ADB16,0x7A,0xDB00,22,0067137ab0a68daf0d4d7f98e7c2ba07a02034b68191bd03d238a80addc6bd31,True,UNAVAILABLE_HISTORICAL,Triple Whip,SKILL_CENSUS.json,4,RIV-USE-SKILLS2064-1387;RIV-USE-SKILLS2064-1393;RIV-USE-SKILLS2064-1399;RIV-USE-SKILLS2064-1405,RIV-CONS-729300;RIV-CONS-745AAD,False,63,NO_FLAG,NOT_VALIDATED_I03,NOT_VALIDATED_I03,NOT_EXECUTED_I03,SOURCE_LABEL_AVAILABLE,NOT_APPROVED_BY_CENSUS
RIV-TEXT-7ADB16,TEXT,0x7ADB16,0x7ADB2E,0x7A,0xDB16,24,61d19d4ba1680f94f66347efb6db4b33da272b6aa027e66fed43ff544a12d815,True,UNAVAILABLE_HISTORICAL,Sleep Pollen,SKILL_CENSUS.json,4,RIV-USE-SKILLS2064-1388;RIV-USE-SKILLS2064-1394;RIV-USE-SKILLS2064-1400;RIV-USE-SKILLS2064-1406,RIV-CONS-729300;RIV-CONS-745AAD,False,69,NO_FLAG,NOT_VALIDATED_I03,NOT_VALIDATED_I03,NOT_EXECUTED_I03,SOURCE_LABEL_AVAILABLE,NOT_APPROVED_BY_CENSUS
RIV-TEXT-7ADB2E,TEXT,0x7ADB2E,0x7ADB40,0x7A,0xDB2E,18,83e92d7212fe1f0cf596dcd5ffd80a1cb0b9ce1b3b25bd47b12ded477883cb9e,True,UNAVAILABLE_HISTORICAL,Leaf Rush,SKILL_CENSUS.json,8,RIV-USE-SKILLS2064-1389;RIV-USE-SKILLS2064-1390;RIV-USE-SKILLS2064-1395;RIV-USE-SKILLS2064-1396;RIV-USE-SKILLS2064-1401;RIV-USE-SKILLS2064-1402;RIV-USE-SKILLS2064-1407;RIV-USE-SKILLS2064-1408,RIV-CONS-729300;RIV-CONS-745AAD,False,51,NO_FLAG,NOT_VALIDATED_I03,NOT_VALIDATED_I03,NOT_EXECUTED_I03,SOURCE_LABEL_AVAILABLE,NOT_APPROVED_BY_CENSUS
RIV-TEXT-7ADB40,TEXT,0x7ADB40,0x7ADB49,0x7A,0xDB40,9,074e9271d53299b0f05534ea792fad9bf5172fa1944d7c241d161bdc6f5df0f0,True,UNAVAILABLE_HISTORICAL,Hack,SKILL_CENSUS.json,4,RIV-USE-SKILLS2064-1409;RIV-USE-SKILLS2064-1415;RIV-USE-SKILLS2064-1421;RIV-USE-SKILLS2064-1427,RIV-CONS-729300;RIV-CONS-745AAD,False,24,NO_FLAG,NOT_VALIDATED_I03,NOT_VALIDATED_I03,NOT_EXECUTED_I03,SOURCE_LABEL_AVAILABLE,NOT_APPROVED_BY_CENSUS
RIV-TEXT-7ADB49,TEXT,0x7ADB49,0x7ADB5D,0x7A,0xDB49,20,0fbc940921de149c5a3d1ea9ec43cae34ae683471df7d36dfd58bc230b77c52b,True,UNAVAILABLE_HISTORICAL,Wind Blade,SKILL_CENSUS.json,4,RIV-USE-SKILLS2064-1410;RIV-USE-SKILLS2064-1416;RIV-USE-SKILLS2064-1422;RIV-USE-SKILLS2064-1428,RIV-CONS-729300;RIV-CONS-745AAD,False,57,NO_FLAG,NOT_VALIDATED_I03,NOT_VALIDATED_I03,NOT_EXECUTED_I03,SOURCE_LABEL_AVAILABLE,NOT_APPROVED_BY_CENSUS
RIV-TEXT-7ADB5D,TEXT,0x7ADB5D,0x7ADB75,0x7A,0xDB5D,24,83b64a8686e3f12394d50861268aac753d3f3aed616b58d6a70cac269c51bb5d,True,UNAVAILABLE_HISTORICAL,Power Charge,SKILL_CENSUS.json,4,RIV-USE-SKILLS2064-1411;RIV-USE-SKILLS2064-1417;RIV-USE-SKILLS2064-1423;RIV-USE-SKILLS2064-1429,RIV-CONS-729300;RIV-CONS-745AAD,False,69,NO_FLAG,NOT_VALIDATED_I03,NOT_VALIDATED_I03,NOT_EXECUTED_I03,SOURCE_LABEL_AVAILABLE,NOT_APPROVED_BY_CENSUS
RIV-TEXT-7ADB75,TEXT,0x7ADB75,0x7ADB89,0x7A,0xDB75,20,ca3ac91b9ff613827327a22b65dd853ba3b8ebc6db3db6c35104597ddcbb8a6c,True,UNAVAILABLE_HISTORICAL,Sonic Boom,SKILL_CENSUS.json,4,RIV-USE-SKILLS2064-1412;RIV-USE-SKILLS2064-1418;RIV-USE-SKILLS2064-1424;RIV-USE-SKILLS2064-1430,RIV-CONS-729300;RIV-CONS-745AAD,False,57,NO_FLAG,NOT_VALIDATED_I03,NOT_VALIDATED_I03,NOT_EXECUTED_I03,SOURCE_LABEL_AVAILABLE,NOT_APPROVED_BY_CENSUS
RIV-TEXT-7ADB89,TEXT,0x7ADB89,0x7ADBA9,0x7A,0xDB89,32,0b26f5b2a51e0ba5f9705aee2c1a168b66bb75c7e90c55ccf6122495fb33bb49,True,UNAVAILABLE_HISTORICAL,Brutal Onslaught,SKILL_CENSUS.json;RIBBON_ALIASES.json,9,RIV-USE-SKILLS2064-1413;RIV-USE-SKILLS2064-1414;RIV-USE-SKILLS2064-1419;RIV-USE-SKILLS2064-1420;RIV-USE-SKILLS2064-1425;RIV-USE-SKILLS2064-1426;RIV-USE-SKILLS2064-1431;RIV-USE-SKILLS2064-1432;RIV-USE-RIBBON_ALIAS-DB89,RIV-CONS-729300;RIV-CONS-72D000;RIV-CONS-745AAD,True,93,NO_FLAG,NOT_VALIDATED_I03,NOT_VALIDATED_I03,NOT_EXECUTED_I03,SOURCE_LABEL_AVAILABLE,NOT_APPROVED_BY_CENSUS
RIV-TEXT-7ADBA9,TEXT,0x7ADBA9,0x7ADBC5,0x7A,0xDBA9,28,77ac6f37895dbd0712d68e88f58ccb8323d8bcb00cce9543c9bf820ac9ead117,True,UNAVAILABLE_HISTORICAL,Downward Slash,SKILL_CENSUS.json;RIBBON_ALIASES.json,9,RIV-USE-SKILLS2064-1433;RIV-USE-SKILLS2064-1439;RIV-USE-SKILLS2064-1445;RIV-USE-SKILLS2064-1451;RIV-USE-SKILLS2064-1721;RIV-USE-SKILLS2064-1722;RIV-USE-SKILLS2064-1739;RIV-USE-SKILLS2064-1745;RIV-USE-RIBBON_ALIAS-DBA9,RIV-CONS-729300;RIV-CONS-72D000;RIV-CONS-745AAD,True,81,NO_FLAG,NOT_VALIDATED_I03,NOT_VALIDATED_I03,NOT_EXECUTED_I03,SOURCE_LABEL_AVAILABLE,NOT_APPROVED_BY_CENSUS
RIV-TEXT-7ADBC5,TEXT,0x7ADBC5,0x7ADBDB,0x7A,0xDBC5,22,c76adc68ddcbf188a31241f11a6190adbfd8d32c4e952412ebbb45962af90c29,True,UNAVAILABLE_HISTORICAL,Jump Around,SKILL_CENSUS.json,4,RIV-USE-SKILLS2064-1434;RIV-USE-SKILLS2064-1440;RIV-USE-SKILLS2064-1446;RIV-USE-SKILLS2064-1452,RIV-CONS-729300;RIV-CONS-745AAD,False,63,NO_FLAG,NOT_VALIDATED_I03,NOT_VALIDATED_I03,NOT_EXECUTED_I03,SOURCE_LABEL_AVAILABLE,NOT_APPROVED_BY_CENSUS
RIV-TEXT-7ADBDB,TEXT,0x7ADBDB,0x7ADBF1,0x7A,0xDBDB,22,d100587b7d96ab94328756de98381c42a9cfb0c9047726d2ee717658d3b312b4,True,UNAVAILABLE_HISTORICAL,Conk Buster,SKILL_CENSUS.json,4,RIV-USE-SKILLS2064-1435;RIV-USE-SKILLS2064-1441;RIV-USE-SKILLS2064-1447;RIV-USE-SKILLS2064-1453,RIV-CONS-729300;RIV-CONS-745AAD,False,63,NO_FLAG,NOT_VALIDATED_I03,NOT_VALIDATED_I03,NOT_EXECUTED_I03,SOURCE_LABEL_AVAILABLE,NOT_APPROVED_BY_CENSUS
RIV-TEXT-7ADBF1,TEXT,0x7ADBF1,0x7ADC05,0x7A,0xDBF1,20,a96e783cd49ce38694a729e65e5e5cd58410ae996875e2ed1798c72ae9d1ec2d,True,UNAVAILABLE_HISTORICAL,Quake Shot,SKILL_CENSUS.json,4,RIV-USE-SKILLS2064-1436;RIV-USE-SKILLS2064-1442;RIV-USE-SKILLS2064-1448;RIV-USE-SKILLS2064-1454,RIV-CONS-729300;RIV-CONS-745AAD,False,57,NO_FLAG,NOT_VALIDATED_I03,NOT_VALIDATED_I03,NOT_EXECUTED_I03,SOURCE_LABEL_AVAILABLE,NOT_APPROVED_BY_CENSUS
RIV-TEXT-7ADC05,TEXT,0x7ADC05,0x7ADC1A,0x7A,0xDC05,21,7977a0b5c4f08d5f008779b90897db0fcb7eb98fe18ba567d8c9331c1b67ff6b,True,UNAVAILABLE_HISTORICAL,Earthquake,SKILL_CENSUS.json,8,RIV-USE-SKILLS2064-1437;RIV-USE-SKILLS2064-1438;RIV-USE-SKILLS2064-1443;RIV-USE-SKILLS2064-1444;RIV-USE-SKILLS2064-1449;RIV-USE-SKILLS2064-1450;RIV-USE-SKILLS2064-1455;RIV-USE-SKILLS2064-1456,RIV-CONS-729300;RIV-CONS-745AAD,False,60,NO_FLAG,NOT_VALIDATED_I03,NOT_VALIDATED_I03,NOT_EXECUTED_I03,SOURCE_LABEL_AVAILABLE,NOT_APPROVED_BY_CENSUS
RIV-TEXT-7ADC1A,TEXT,0x7ADC1A,0x7ADC2C,0x7A,0xDC1A,18,2427b3cd92bd78bc4f8b6fc7363c13e02464e609e5625c6b9b56535e5dbbc8f3,True,UNAVAILABLE_HISTORICAL,Pounce On,SKILL_CENSUS.json,4,RIV-USE-SKILLS2064-1457;RIV-USE-SKILLS2064-1463;RIV-USE-SKILLS2064-1469;RIV-USE-SKILLS2064-1475,RIV-CONS-729300;RIV-CONS-745AAD,False,51,NO_FLAG,NOT_VALIDATED_I03,NOT_VALIDATED_I03,NOT_EXECUTED_I03,SOURCE_LABEL_AVAILABLE,NOT_APPROVED_BY_CENSUS
RIV-TEXT-7ADC2C,TEXT,0x7ADC2C,0x7ADC35,0x7A,0xDC2C,9,b6cb9e919170a51cb2ebb434c683b089668c6d47552b9371ed91100e187c7eeb,True,UNAVAILABLE_HISTORICAL,Bane,SKILL_CENSUS.json,4,RIV-USE-SKILLS2064-1458;RIV-USE-SKILLS2064-1464;RIV-USE-SKILLS2064-1470;RIV-USE-SKILLS2064-1476,RIV-CONS-729300;RIV-CONS-745AAD,False,24,NO_FLAG,NOT_VALIDATED_I03,NOT_VALIDATED_I03,NOT_EXECUTED_I03,SOURCE_LABEL_AVAILABLE,NOT_APPROVED_BY_CENSUS
RIV-TEXT-7ADC35,TEXT,0x7ADC35,0x7ADC53,0x7A,0xDC35,30,57a4523d4792a97e829b0ae064256a51fbcd0faa5aa7a4d2dbfb48965c653581,True,UNAVAILABLE_HISTORICAL,Acidic Solution,SKILL_CENSUS.json,4,RIV-USE-SKILLS2064-1459;RIV-USE-SKILLS2064-1465;RIV-USE-SKILLS2064-1471;RIV-USE-SKILLS2064-1477,RIV-CONS-729300;RIV-CONS-745AAD,False,87,NO_FLAG,NOT_VALIDATED_I03,NOT_VALIDATED_I03,NOT_EXECUTED_I03,SOURCE_LABEL_AVAILABLE,NOT_APPROVED_BY_CENSUS
RIV-TEXT-7ADC53,TEXT,0x7ADC53,0x7ADC63,0x7A,0xDC53,16,e3efc1d868c216e16146172912199cb3280f504dbc820051ac618995735e2cd1,True,UNAVAILABLE_HISTORICAL,Acid Gas,SKILL_CENSUS.json,4,RIV-USE-SKILLS2064-1460;RIV-USE-SKILLS2064-1466;RIV-USE-SKILLS2064-1472;RIV-USE-SKILLS2064-1478,RIV-CONS-729300;RIV-CONS-745AAD,False,45,NO_FLAG,NOT_VALIDATED_I03,NOT_VALIDATED_I03,NOT_EXECUTED_I03,SOURCE_LABEL_AVAILABLE,NOT_APPROVED_BY_CENSUS
RIV-TEXT-7ADC63,TEXT,0x7ADC63,0x7ADC7D,0x7A,0xDC63,26,41ef03dad4184c044a6b1e6e69422dc2fadc2cccf8d06568acd0de551b19be68,True,UNAVAILABLE_HISTORICAL,Splatter Bomb,SKILL_CENSUS.json,8,RIV-USE-SKILLS2064-1461;RIV-USE-SKILLS2064-1462;RIV-USE-SKILLS2064-1467;RIV-USE-SKILLS2064-1468;RIV-USE-SKILLS2064-1473;RIV-USE-SKILLS2064-1474;RIV-USE-SKILLS2064-1479;RIV-USE-SKILLS2064-1480,RIV-CONS-729300;RIV-CONS-745AAD,False,75,NO_FLAG,NOT_VALIDATED_I03,NOT_VALIDATED_I03,NOT_EXECUTED_I03,SOURCE_LABEL_AVAILABLE,NOT_APPROVED_BY_CENSUS
RIV-TEXT-7ADC7D,TEXT,0x7ADC7D,0x7ADC91,0x7A,0xDC7D,20,450decf2086f4e15e6f6f1aa52d69870ab2238a39460d591c38e4dc5531d97ac,True,UNAVAILABLE_HISTORICAL,Magic Rock,SKILL_CENSUS.json,3,RIV-USE-SKILLS2064-1481;RIV-USE-SKILLS2064-1517;RIV-USE-SKILLS2064-1553,RIV-CONS-729300;RIV-CONS-745AAD,False,57,NO_FLAG,NOT_VALIDATED_I03,NOT_VALIDATED_I03,NOT_EXECUTED_I03,SOURCE_LABEL_AVAILABLE,NOT_APPROVED_BY_CENSUS
RIV-TEXT-7ADC91,TEXT,0x7ADC91,0x7ADC9C,0x7A,0xDC91,11,159199434a44138c2c3793be004df7d7a87d404a1695f2d8302d3ae1c6e73764,True,UNAVAILABLE_HISTORICAL,Spell,SKILL_CENSUS.json,3,RIV-USE-SKILLS2064-1482;RIV-USE-SKILLS2064-1518;RIV-USE-SKILLS2064-1554,RIV-CONS-729300;RIV-CONS-745AAD,False,30,NO_FLAG,NOT_VALIDATED_I03,NOT_VALIDATED_I03,NOT_EXECUTED_I03,SOURCE_LABEL_AVAILABLE,NOT_APPROVED_BY_CENSUS
RIV-TEXT-7ADC9C,TEXT,0x7ADC9C,0x7ADCAD,0x7A,0xDC9C,17,11ff229b52828408186681e0842c2f718827c3232d14904bbfdcb9147fb18292,True,UNAVAILABLE_HISTORICAL,Fragment,SKILL_CENSUS.json,3,RIV-USE-SKILLS2064-1483;RIV-USE-SKILLS2064-1519;RIV-USE-SKILLS2064-1555,RIV-CONS-729300;RIV-CONS-745AAD,False,48,NO_FLAG,NOT_VALIDATED_I03,NOT_VALIDATED_I03,NOT_EXECUTED_I03,SOURCE_LABEL_AVAILABLE,NOT_APPROVED_BY_CENSUS
RIV-TEXT-7ADCAD,TEXT,0x7ADCAD,0x7ADCBC,0x7A,0xDCAD,15,c7a0a2de172be769db17b927f8b08458858237eb5c72e4567fac56342c073bb0,True,UNAVAILABLE_HISTORICAL,Flicker,SKILL_CENSUS.json,3,RIV-USE-SKILLS2064-1484;RIV-USE-SKILLS2064-1520;RIV-USE-SKILLS2064-1556,RIV-CONS-729300;RIV-CONS-745AAD,False,42,NO_FLAG,NOT_VALIDATED_I03,NOT_VALIDATED_I03,NOT_EXECUTED_I03,SOURCE_LABEL_AVAILABLE,NOT_APPROVED_BY_CENSUS
RIV-TEXT-7ADCBC,TEXT,0x7ADCBC,0x7ADCCB,0x7A,0xDCBC,15,7e553eacaa6d71816e943078e9077db930abb2f3c1ebb6d5e848046a3f3c60f1,True,UNAVAILABLE_HISTORICAL,Phantom,SKILL_CENSUS.json,6,RIV-USE-SKILLS2064-1485;RIV-USE-SKILLS2064-1486;RIV-USE-SKILLS2064-1521;RIV-USE-SKILLS2064-1522;RIV-USE-SKILLS2064-1557;RIV-USE-SKILLS2064-1558,RIV-CONS-729300;RIV-CONS-745AAD,False,42,NO_FLAG,NOT_VALIDATED_I03,NOT_VALIDATED_I03,NOT_EXECUTED_I03,SOURCE_LABEL_AVAILABLE,NOT_APPROVED_BY_CENSUS
RIV-TEXT-7ADCCB,TEXT,0x7ADCCB,0x7ADCDF,0x7A,0xDCCB,20,3fbd716d24a4fc200f647bfca004debdf923f8ff39cb5d0f7662697de1523473,True,UNAVAILABLE_HISTORICAL,Flame Rock,SKILL_CENSUS.json,3,RIV-USE-SKILLS2064-1487;RIV-USE-SKILLS2064-1523;RIV-USE-SKILLS2064-1559,RIV-CONS-729300;RIV-CONS-745AAD,False,57,NO_FLAG,NOT_VALIDATED_I03,NOT_VALIDATED_I03,NOT_EXECUTED_I03,SOURCE_LABEL_AVAILABLE,NOT_APPROVED_BY_CENSUS
RIV-TEXT-7ADCDF,TEXT,0x7ADCDF,0x7ADCF3,0x7A,0xDCDF,20,7fd0e38333be5b8194eed8e46a2e91bc5e7bba7ce497df598d180c37ef2b684d,True,UNAVAILABLE_HISTORICAL,Fire Spell,SKILL_CENSUS.json,3,RIV-USE-SKILLS2064-1488;RIV-USE-SKILLS2064-1524;RIV-USE-SKILLS2064-1560,RIV-CONS-729300;RIV-CONS-745AAD,False,57,NO_FLAG,NOT_VALIDATED_I03,NOT_VALIDATED_I03,NOT_EXECUTED_I03,SOURCE_LABEL_AVAILABLE,NOT_APPROVED_BY_CENSUS
RIV-TEXT-7ADCF3,TEXT,0x7ADCF3,0x7ADD0D,0x7A,0xDCF3,26,2ff9507c9c8445e0d76c17c5191e27febd73de82d554d7d5e8ceccfb25a6626f,True,UNAVAILABLE_HISTORICAL,Fire Fragment,SKILL_CENSUS.json,3,RIV-USE-SKILLS2064-1489;RIV-USE-SKILLS2064-1525;RIV-USE-SKILLS2064-1561,RIV-CONS-729300;RIV-CONS-745AAD,False,75,NO_FLAG,NOT_VALIDATED_I03,NOT_VALIDATED_I03,NOT_EXECUTED_I03,SOURCE_LABEL_AVAILABLE,NOT_APPROVED_BY_CENSUS
RIV-TEXT-7ADD0D,TEXT,0x7ADD0D,0x7ADD23,0x7A,0xDD0D,22,195c0b73eba0e3e3e516bd4edfb882669afd74f364a5d0d130527939411d60dd,True,UNAVAILABLE_HISTORICAL,Red Flicker,SKILL_CENSUS.json,3,RIV-USE-SKILLS2064-1490;RIV-USE-SKILLS2064-1526;RIV-USE-SKILLS2064-1562,RIV-CONS-729300;RIV-CONS-745AAD,False,63,NO_FLAG,NOT_VALIDATED_I03,NOT_VALIDATED_I03,NOT_EXECUTED_I03,SOURCE_LABEL_AVAILABLE,NOT_APPROVED_BY_CENSUS
RIV-TEXT-7ADD23,TEXT,0x7ADD23,0x7ADD3D,0x7A,0xDD23,26,feefd262495ce2520b06c1924c4c265bc58a48a32ad61d9bdf29876baa6495ee,True,UNAVAILABLE_HISTORICAL,Flare Phantom,SKILL_CENSUS.json,6,RIV-USE-SKILLS2064-1491;RIV-USE-SKILLS2064-1492;RIV-USE-SKILLS2064-1527;RIV-USE-SKILLS2064-1528;RIV-USE-SKILLS2064-1563;RIV-USE-SKILLS2064-1564,RIV-CONS-729300;RIV-CONS-745AAD,False,75,NO_FLAG,NOT_VALIDATED_I03,NOT_VALIDATED_I03,NOT_EXECUTED_I03,SOURCE_LABEL_AVAILABLE,NOT_APPROVED_BY_CENSUS
RIV-TEXT-7ADD3D,TEXT,0x7ADD3D,0x7ADD4D,0x7A,0xDD3D,16,e9ab72438ab421dcc538659f0e6eab53a96167ff8a2bac68fa20049d60985b93,True,UNAVAILABLE_HISTORICAL,Ice Rock,SKILL_CENSUS.json,3,RIV-USE-SKILLS2064-1493;RIV-USE-SKILLS2064-1529;RIV-USE-SKILLS2064-1565,RIV-CONS-729300;RIV-CONS-745AAD,False,45,NO_FLAG,NOT_VALIDATED_I03,NOT_VALIDATED_I03,NOT_EXECUTED_I03,SOURCE_LABEL_AVAILABLE,NOT_APPROVED_BY_CENSUS
RIV-TEXT-7ADD4D,TEXT,0x7ADD4D,0x7ADD5F,0x7A,0xDD4D,18,af9b7d68eedf876d793f45ce8e9aabd8b654e6ceb2526cfda12543f0dba7abca,True,UNAVAILABLE_HISTORICAL,Ice Spell,SKILL_CENSUS.json,3,RIV-USE-SKILLS2064-1494;RIV-USE-SKILLS2064-1530;RIV-USE-SKILLS2064-1566,RIV-CONS-729300;RIV-CONS-745AAD,False,51,NO_FLAG,NOT_VALIDATED_I03,NOT_VALIDATED_I03,NOT_EXECUTED_I03,SOURCE_LABEL_AVAILABLE,NOT_APPROVED_BY_CENSUS
RIV-TEXT-7ADD5F,TEXT,0x7ADD5F,0x7ADD77,0x7A,0xDD5F,24,206b8d8e582a2b71f70cb1f9139dbced715f37b8281874da8d65cf5bbb605b02,True,UNAVAILABLE_HISTORICAL,Ice Fragment,SKILL_CENSUS.json,3,RIV-USE-SKILLS2064-1495;RIV-USE-SKILLS2064-1531;RIV-USE-SKILLS2064-1567,RIV-CONS-729300;RIV-CONS-745AAD,False,69,NO_FLAG,NOT_VALIDATED_I03,NOT_VALIDATED_I03,NOT_EXECUTED_I03,SOURCE_LABEL_AVAILABLE,NOT_APPROVED_BY_CENSUS
RIV-TEXT-7ADD77,TEXT,0x7ADD77,0x7ADD8F,0x7A,0xDD77,24,4a29aa2d2b21b33ef381daf9a7e5be98427aebadd7f04c8a5213ab7043d44f2f,True,UNAVAILABLE_HISTORICAL,Blue Flicker,SKILL_CENSUS.json,3,RIV-USE-SKILLS2064-1496;RIV-USE-SKILLS2064-1532;RIV-USE-SKILLS2064-1568,RIV-CONS-729300;RIV-CONS-745AAD,False,69,NO_FLAG,NOT_VALIDATED_I03,NOT_VALIDATED_I03,NOT_EXECUTED_I03,SOURCE_LABEL_AVAILABLE,NOT_APPROVED_BY_CENSUS
RIV-TEXT-7ADD8F,TEXT,0x7ADD8F,0x7ADDA5,0x7A,0xDD8F,22,bb768e30182b5b27a4b67aba8f06b8ff5b8801f182fd3fd88bfe0e5f554978d4,True,UNAVAILABLE_HISTORICAL,Ice Phantom,SKILL_CENSUS.json,6,RIV-USE-SKILLS2064-1497;RIV-USE-SKILLS2064-1498;RIV-USE-SKILLS2064-1533;RIV-USE-SKILLS2064-1534;RIV-USE-SKILLS2064-1569;RIV-USE-SKILLS2064-1570,RIV-CONS-729300;RIV-CONS-745AAD,False,63,NO_FLAG,NOT_VALIDATED_I03,NOT_VALIDATED_I03,NOT_EXECUTED_I03,SOURCE_LABEL_AVAILABLE,NOT_APPROVED_BY_CENSUS
RIV-TEXT-7ADDA5,TEXT,0x7ADDA5,0x7ADDC1,0x7A,0xDDA5,28,fafb1ccefd37d454d615af1cb11c60de63d5492c268f817041ef4c84a2621469,True,UNAVAILABLE_HISTORICAL,Lightning Rock,SKILL_CENSUS.json,3,RIV-USE-SKILLS2064-1499;RIV-USE-SKILLS2064-1535;RIV-USE-SKILLS2064-1571,RIV-CONS-729300;RIV-CONS-745AAD,False,81,NO_FLAG,NOT_VALIDATED_I03,NOT_VALIDATED_I03,NOT_EXECUTED_I03,SOURCE_LABEL_AVAILABLE,NOT_APPROVED_BY_CENSUS
RIV-TEXT-7ADDC1,TEXT,0x7ADDC1,0x7ADDDF,0x7A,0xDDC1,30,aa7b24538ee55ceca322ff113c82819da867da85d2463c43bf5e8b5cbeabd17b,True,UNAVAILABLE_HISTORICAL,Lightning Spell,SKILL_CENSUS.json,3,RIV-USE-SKILLS2064-1500;RIV-USE-SKILLS2064-1536;RIV-USE-SKILLS2064-1572,RIV-CONS-729300;RIV-CONS-745AAD,False,87,NO_FLAG,NOT_VALIDATED_I03,NOT_VALIDATED_I03,NOT_EXECUTED_I03,SOURCE_LABEL_AVAILABLE,NOT_APPROVED_BY_CENSUS
RIV-TEXT-7ADDDF,TEXT,0x7ADDDF,0x7ADDFF,0x7A,0xDDDF,32,f669843bc24e8adf61997351927c4d497825c91df300486ef57300320178b678,True,UNAVAILABLE_HISTORICAL,Thunder Fragment,SKILL_CENSUS.json;RIBBON_ALIASES.json,4,RIV-USE-SKILLS2064-1501;RIV-USE-SKILLS2064-1537;RIV-USE-SKILLS2064-1573;RIV-USE-RIBBON_ALIAS-DDDF,RIV-CONS-729300;RIV-CONS-72D000;RIV-CONS-745AAD,True,93,NO_FLAG,NOT_VALIDATED_I03,NOT_VALIDATED_I03,NOT_EXECUTED_I03,SOURCE_LABEL_AVAILABLE,NOT_APPROVED_BY_CENSUS
RIV-TEXT-7ADDFF,TEXT,0x7ADDFF,0x7ADE17,0x7A,0xDDFF,24,c4ed7230936e95462a81a0ffb1a795ec5719aa6016e82eb55f61020d88dfc1b9,True,UNAVAILABLE_HISTORICAL,Bolt Flicker,SKILL_CENSUS.json,3,RIV-USE-SKILLS2064-1502;RIV-USE-SKILLS2064-1538;RIV-USE-SKILLS2064-1574,RIV-CONS-729300;RIV-CONS-745AAD,False,69,NO_FLAG,NOT_VALIDATED_I03,NOT_VALIDATED_I03,NOT_EXECUTED_I03,SOURCE_LABEL_AVAILABLE,NOT_APPROVED_BY_CENSUS
RIV-TEXT-7ADE17,TEXT,0x7ADE17,0x7ADE2F,0x7A,0xDE17,24,30400c825c85f0caf737e0b5b9ba2a7597f1ce093326e3323b300f86f529ab97,True,UNAVAILABLE_HISTORICAL,Thor Phantom,SKILL_CENSUS.json,6,RIV-USE-SKILLS2064-1503;RIV-USE-SKILLS2064-1504;RIV-USE-SKILLS2064-1539;RIV-USE-SKILLS2064-1540;RIV-USE-SKILLS2064-1575;RIV-USE-SKILLS2064-1576,RIV-CONS-729300;RIV-CONS-745AAD,False,69,NO_FLAG,NOT_VALIDATED_I03,NOT_VALIDATED_I03,NOT_EXECUTED_I03,SOURCE_LABEL_AVAILABLE,NOT_APPROVED_BY_CENSUS
RIV-TEXT-7ADE2F,TEXT,0x7ADE2F,0x7ADE43,0x7A,0xDE2F,20,ddcb7714802c63adde9db70a6ea30f6579c604c0b506c93d0d2eb3591ce210f8,True,UNAVAILABLE_HISTORICAL,Light Rock,SKILL_CENSUS.json,3,RIV-USE-SKILLS2064-1505;RIV-USE-SKILLS2064-1541;RIV-USE-SKILLS2064-1577,RIV-CONS-729300;RIV-CONS-745AAD,False,57,NO_FLAG,NOT_VALIDATED_I03,NOT_VALIDATED_I03,NOT_EXECUTED_I03,SOURCE_LABEL_AVAILABLE,NOT_APPROVED_BY_CENSUS
RIV-TEXT-7ADE43,TEXT,0x7ADE43,0x7ADE57,0x7A,0xDE43,20,1850676e538eb76fe45252e6bb55ebf9a99169071cd24ea9a542f84c4310a636,True,UNAVAILABLE_HISTORICAL,Heal Light,SKILL_CENSUS.json,3,RIV-USE-SKILLS2064-1506;RIV-USE-SKILLS2064-1542;RIV-USE-SKILLS2064-1578,RIV-CONS-729300;RIV-CONS-745AAD,False,57,NO_FLAG,NOT_VALIDATED_I03,NOT_VALIDATED_I03,NOT_EXECUTED_I03,SOURCE_LABEL_AVAILABLE,NOT_APPROVED_BY_CENSUS
RIV-TEXT-7ADE57,TEXT,0x7ADE57,0x7ADE73,0x7A,0xDE57,28,91ba65f06afbf7e8e44601fa225174b46b963eb4faac1fe8fa40f9647980b81c,True,UNAVAILABLE_HISTORICAL,Light Fragment,SKILL_CENSUS.json,3,RIV-USE-SKILLS2064-1507;RIV-USE-SKILLS2064-1543;RIV-USE-SKILLS2064-1579,RIV-CONS-729300;RIV-CONS-745AAD,False,81,NO_FLAG,NOT_VALIDATED_I03,NOT_VALIDATED_I03,NOT_EXECUTED_I03,SOURCE_LABEL_AVAILABLE,NOT_APPROVED_BY_CENSUS
RIV-TEXT-7ADE73,TEXT,0x7ADE73,0x7ADE87,0x7A,0xDE73,20,29aa018f1d921c2a3d2a39fca57a6519ec4e02e4bad451a8d732440bf57d2a17,True,UNAVAILABLE_HISTORICAL,Heal Flash,SKILL_CENSUS.json,3,RIV-USE-SKILLS2064-1508;RIV-USE-SKILLS2064-1544;RIV-USE-SKILLS2064-1580,RIV-CONS-729300;RIV-CONS-745AAD,False,57,NO_FLAG,NOT_VALIDATED_I03,NOT_VALIDATED_I03,NOT_EXECUTED_I03,SOURCE_LABEL_AVAILABLE,NOT_APPROVED_BY_CENSUS
RIV-TEXT-7ADE87,TEXT,0x7ADE87,0x7ADEA1,0x7A,0xDE87,26,d376716ede55823fdaea6ab47e85221710006877c30d183bccc8d5c6a460b3e9,True,UNAVAILABLE_HISTORICAL,Saint Phantom,SKILL_CENSUS.json,6,RIV-USE-SKILLS2064-1509;RIV-USE-SKILLS2064-1510;RIV-USE-SKILLS2064-1545;RIV-USE-SKILLS2064-1546;RIV-USE-SKILLS2064-1581;RIV-USE-SKILLS2064-1582,RIV-CONS-729300;RIV-CONS-745AAD,False,75,NO_FLAG,NOT_VALIDATED_I03,NOT_VALIDATED_I03,NOT_EXECUTED_I03,SOURCE_LABEL_AVAILABLE,NOT_APPROVED_BY_CENSUS
RIV-TEXT-7ADEA1,TEXT,0x7ADEA1,0x7ADEB3,0x7A,0xDEA1,18,17fd7bf28f17057f5bce12faec9a23af67739655090e953f9e095155c99055f6,True,UNAVAILABLE_HISTORICAL,Dark Rock,SKILL_CENSUS.json,3,RIV-USE-SKILLS2064-1511;RIV-USE-SKILLS2064-1547;RIV-USE-SKILLS2064-1583,RIV-CONS-729300;RIV-CONS-745AAD,False,51,NO_FLAG,NOT_VALIDATED_I03,NOT_VALIDATED_I03,NOT_EXECUTED_I03,SOURCE_LABEL_AVAILABLE,NOT_APPROVED_BY_CENSUS
RIV-TEXT-7ADEB3,TEXT,0x7ADEB3,0x7ADEC7,0x7A,0xDEB3,20,56782123488ad475c28e1466baa533b99140c6b7d02760ec7af1e73c384f0031,True,UNAVAILABLE_HISTORICAL,Dark Spell,SKILL_CENSUS.json,3,RIV-USE-SKILLS2064-1512;RIV-USE-SKILLS2064-1548;RIV-USE-SKILLS2064-1584,RIV-CONS-729300;RIV-CONS-745AAD,False,57,NO_FLAG,NOT_VALIDATED_I03,NOT_VALIDATED_I03,NOT_EXECUTED_I03,SOURCE_LABEL_AVAILABLE,NOT_APPROVED_BY_CENSUS
RIV-TEXT-7ADEC7,TEXT,0x7ADEC7,0x7ADEE1,0x7A,0xDEC7,26,60da442f48aac036e62bf270f733f07390ffed8673fa0e220572623386fc9a2a,True,UNAVAILABLE_HISTORICAL,Dark Fragment,SKILL_CENSUS.json,3,RIV-USE-SKILLS2064-1513;RIV-USE-SKILLS2064-1549;RIV-USE-SKILLS2064-1585,RIV-CONS-729300;RIV-CONS-745AAD,False,75,NO_FLAG,NOT_VALIDATED_I03,NOT_VALIDATED_I03,NOT_EXECUTED_I03,SOURCE_LABEL_AVAILABLE,NOT_APPROVED_BY_CENSUS
RIV-TEXT-7ADEE1,TEXT,0x7ADEE1,0x7ADF03,0x7A,0xDEE1,34,1991f041b184d1341501db12ba891e3fb8afc5e3b53cb4d190ce28c035dc8c8f,True,UNAVAILABLE_HISTORICAL,Nocturnal Flicker,SKILL_CENSUS.json;RIBBON_ALIASES.json,4,RIV-USE-SKILLS2064-1514;RIV-USE-SKILLS2064-1550;RIV-USE-SKILLS2064-1586;RIV-USE-RIBBON_ALIAS-DEE1,RIV-CONS-729300;RIV-CONS-72D000;RIV-CONS-745AAD,True,99,NEEDS_VISUAL_WIDTH,NOT_VALIDATED_I03,NOT_VALIDATED_I03,NOT_EXECUTED_I03,SOURCE_LABEL_AVAILABLE,NOT_APPROVED_BY_CENSUS
RIV-TEXT-7ADF03,TEXT,0x7ADF03,0x7ADF1B,0x7A,0xDF03,24,09510c72d57983b70607957882ab58720ec291be3406846841e62f8752508c5b,True,UNAVAILABLE_HISTORICAL,Dark Phantom,SKILL_CENSUS.json,6,RIV-USE-SKILLS2064-1515;RIV-USE-SKILLS2064-1516;RIV-USE-SKILLS2064-1551;RIV-USE-SKILLS2064-1552;RIV-USE-SKILLS2064-1587;RIV-USE-SKILLS2064-1588,RIV-CONS-729300;RIV-CONS-745AAD,False,69,NO_FLAG,NOT_VALIDATED_I03,NOT_VALIDATED_I03,NOT_EXECUTED_I03,SOURCE_LABEL_AVAILABLE,NOT_APPROVED_BY_CENSUS
RIV-TEXT-7ADF1B,TEXT,0x7ADF1B,0x7ADF26,0x7A,0xDF1B,11,0bdca082ee765b3b8d5a277d955f6694f1497ebc9df4917480951cb2ae64984b,True,UNAVAILABLE_HISTORICAL,Spear,SKILL_CENSUS.json,4,RIV-USE-SKILLS2064-1589;RIV-USE-SKILLS2064-1595;RIV-USE-SKILLS2064-1601;RIV-USE-SKILLS2064-1607,RIV-CONS-729300;RIV-CONS-745AAD,False,30,NO_FLAG,NOT_VALIDATED_I03,NOT_VALIDATED_I03,NOT_EXECUTED_I03,SOURCE_LABEL_AVAILABLE,NOT_APPROVED_BY_CENSUS
RIV-TEXT-7ADF26,TEXT,0x7ADF26,0x7ADF40,0x7A,0xDF26,26,54a142430bcc33f0169aa695af2ee11766e147df36c4bcff6ece4bc373f7279f,True,UNAVAILABLE_HISTORICAL,Javelin Throw,SKILL_CENSUS.json,4,RIV-USE-SKILLS2064-1590;RIV-USE-SKILLS2064-1596;RIV-USE-SKILLS2064-1602;RIV-USE-SKILLS2064-1608,RIV-CONS-729300;RIV-CONS-745AAD,False,75,NO_FLAG,NOT_VALIDATED_I03,NOT_VALIDATED_I03,NOT_EXECUTED_I03,SOURCE_LABEL_AVAILABLE,NOT_APPROVED_BY_CENSUS
RIV-TEXT-7ADF40,TEXT,0x7ADF40,0x7ADF56,0x7A,0xDF40,22,47f894749bb6c9f859147d5868c17258939742b162ea115cd653071ff0251e4d,True,UNAVAILABLE_HISTORICAL,Flame Spear,SKILL_CENSUS.json,4,RIV-USE-SKILLS2064-1591;RIV-USE-SKILLS2064-1597;RIV-USE-SKILLS2064-1603;RIV-USE-SKILLS2064-1609,RIV-CONS-729300;RIV-CONS-745AAD,False,63,NO_FLAG,NOT_VALIDATED_I03,NOT_VALIDATED_I03,NOT_EXECUTED_I03,SOURCE_LABEL_AVAILABLE,NOT_APPROVED_BY_CENSUS
RIV-TEXT-7ADF56,TEXT,0x7ADF56,0x7ADF65,0x7A,0xDF56,15,511ef67ea97ee98e3e364b2b436c4a9998b358795acb3e286457ab8f64c912fc,True,UNAVAILABLE_HISTORICAL,Phalanx,SKILL_CENSUS.json,4,RIV-USE-SKILLS2064-1592;RIV-USE-SKILLS2064-1598;RIV-USE-SKILLS2064-1604;RIV-USE-SKILLS2064-1610,RIV-CONS-729300;RIV-CONS-745AAD,False,42,NO_FLAG,NOT_VALIDATED_I03,NOT_VALIDATED_I03,NOT_EXECUTED_I03,SOURCE_LABEL_AVAILABLE,NOT_APPROVED_BY_CENSUS
RIV-TEXT-7ADF65,TEXT,0x7ADF65,0x7ADF7D,0x7A,0xDF65,24,5cd4cca6daa4cfbb5cb24f7ae3607658710056782d537b86d3a51cb994157009,True,UNAVAILABLE_HISTORICAL,Comet Lancer,SKILL_CENSUS.json,8,RIV-USE-SKILLS2064-1593;RIV-USE-SKILLS2064-1594;RIV-USE-SKILLS2064-1599;RIV-USE-SKILLS2064-1600;RIV-USE-SKILLS2064-1605;RIV-USE-SKILLS2064-1606;RIV-USE-SKILLS2064-1611;RIV-USE-SKILLS2064-1612,RIV-CONS-729300;RIV-CONS-745AAD,False,69,NO_FLAG,NOT_VALIDATED_I03,NOT_VALIDATED_I03,NOT_EXECUTED_I03,SOURCE_LABEL_AVAILABLE,NOT_APPROVED_BY_CENSUS
RIV-TEXT-7ADF7D,TEXT,0x7ADF7D,0x7ADF8F,0x7A,0xDF7D,18,4731e99cf2ec736bae2cd2641b3e0aa3bcf89844cd9fc272fbf593fe7583d0f8,True,UNAVAILABLE_HISTORICAL,Tail Whip,SKILL_CENSUS.json,7,RIV-USE-SKILLS2064-1613;RIV-USE-SKILLS2064-1619;RIV-USE-SKILLS2064-1625;RIV-USE-SKILLS2064-1631;RIV-USE-SKILLS2064-1637;RIV-USE-SKILLS2064-1643;RIV-USE-SKILLS2064-1649,RIV-CONS-729300;RIV-CONS-745AAD,False,51,NO_FLAG,NOT_VALIDATED_I03,NOT_VALIDATED_I03,NOT_EXECUTED_I03,SOURCE_LABEL_AVAILABLE,NOT_APPROVED_BY_CENSUS
RIV-TEXT-7ADF8F,TEXT,0x7ADF8F,0x7ADFA7,0x7A,0xDF8F,24,91970b4c389ba3ac9887bd0ea546546c49208d443adb6b9862190ba16de6ecf3,True,UNAVAILABLE_HISTORICAL,Frost Breath,SKILL_CENSUS.json,4,RIV-USE-SKILLS2064-1614;RIV-USE-SKILLS2064-1620;RIV-USE-SKILLS2064-1626;RIV-USE-SKILLS2064-1632,RIV-CONS-729300;RIV-CONS-745AAD,False,69,NO_FLAG,NOT_VALIDATED_I03,NOT_VALIDATED_I03,NOT_EXECUTED_I03,SOURCE_LABEL_AVAILABLE,NOT_APPROVED_BY_CENSUS
RIV-TEXT-7ADFA7,TEXT,0x7ADFA7,0x7ADFBF,0x7A,0xDFA7,24,80396d1680d932e6c4c6628155959322009087780dacf89c244c63b61a30f95e,True,UNAVAILABLE_HISTORICAL,Thunder Tail,SKILL_CENSUS.json,4,RIV-USE-SKILLS2064-1615;RIV-USE-SKILLS2064-1621;RIV-USE-SKILLS2064-1627;RIV-USE-SKILLS2064-1633,RIV-CONS-729300;RIV-CONS-745AAD,False,69,NO_FLAG,NOT_VALIDATED_I03,NOT_VALIDATED_I03,NOT_EXECUTED_I03,SOURCE_LABEL_AVAILABLE,NOT_APPROVED_BY_CENSUS
RIV-TEXT-7ADFBF,TEXT,0x7ADFBF,0x7ADFD1,0x7A,0xDFBF,18,da8051e0fdfbdc917ba43c8b4481cf162ed2d7c20c6857f689a8d70a7f317013,True,UNAVAILABLE_HISTORICAL,Ice Blast,SKILL_CENSUS.json,4,RIV-USE-SKILLS2064-1616;RIV-USE-SKILLS2064-1622;RIV-USE-SKILLS2064-1628;RIV-USE-SKILLS2064-1634,RIV-CONS-729300;RIV-CONS-745AAD,False,51,NO_FLAG,NOT_VALIDATED_I03,NOT_VALIDATED_I03,NOT_EXECUTED_I03,SOURCE_LABEL_AVAILABLE,NOT_APPROVED_BY_CENSUS
RIV-TEXT-7ADFD1,TEXT,0x7ADFD1,0x7ADFEA,0x7A,0xDFD1,25,c01393accc48096c349b04588b5ca7b98513bd0cba531b1b522ff6d224648b40,True,UNAVAILABLE_HISTORICAL,Stormbringer,SKILL_CENSUS.json,8,RIV-USE-SKILLS2064-1617;RIV-USE-SKILLS2064-1618;RIV-USE-SKILLS2064-1623;RIV-USE-SKILLS2064-1624;RIV-USE-SKILLS2064-1629;RIV-USE-SKILLS2064-1630;RIV-USE-SKILLS2064-1635;RIV-USE-SKILLS2064-1636,RIV-CONS-729300;RIV-CONS-745AAD,False,72,NO_FLAG,NOT_VALIDATED_I03,NOT_VALIDATED_I03,NOT_EXECUTED_I03,SOURCE_LABEL_AVAILABLE,NOT_APPROVED_BY_CENSUS
RIV-TEXT-7ADFEA,TEXT,0x7ADFEA,0x7AE000,0x7A,0xDFEA,22,c4ad929f3bf81ef521be199735af7870d46a56d642a674af7b52e5928f576c0d,True,UNAVAILABLE_HISTORICAL,Spiral Zone,SKILL_CENSUS.json,3,RIV-USE-SKILLS2064-1639;RIV-USE-SKILLS2064-1645;RIV-USE-SKILLS2064-1651,RIV-CONS-729300;RIV-CONS-745AAD,False,63,NO_FLAG,NOT_VALIDATED_I03,NOT_VALIDATED_I03,NOT_EXECUTED_I03,SOURCE_LABEL_AVAILABLE,NOT_APPROVED_BY_CENSUS
RIV-TEXT-7AE000,TEXT,0x7AE000,0x7AE013,0x7A,0xE000,19,821f2549bcbc5324e05ba60bc04a4914666e812fb1467a333d08385390b01f69,True,UNAVAILABLE_HISTORICAL,Shockwave,SKILL_CENSUS.json,4,RIV-USE-SKILLS2064-1656;RIV-USE-SKILLS2064-1662;RIV-USE-SKILLS2064-1668;RIV-USE-SKILLS2064-1674,RIV-CONS-729300;RIV-CONS-745AAD,False,54,NO_FLAG,NOT_VALIDATED_I03,NOT_VALIDATED_I03,NOT_EXECUTED_I03,SOURCE_LABEL_AVAILABLE,NOT_APPROVED_BY_CENSUS
RIV-TEXT-7AE013,TEXT,0x7AE013,0x7AE026,0x7A,0xE013,19,b52186b400aad195896ea6a5098abc88c3e33e0f7584e08d056de79d636274a7,True,UNAVAILABLE_HISTORICAL,Saberfang,SKILL_CENSUS.json,4,RIV-USE-SKILLS2064-1657;RIV-USE-SKILLS2064-1663;RIV-USE-SKILLS2064-1669;RIV-USE-SKILLS2064-1675,RIV-CONS-729300;RIV-CONS-745AAD,False,54,NO_FLAG,NOT_VALIDATED_I03,NOT_VALIDATED_I03,NOT_EXECUTED_I03,SOURCE_LABEL_AVAILABLE,NOT_APPROVED_BY_CENSUS
RIV-TEXT-7AE026,TEXT,0x7AE026,0x7AE03C,0x7A,0xE026,22,1ce1250cda937a32fb32e2d22164e528070dabd52e9410b57711c026f65cb39a,True,UNAVAILABLE_HISTORICAL,Fire Breath,SKILL_CENSUS.json,4,RIV-USE-SKILLS2064-1658;RIV-USE-SKILLS2064-1664;RIV-USE-SKILLS2064-1670;RIV-USE-SKILLS2064-1676,RIV-CONS-729300;RIV-CONS-745AAD,False,63,NO_FLAG,NOT_VALIDATED_I03,NOT_VALIDATED_I03,NOT_EXECUTED_I03,SOURCE_LABEL_AVAILABLE,NOT_APPROVED_BY_CENSUS
RIV-TEXT-7AE03C,TEXT,0x7AE03C,0x7AE050,0x7A,0xE03C,20,93e897cdb793684784a2bce1d1755b0d29401360c945d2ae51c239e99cbcec27,True,UNAVAILABLE_HISTORICAL,Chaos Rain,SKILL_CENSUS.json,8,RIV-USE-SKILLS2064-1659;RIV-USE-SKILLS2064-1660;RIV-USE-SKILLS2064-1665;RIV-USE-SKILLS2064-1666;RIV-USE-SKILLS2064-1671;RIV-USE-SKILLS2064-1672;RIV-USE-SKILLS2064-1677;RIV-USE-SKILLS2064-1678,RIV-CONS-729300;RIV-CONS-745AAD,False,57,NO_FLAG,NOT_VALIDATED_I03,NOT_VALIDATED_I03,NOT_EXECUTED_I03,SOURCE_LABEL_AVAILABLE,NOT_APPROVED_BY_CENSUS
RIV-TEXT-7AE050,TEXT,0x7AE050,0x7AE066,0x7A,0xE050,22,6ae66206cd00f491a93106f7674d609e39c8095c1a1991e83b6533f59eb6ba87,True,UNAVAILABLE_HISTORICAL,Raid Burner,SKILL_CENSUS.json,2,RIV-USE-SKILLS2064-1681;RIV-USE-SKILLS2064-1687,RIV-CONS-729300;RIV-CONS-745AAD,False,63,NO_FLAG,NOT_VALIDATED_I03,NOT_VALIDATED_I03,NOT_EXECUTED_I03,SOURCE_LABEL_AVAILABLE,NOT_APPROVED_BY_CENSUS
RIV-TEXT-7AE066,TEXT,0x7AE066,0x7AE080,0x7A,0xE066,26,6598736298159043af009be569fd7f2b354722de545e0062a1de647d8a4a12a0,True,UNAVAILABLE_HISTORICAL,Flare Tempest,SKILL_CENSUS.json,2,RIV-USE-SKILLS2064-1683;RIV-USE-SKILLS2064-1689,RIV-CONS-729300;RIV-CONS-745AAD,False,75,NO_FLAG,NOT_VALIDATED_I03,NOT_VALIDATED_I03,NOT_EXECUTED_I03,SOURCE_LABEL_AVAILABLE,NOT_APPROVED_BY_CENSUS
RIV-TEXT-7AE080,TEXT,0x7AE080,0x7AE08D,0x7A,0xE080,13,e2c22738c730e8ff7a45b16c6be3b73dd51359e6807c9ad22515c3f9aa53e886,True,UNAVAILABLE_HISTORICAL,Cleave,SKILL_CENSUS.json,3,RIV-USE-SKILLS2064-1691;RIV-USE-SKILLS2064-1697;RIV-USE-SKILLS2064-1703,RIV-CONS-729300;RIV-CONS-745AAD,False,36,NO_FLAG,NOT_VALIDATED_I03,NOT_VALIDATED_I03,NOT_EXECUTED_I03,SOURCE_LABEL_AVAILABLE,NOT_APPROVED_BY_CENSUS
RIV-TEXT-7AE08D,TEXT,0x7AE08D,0x7AE0A5,0x7A,0xE08D,24,805224ab00331a93bdd691442ed14e262ce3f1e5302e37f4143fb736f8d31684,True,UNAVAILABLE_HISTORICAL,Blade Ripper,SKILL_CENSUS.json,3,RIV-USE-SKILLS2064-1693;RIV-USE-SKILLS2064-1699;RIV-USE-SKILLS2064-1705,RIV-CONS-729300;RIV-CONS-745AAD,False,69,NO_FLAG,NOT_VALIDATED_I03,NOT_VALIDATED_I03,NOT_EXECUTED_I03,SOURCE_LABEL_AVAILABLE,NOT_APPROVED_BY_CENSUS
RIV-TEXT-7AE0A5,TEXT,0x7AE0A5,0x7AE0BD,0x7A,0xE0A5,24,a7f25202b6a149a9426290a1cf9719d4f0383f8342517cedc22f3b881cf53421,True,UNAVAILABLE_HISTORICAL,Fallen Crest,SKILL_CENSUS.json,3,RIV-USE-SKILLS2064-1695;RIV-USE-SKILLS2064-1701;RIV-USE-SKILLS2064-1707,RIV-CONS-729300;RIV-CONS-745AAD,False,69,NO_FLAG,NOT_VALIDATED_I03,NOT_VALIDATED_I03,NOT_EXECUTED_I03,SOURCE_LABEL_AVAILABLE,NOT_APPROVED_BY_CENSUS
RIV-TEXT-7AE0BD,TEXT,0x7AE0BD,0x7AE0CB,0x7A,0xE0BD,14,2089c05ffa06bd83e8c58197c419ce43b382ce226c5bdece4749b306ef9fbf91,True,UNAVAILABLE_HISTORICAL,Tear Up,SKILL_CENSUS.json,2,RIV-USE-SKILLS2064-1709;RIV-USE-SKILLS2064-1715,RIV-CONS-729300;RIV-CONS-745AAD,False,39,NO_FLAG,NOT_VALIDATED_I03,NOT_VALIDATED_I03,NOT_EXECUTED_I03,SOURCE_LABEL_AVAILABLE,NOT_APPROVED_BY_CENSUS
RIV-TEXT-7AE0CB,TEXT,0x7AE0CB,0x7AE0E7,0x7A,0xE0CB,28,eb621f7c8e089a1874eb62493940e7bb34b117a95c469d3b23cb43709e4b8ebf,True,UNAVAILABLE_HISTORICAL,Crystal Breath,SKILL_CENSUS.json,2,RIV-USE-SKILLS2064-1713;RIV-USE-SKILLS2064-1719,RIV-CONS-729300;RIV-CONS-745AAD,False,81,NO_FLAG,NOT_VALIDATED_I03,NOT_VALIDATED_I03,NOT_EXECUTED_I03,SOURCE_LABEL_AVAILABLE,NOT_APPROVED_BY_CENSUS
RIV-TEXT-7AE0E7,TEXT,0x7AE0E7,0x7AE103,0x7A,0xE0E7,28,4d383196f2b4b0f3e7bbd580d76a476905c7f9ca6898267b2eafdc6d97013933,True,UNAVAILABLE_HISTORICAL,Dark Shockwave,SKILL_CENSUS.json;RIBBON_ALIASES.json,3,RIV-USE-SKILLS2064-1723;RIV-USE-SKILLS2064-1724;RIV-USE-RIBBON_ALIAS-E0E7,RIV-CONS-729300;RIV-CONS-72D000;RIV-CONS-745AAD,True,81,NO_FLAG,NOT_VALIDATED_I03,NOT_VALIDATED_I03,NOT_EXECUTED_I03,SOURCE_LABEL_AVAILABLE,NOT_APPROVED_BY_CENSUS
RIV-TEXT-7AE103,TEXT,0x7AE103,0x7AE124,0x7A,0xE103,33,800de5aed3c3140a93df13a08513019498e34a8b9fd0c11f5b9ac10ae67405eb,True,UNAVAILABLE_HISTORICAL,Onslaught of Ruin,SKILL_CENSUS.json;RIBBON_ALIASES.json,3,RIV-USE-SKILLS2064-1725;RIV-USE-SKILLS2064-1726;RIV-USE-RIBBON_ALIAS-E103,RIV-CONS-729300;RIV-CONS-72D000;RIV-CONS-745AAD,True,96,NO_FLAG,NOT_VALIDATED_I03,NOT_VALIDATED_I03,NOT_EXECUTED_I03,SOURCE_LABEL_AVAILABLE,NOT_APPROVED_BY_CENSUS
RIV-TEXT-7AE124,TEXT,0x7AE124,0x7AE13E,0x7A,0xE124,26,61296aac05bca84723edcfc83aa86ce33ed74e6eddcc014add2e101da4a12e0a,True,UNAVAILABLE_HISTORICAL,Ice Cremation,SKILL_CENSUS.json,2,RIV-USE-SKILLS2064-1727;RIV-USE-SKILLS2064-1733,RIV-CONS-729300;RIV-CONS-745AAD,False,75,NO_FLAG,NOT_VALIDATED_I03,NOT_VALIDATED_I03,NOT_EXECUTED_I03,SOURCE_LABEL_AVAILABLE,NOT_APPROVED_BY_CENSUS
RIV-TEXT-7AE13E,TEXT,0x7AE13E,0x7AE152,0x7A,0xE13E,20,5f955582ad0fd9d3765b1be767e5530a299dc3a2d5dbb28d0e4d78b1ecc12cec,True,UNAVAILABLE_HISTORICAL,Dark Sabre,SKILL_CENSUS.json,2,RIV-USE-SKILLS2064-1729;RIV-USE-SKILLS2064-1735,RIV-CONS-729300;RIV-CONS-745AAD,False,57,NO_FLAG,NOT_VALIDATED_I03,NOT_VALIDATED_I03,NOT_EXECUTED_I03,SOURCE_LABEL_AVAILABLE,NOT_APPROVED_BY_CENSUS
RIV-TEXT-7AE152,TEXT,0x7AE152,0x7AE173,0x7A,0xE152,33,dcae02e6c5d044296d2080459aa7ab51f7692328de68c551c8d68b3cfd9497dd,True,UNAVAILABLE_HISTORICAL,Onslaught of Doom,SKILL_CENSUS.json;RIBBON_ALIASES.json,3,RIV-USE-SKILLS2064-1731;RIV-USE-SKILLS2064-1737;RIV-USE-RIBBON_ALIAS-E152,RIV-CONS-729300;RIV-CONS-72D000;RIV-CONS-745AAD,True,96,NO_FLAG,NOT_VALIDATED_I03,NOT_VALIDATED_I03,NOT_EXECUTED_I03,SOURCE_LABEL_AVAILABLE,NOT_APPROVED_BY_CENSUS
RIV-TEXT-7AE173,TEXT,0x7AE173,0x7AE18B,0x7A,0xE173,24,c7a246410f579dae331295829f1ed593e9129e7697f922d5c0831e0360edf0f7,True,UNAVAILABLE_HISTORICAL,Plasma Spark,SKILL_CENSUS.json,2,RIV-USE-SKILLS2064-1741;RIV-USE-SKILLS2064-1747,RIV-CONS-729300;RIV-CONS-745AAD,False,69,NO_FLAG,NOT_VALIDATED_I03,NOT_VALIDATED_I03,NOT_EXECUTED_I03,SOURCE_LABEL_AVAILABLE,NOT_APPROVED_BY_CENSUS
RIV-TEXT-7AE18B,TEXT,0x7AE18B,0x7AE1A9,0x7A,0xE18B,30,6fae63f370d3d6dfdef3247832fdc2cefeeef029ba8376560f5cc6b48769456d,True,UNAVAILABLE_HISTORICAL,Angelic Thunder,SKILL_CENSUS.json,2,RIV-USE-SKILLS2064-1743;RIV-USE-SKILLS2064-1749,RIV-CONS-729300;RIV-CONS-745AAD,False,87,NO_FLAG,NOT_VALIDATED_I03,NOT_VALIDATED_I03,NOT_EXECUTED_I03,SOURCE_LABEL_AVAILABLE,NOT_APPROVED_BY_CENSUS
RIV-TEXT-7AE1A9,TEXT,0x7AE1A9,0x7AE1BF,0x7A,0xE1A9,22,fd5eee1e81364c817dc3a7e9a61862e23c8efd61089b4af64a4f50d9c7665090,True,UNAVAILABLE_HISTORICAL,Wing Attack,SKILL_CENSUS.json,2,RIV-USE-SKILLS2064-1751;RIV-USE-SKILLS2064-1757,RIV-CONS-729300;RIV-CONS-745AAD,False,63,NO_FLAG,NOT_VALIDATED_I03,NOT_VALIDATED_I03,NOT_EXECUTED_I03,SOURCE_LABEL_AVAILABLE,NOT_APPROVED_BY_CENSUS
RIV-TEXT-7AE1BF,TEXT,0x7AE1BF,0x7AE1D9,0x7A,0xE1BF,26,ffaf0b5e85aa8309fef78404a84b1e1b4e8533a84c7382b69e9f49bf389d5d66,True,UNAVAILABLE_HISTORICAL,Poison Breath,SKILL_CENSUS.json,1,RIV-USE-SKILLS2064-1753,RIV-CONS-729300;RIV-CONS-745AAD,False,75,NO_FLAG,NOT_VALIDATED_I03,NOT_VALIDATED_I03,NOT_EXECUTED_I03,SOURCE_LABEL_AVAILABLE,NOT_APPROVED_BY_CENSUS
RIV-TEXT-7AE1D9,TEXT,0x7AE1D9,0x7AE1ED,0x7A,0xE1D9,20,aaf566f60b6edd98afada28809e13467367a87fea7b081db64ea86470f23961a,True,UNAVAILABLE_HISTORICAL,Drake Soul,SKILL_CENSUS.json,1,RIV-USE-SKILLS2064-1755,RIV-CONS-729300;RIV-CONS-745AAD,False,57,NO_FLAG,NOT_VALIDATED_I03,NOT_VALIDATED_I03,NOT_EXECUTED_I03,SOURCE_LABEL_AVAILABLE,NOT_APPROVED_BY_CENSUS
RIV-TEXT-7AE1ED,TEXT,0x7AE1ED,0x7AE203,0x7A,0xE1ED,22,3d9ddfd53fa8b6b4bf27ce63b695e1655cbeace99b8d823c11b22e4479913996,True,UNAVAILABLE_HISTORICAL,Dark Breath,SKILL_CENSUS.json,1,RIV-USE-SKILLS2064-1759,RIV-CONS-729300;RIV-CONS-745AAD,False,63,NO_FLAG,NOT_VALIDATED_I03,NOT_VALIDATED_I03,NOT_EXECUTED_I03,SOURCE_LABEL_AVAILABLE,NOT_APPROVED_BY_CENSUS
RIV-TEXT-7AE203,TEXT,0x7AE203,0x7AE21E,0x7A,0xE203,27,54ab1d645dc8352f207c55bfc79567b0ba8582616b552f73805e5ec4dfee1e43,True,UNAVAILABLE_HISTORICAL,Curse of Chaos,SKILL_CENSUS.json,1,RIV-USE-SKILLS2064-1761,RIV-CONS-729300;RIV-CONS-745AAD,False,78,NO_FLAG,NOT_VALIDATED_I03,NOT_VALIDATED_I03,NOT_EXECUTED_I03,SOURCE_LABEL_AVAILABLE,NOT_APPROVED_BY_CENSUS
RIV-TEXT-7AE21E,TEXT,0x7AE21E,0x7AE230,0x7A,0xE21E,18,6d3a93b5034338ec184867139ca372757d13ae4c781d4f54543e479ed125be37,True,UNAVAILABLE_HISTORICAL,Blue Moon,SKILL_CENSUS.json,2,RIV-USE-SKILLS2064-1765;RIV-USE-SKILLS2064-1766,RIV-CONS-729300;RIV-CONS-745AAD,False,51,NO_FLAG,NOT_VALIDATED_I03,NOT_VALIDATED_I03,NOT_EXECUTED_I03,SOURCE_LABEL_AVAILABLE,NOT_APPROVED_BY_CENSUS
RIV-TEXT-7AE230,TEXT,0x7AE230,0x7AE24C,0x7A,0xE230,28,5be5ad59b7b5d01540d446bd9da1fb9773420fc317687902625986df44a34eae,True,UNAVAILABLE_HISTORICAL,Illusion Waltz,SKILL_CENSUS.json,2,RIV-USE-SKILLS2064-1767;RIV-USE-SKILLS2064-1768,RIV-CONS-729300;RIV-CONS-745AAD,False,81,NO_FLAG,NOT_VALIDATED_I03,NOT_VALIDATED_I03,NOT_EXECUTED_I03,SOURCE_LABEL_AVAILABLE,NOT_APPROVED_BY_CENSUS
RIV-TEXT-7AE24C,TEXT,0x7AE24C,0x7AE25C,0x7A,0xE24C,16,7717fabfdcc5cc46f2d71fbd0031b3de8a5716097da58b2e224536e8dfff14e3,True,UNAVAILABLE_HISTORICAL,Red Moon,SKILL_CENSUS.json,2,RIV-USE-SKILLS2064-1771;RIV-USE-SKILLS2064-1772,RIV-CONS-729300;RIV-CONS-745AAD,False,45,NO_FLAG,NOT_VALIDATED_I03,NOT_VALIDATED_I03,NOT_EXECUTED_I03,SOURCE_LABEL_AVAILABLE,NOT_APPROVED_BY_CENSUS
RIV-TEXT-7AE25C,TEXT,0x7AE25C,0x7AE27A,0x7A,0xE25C,30,b6e47d3415e6ba36e641b53a530d0f746b3a97641439828870474e59e62faf73,True,UNAVAILABLE_HISTORICAL,Nightmare Waltz,SKILL_CENSUS.json,2,RIV-USE-SKILLS2064-1773;RIV-USE-SKILLS2064-1774,RIV-CONS-729300;RIV-CONS-745AAD,False,87,NO_FLAG,NOT_VALIDATED_I03,NOT_VALIDATED_I03,NOT_EXECUTED_I03,SOURCE_LABEL_AVAILABLE,NOT_APPROVED_BY_CENSUS
RIV-TEXT-7AE27A,TEXT,0x7AE27A,0x7AE285,0x7A,0xE27A,11,1b655a0ca919d38cd504009460669d26c8c1cc4c22e532fef3031f534c0b9eb7,True,UNAVAILABLE_HISTORICAL,Flash,SKILL_CENSUS.json,4,RIV-USE-SKILLS2064-1775;RIV-USE-SKILLS2064-1781;RIV-USE-SKILLS2064-1787;RIV-USE-SKILLS2064-1793,RIV-CONS-729300;RIV-CONS-745AAD,False,30,NO_FLAG,NOT_VALIDATED_I03,NOT_VALIDATED_I03,NOT_EXECUTED_I03,SOURCE_LABEL_AVAILABLE,NOT_APPROVED_BY_CENSUS
RIV-TEXT-7AE285,TEXT,0x7AE285,0x7AE296,0x7A,0xE285,17,617d230ec184c382af16b33e46b8043fc2a671e423af622d2c469f7abb9ade6b,True,UNAVAILABLE_HISTORICAL,Etherion,SKILL_CENSUS.json,4,RIV-USE-SKILLS2064-1777;RIV-USE-SKILLS2064-1783;RIV-USE-SKILLS2064-1789;RIV-USE-SKILLS2064-1795,RIV-CONS-729300;RIV-CONS-745AAD,False,48,NO_FLAG,NOT_VALIDATED_I03,NOT_VALIDATED_I03,NOT_EXECUTED_I03,SOURCE_LABEL_AVAILABLE,NOT_APPROVED_BY_CENSUS
RIV-TEXT-7AE296,TEXT,0x7AE296,0x7AE2AC,0x7A,0xE296,22,e5e09db854c08b2d5f5725453d8f45346946cc36bd3476e5b3cde139e7ce6c2e,True,UNAVAILABLE_HISTORICAL,Ether Burst,SKILL_CENSUS.json,4,RIV-USE-SKILLS2064-1779;RIV-USE-SKILLS2064-1785;RIV-USE-SKILLS2064-1791;RIV-USE-SKILLS2064-1797,RIV-CONS-729300;RIV-CONS-745AAD,False,63,NO_FLAG,NOT_VALIDATED_I03,NOT_VALIDATED_I03,NOT_EXECUTED_I03,SOURCE_LABEL_AVAILABLE,NOT_APPROVED_BY_CENSUS
RIV-TEXT-7AE2AC,TEXT,0x7AE2AC,0x7AE2C8,0x7A,0xE2AC,28,f223342bacb9c46814647804169c5d74c06a80ca7bb8292e20b86b90fa76f07f,True,UNAVAILABLE_HISTORICAL,Burning Galley,SKILL_CENSUS.json,1,RIV-USE-SKILLS2064-1801,RIV-CONS-729300;RIV-CONS-745AAD,False,81,NO_FLAG,NOT_VALIDATED_I03,NOT_VALIDATED_I03,NOT_EXECUTED_I03,SOURCE_LABEL_AVAILABLE,NOT_APPROVED_BY_CENSUS
RIV-TEXT-7AE2C8,TEXT,0x7AE2C8,0x7AE2EA,0x7A,0xE2C8,34,de0c55ecbddf9c578c9b1d17686e70186b0c343261ecb405571d18fca043d0c3,True,UNAVAILABLE_HISTORICAL,Crimson Courreges,SKILL_CENSUS.json;RIBBON_ALIASES.json,2,RIV-USE-SKILLS2064-1803;RIV-USE-RIBBON_ALIAS-E2C8,RIV-CONS-729300;RIV-CONS-72D000;RIV-CONS-745AAD,True,99,NEEDS_VISUAL_WIDTH,NOT_VALIDATED_I03,NOT_VALIDATED_I03,NOT_EXECUTED_I03,SOURCE_LABEL_AVAILABLE,NOT_APPROVED_BY_CENSUS
RIV-TEXT-7AE2EA,TEXT,0x7AE2EA,0x7AE300,0x7A,0xE2EA,22,9b90e9521f31e80c7233eb569ba2e5e73b62ff01f860b9f53b420d4745100bb4,True,UNAVAILABLE_HISTORICAL,Flame Lance,SKILL_CENSUS.json,1,RIV-USE-SKILLS2064-1805,RIV-CONS-729300;RIV-CONS-745AAD,False,63,NO_FLAG,NOT_VALIDATED_I03,NOT_VALIDATED_I03,NOT_EXECUTED_I03,SOURCE_LABEL_AVAILABLE,NOT_APPROVED_BY_CENSUS
RIV-TEXT-7AE300,TEXT,0x7AE300,0x7AE317,0x7A,0xE300,23,db4f71ca43dfc737dcad1c74d0552b1b96886aed0d150210b5b6b9e7c6787c65,True,UNAVAILABLE_HISTORICAL,Pandemonium,SKILL_CENSUS.json,1,RIV-USE-SKILLS2064-1807,RIV-CONS-729300;RIV-CONS-745AAD,False,66,NO_FLAG,NOT_VALIDATED_I03,NOT_VALIDATED_I03,NOT_EXECUTED_I03,SOURCE_LABEL_AVAILABLE,NOT_APPROVED_BY_CENSUS
RIV-TEXT-7AE317,TEXT,0x7AE317,0x7AE32B,0x7A,0xE317,20,7f7d46613e7ab64e0d765f1ad0bef40f07b5b24f1bec84b44b3666e375ca0f5e,True,UNAVAILABLE_HISTORICAL,Rose Kreuz,SKILL_CENSUS.json,1,RIV-USE-SKILLS2064-1809,RIV-CONS-729300;RIV-CONS-745AAD,False,57,NO_FLAG,NOT_VALIDATED_I03,NOT_VALIDATED_I03,NOT_EXECUTED_I03,SOURCE_LABEL_AVAILABLE,NOT_APPROVED_BY_CENSUS
RIV-TEXT-7AE32B,TEXT,0x7AE32B,0x7AE334,0x7A,0xE32B,9,7d168ffcc90a0352e1c9a166e853df515ed37e32658c9dd394cf9d560a4f178b,True,UNAVAILABLE_HISTORICAL,Tria,SKILL_CENSUS.json,1,RIV-USE-SKILLS2064-1811,RIV-CONS-729300;RIV-CONS-745AAD,False,24,NO_FLAG,NOT_VALIDATED_I03,NOT_VALIDATED_I03,NOT_EXECUTED_I03,SOURCE_LABEL_AVAILABLE,NOT_APPROVED_BY_CENSUS
RIV-TEXT-7AE334,TEXT,0x7AE334,0x7AE350,0x7A,0xE334,28,c8bee4283b41ca1f3ebab6e0d92e013ad2e9a8f81d9bfc2e1b6434cf9f85eb02,True,UNAVAILABLE_HISTORICAL,Pitch Darkness,SKILL_CENSUS.json,1,RIV-USE-SKILLS2064-1813,RIV-CONS-729300;RIV-CONS-745AAD,False,81,NO_FLAG,NOT_VALIDATED_I03,NOT_VALIDATED_I03,NOT_EXECUTED_I03,SOURCE_LABEL_AVAILABLE,NOT_APPROVED_BY_CENSUS
RIV-TEXT-7AE350,TEXT,0x7AE350,0x7AE361,0x7A,0xE350,17,f6b6fbcee751f2d88e100536a8188f388a8168bd62a6284a23c35b9eb204122b,True,UNAVAILABLE_HISTORICAL,Ragnarok,SKILL_CENSUS.json,1,RIV-USE-SKILLS2064-1815,RIV-CONS-729300;RIV-CONS-745AAD,False,48,NO_FLAG,NOT_VALIDATED_I03,NOT_VALIDATED_I03,NOT_EXECUTED_I03,SOURCE_LABEL_AVAILABLE,NOT_APPROVED_BY_CENSUS
RIV-TEXT-7AE361,TEXT,0x7AE361,0x7AE379,0x7A,0xE361,24,5af1d637bec808a83eafd19bc4c32ca4790b39aff25c252bac43d449aa435927,True,UNAVAILABLE_HISTORICAL,Dark Trinity,SKILL_CENSUS.json,1,RIV-USE-SKILLS2064-1817,RIV-CONS-729300;RIV-CONS-745AAD,False,69,NO_FLAG,NOT_VALIDATED_I03,NOT_VALIDATED_I03,NOT_EXECUTED_I03,SOURCE_LABEL_AVAILABLE,NOT_APPROVED_BY_CENSUS
RIV-TEXT-7AE379,TEXT,0x7AE379,0x7AE38F,0x7A,0xE379,22,5641bb78f5fbde57470d59e335267bcb1eaf4cf7a4600954dd83157e736142cc,True,UNAVAILABLE_HISTORICAL,Saint Flare,SKILL_CENSUS.json,1,RIV-USE-SKILLS2064-1819,RIV-CONS-729300;RIV-CONS-745AAD,False,63,NO_FLAG,NOT_VALIDATED_I03,NOT_VALIDATED_I03,NOT_EXECUTED_I03,SOURCE_LABEL_AVAILABLE,NOT_APPROVED_BY_CENSUS
RIV-TEXT-7AE38F,TEXT,0x7AE38F,0x7AE3A4,0x7A,0xE38F,21,41b66d03860ce0330ad596dc1b6954cf20cb0a6bf8438d2daf52fd34028f50ed,True,UNAVAILABLE_HISTORICAL,Armageddon,SKILL_CENSUS.json,1,RIV-USE-SKILLS2064-1821,RIV-CONS-729300;RIV-CONS-745AAD,False,60,NO_FLAG,NOT_VALIDATED_I03,NOT_VALIDATED_I03,NOT_EXECUTED_I03,SOURCE_LABEL_AVAILABLE,NOT_APPROVED_BY_CENSUS
RIV-TEXT-7AE3A4,TEXT,0x7AE3A4,0x7AE3BA,0x7A,0xE3A4,22,3cf40ff7c11c7579f11b45b5adc8fa0b4984fe0e32074e46e87c3e54f3dd7640,True,UNAVAILABLE_HISTORICAL,Guilty Edge,SKILL_CENSUS.json,2,RIV-USE-SKILLS2064-1825;RIV-USE-SKILLS2064-1849,RIV-CONS-729300;RIV-CONS-745AAD,False,63,NO_FLAG,NOT_VALIDATED_I03,NOT_VALIDATED_I03,NOT_EXECUTED_I03,SOURCE_LABEL_AVAILABLE,NOT_APPROVED_BY_CENSUS
RIV-TEXT-7AE3BA,TEXT,0x7AE3BA,0x7AE3D0,0x7A,0xE3BA,22,e91e7875acd45b1d0f2489cef8cf3634955c757a172908bf6c57ce05f600762f,True,UNAVAILABLE_HISTORICAL,Blue Sophia,SKILL_CENSUS.json,2,RIV-USE-SKILLS2064-1827;RIV-USE-SKILLS2064-1851,RIV-CONS-729300;RIV-CONS-745AAD,False,63,NO_FLAG,NOT_VALIDATED_I03,NOT_VALIDATED_I03,NOT_EXECUTED_I03,SOURCE_LABEL_AVAILABLE,NOT_APPROVED_BY_CENSUS
RIV-TEXT-7AE3D0,TEXT,0x7AE3D0,0x7AE3ED,0x7A,0xE3D0,29,e82a4875b35122b1311ee6a6187eed2912d9accee4533070bab7ca1dbd51ee3d,True,UNAVAILABLE_HISTORICAL,Noble Blue Edge,SKILL_CENSUS.json,3,RIV-USE-SKILLS2064-1829;RIV-USE-SKILLS2064-1835;RIV-USE-SKILLS2064-1841,RIV-CONS-729300;RIV-CONS-745AAD,False,84,NO_FLAG,NOT_VALIDATED_I03,NOT_VALIDATED_I03,NOT_EXECUTED_I03,SOURCE_LABEL_AVAILABLE,NOT_APPROVED_BY_CENSUS
RIV-TEXT-7AE3ED,TEXT,0x7AE3ED,0x7AE3FE,0x7A,0xE3ED,17,03ac89bce62344a4e41df91c53c1a60fffa7b5541a04c05934ffbaab3190067b,True,UNAVAILABLE_HISTORICAL,Brandish,SKILL_CENSUS.json,3,RIV-USE-SKILLS2064-1831;RIV-USE-SKILLS2064-1837;RIV-USE-SKILLS2064-1843,RIV-CONS-729300;RIV-CONS-745AAD,False,48,NO_FLAG,NOT_VALIDATED_I03,NOT_VALIDATED_I03,NOT_EXECUTED_I03,SOURCE_LABEL_AVAILABLE,NOT_APPROVED_BY_CENSUS
RIV-TEXT-7AE3FE,TEXT,0x7AE3FE,0x7AE407,0x7A,0xE3FE,9,73e89822bcc955cdae5d6f5822ad4c53a5b3b1439fecfcdd54e6fb64d97c42e5,True,UNAVAILABLE_HISTORICAL,Trie,SKILL_CENSUS.json,1,RIV-USE-SKILLS2064-1833,RIV-CONS-729300;RIV-CONS-745AAD,False,24,NO_FLAG,NOT_VALIDATED_I03,NOT_VALIDATED_I03,NOT_EXECUTED_I03,SOURCE_LABEL_AVAILABLE,NOT_APPROVED_BY_CENSUS
RIV-TEXT-7AE407,TEXT,0x7AE407,0x7AE419,0x7A,0xE407,18,6365840b7e754b229e63d21ad9d72830e5c03ee280a7c79e26cf7fc707559a51,True,UNAVAILABLE_HISTORICAL,Trie Noir,SKILL_CENSUS.json,2,RIV-USE-SKILLS2064-1839;RIV-USE-SKILLS2064-1845,RIV-CONS-729300;RIV-CONS-745AAD,False,51,NO_FLAG,NOT_VALIDATED_I03,NOT_VALIDATED_I03,NOT_EXECUTED_I03,SOURCE_LABEL_AVAILABLE,NOT_APPROVED_BY_CENSUS
RIV-TEXT-7AE419,TEXT,0x7AE419,0x7AE426,0x7A,0xE419,13,542dd1c4d89c2b19aa13854e1d98dda8029bb2a0dba081db84ee1ad76f611ce9,True,UNAVAILABLE_HISTORICAL,Shield,SKILL_CENSUS.json,4,RIV-USE-SKILLS2064-1853;RIV-USE-SKILLS2064-1854;RIV-USE-SKILLS2064-1855;RIV-USE-SKILLS2064-1856,RIV-CONS-729300;RIV-CONS-745AAD,False,36,NO_FLAG,NOT_VALIDATED_I03,NOT_VALIDATED_I03,NOT_EXECUTED_I03,SOURCE_LABEL_AVAILABLE,NOT_APPROVED_BY_CENSUS
RIV-TEXT-7AE426,TEXT,0x7AE426,0x7AE435,0x7A,0xE426,15,7fa50892f0c840537186d7698b293841c0e8cd0251cc8e435891be31d4aabdbf,True,UNAVAILABLE_HISTORICAL,Berserk,SKILL_CENSUS.json,4,RIV-USE-SKILLS2064-1857;RIV-USE-SKILLS2064-1858;RIV-USE-SKILLS2064-1859;RIV-USE-SKILLS2064-1860,RIV-CONS-729300;RIV-CONS-745AAD,False,42,NO_FLAG,NOT_VALIDATED_I03,NOT_VALIDATED_I03,NOT_EXECUTED_I03,SOURCE_LABEL_AVAILABLE,NOT_APPROVED_BY_CENSUS
RIV-TEXT-7AE435,TEXT,0x7AE435,0x7AE449,0x7A,0xE435,20,06f59626c56f290edf39e4361c825c11f6aeca55bf723e025b4aff378ac739e8,True,UNAVAILABLE_HISTORICAL,Necro Gate,SKILL_CENSUS.json,4,RIV-USE-SKILLS2064-1861;RIV-USE-SKILLS2064-1862;RIV-USE-SKILLS2064-1863;RIV-USE-SKILLS2064-1864,RIV-CONS-729300;RIV-CONS-745AAD,False,57,NO_FLAG,NOT_VALIDATED_I03,NOT_VALIDATED_I03,NOT_EXECUTED_I03,SOURCE_LABEL_AVAILABLE,NOT_APPROVED_BY_CENSUS
RIV-TEXT-7AE449,TEXT,0x7AE449,0x7AE45A,0x7A,0xE449,17,a47a9c21dff9200093e80fb02b8fe1377236116a5f4e43a41568adfe129c103f,True,UNAVAILABLE_HISTORICAL,Meditate,SKILL_CENSUS.json,4,RIV-USE-SKILLS2064-1869;RIV-USE-SKILLS2064-1870;RIV-USE-SKILLS2064-1871;RIV-USE-SKILLS2064-1872,RIV-CONS-729300;RIV-CONS-745AAD,False,48,NO_FLAG,NOT_VALIDATED_I03,NOT_VALIDATED_I03,NOT_EXECUTED_I03,SOURCE_LABEL_AVAILABLE,NOT_APPROVED_BY_CENSUS
RIV-TEXT-7AE45A,TEXT,0x7AE45A,0x7AE465,0x7A,0xE45A,11,7fb17ead4a9c6944b57f7fbee28edb7531a3b94172fd31740c1d3eff994ce069,True,UNAVAILABLE_HISTORICAL,Charm,SKILL_CENSUS.json,4,RIV-USE-SKILLS2064-1873;RIV-USE-SKILLS2064-1876;RIV-USE-SKILLS2064-1879;RIV-USE-SKILLS2064-1882,RIV-CONS-729300;RIV-CONS-745AAD,False,30,NO_FLAG,NOT_VALIDATED_I03,NOT_VALIDATED_I03,NOT_EXECUTED_I03,SOURCE_LABEL_AVAILABLE,NOT_APPROVED_BY_CENSUS
RIV-TEXT-7AE465,TEXT,0x7AE465,0x7AE475,0x7A,0xE465,16,2826a229bd74b61a7fe36bfc910da5825eb1c7f9600ed25e1c7cd565e2b8fa94,True,UNAVAILABLE_HISTORICAL,Run Away,SKILL_CENSUS.json,9,RIV-USE-SKILLS2064-1874;RIV-USE-SKILLS2064-1877;RIV-USE-SKILLS2064-1880;RIV-USE-SKILLS2064-1883;RIV-USE-SKILLS2064-1885;RIV-USE-SKILLS2064-1943;RIV-USE-SKILLS2064-1945;RIV-USE-SKILLS2064-1947;RIV-USE-SKILLS2064-1949,RIV-CONS-729300;RIV-CONS-745AAD,False,45,NO_FLAG,NOT_VALIDATED_I03,NOT_VALIDATED_I03,NOT_EXECUTED_I03,SOURCE_LABEL_AVAILABLE,NOT_APPROVED_BY_CENSUS
RIV-TEXT-7AE475,TEXT,0x7AE475,0x7AE484,0x7A,0xE475,15,5c223872f15662d7269fa621f80018b62b62238830ec724d892b465aed2ec486,True,UNAVAILABLE_HISTORICAL,Refresh,SKILL_CENSUS.json,4,RIV-USE-SKILLS2064-1875;RIV-USE-SKILLS2064-1878;RIV-USE-SKILLS2064-1881;RIV-USE-SKILLS2064-1884,RIV-CONS-729300;RIV-CONS-745AAD,False,42,NO_FLAG,NOT_VALIDATED_I03,NOT_VALIDATED_I03,NOT_EXECUTED_I03,SOURCE_LABEL_AVAILABLE,NOT_APPROVED_BY_CENSUS
RIV-TEXT-7AE484,TEXT,0x7AE484,0x7AE48F,0x7A,0xE484,11,d0dafd5d877e87d8e2a2ff09061bc95d047eba727ffc5988e70e723a7d244b69,True,UNAVAILABLE_HISTORICAL,Quick,SKILL_CENSUS.json,4,RIV-USE-SKILLS2064-1886;RIV-USE-SKILLS2064-1888;RIV-USE-SKILLS2064-1890;RIV-USE-SKILLS2064-1892,RIV-CONS-729300;RIV-CONS-745AAD,False,30,NO_FLAG,NOT_VALIDATED_I03,NOT_VALIDATED_I03,NOT_EXECUTED_I03,SOURCE_LABEL_AVAILABLE,NOT_APPROVED_BY_CENSUS
RIV-TEXT-7AE48F,TEXT,0x7AE48F,0x7AE4A2,0x7A,0xE48F,19,3918b07641c59058eed77583d35ca160ab9f4df989e65b61c214431052c13be4,True,UNAVAILABLE_HISTORICAL,Moonlight,SKILL_CENSUS.json,4,RIV-USE-SKILLS2064-1887;RIV-USE-SKILLS2064-1889;RIV-USE-SKILLS2064-1891;RIV-USE-SKILLS2064-1893,RIV-CONS-729300;RIV-CONS-745AAD,False,54,NO_FLAG,NOT_VALIDATED_I03,NOT_VALIDATED_I03,NOT_EXECUTED_I03,SOURCE_LABEL_AVAILABLE,NOT_APPROVED_BY_CENSUS
RIV-TEXT-7AE4A2,TEXT,0x7AE4A2,0x7AE4B6,0x7A,0xE4A2,20,fdfc615efa0004ad4a44f2e96cbf70ec46aa92d0b864c913fe2906238036ade2,True,UNAVAILABLE_HISTORICAL,Dark Charm,SKILL_CENSUS.json,4,RIV-USE-SKILLS2064-1894;RIV-USE-SKILLS2064-1895;RIV-USE-SKILLS2064-1896;RIV-USE-SKILLS2064-1897,RIV-CONS-729300;RIV-CONS-745AAD,False,57,NO_FLAG,NOT_VALIDATED_I03,NOT_VALIDATED_I03,NOT_EXECUTED_I03,SOURCE_LABEL_AVAILABLE,NOT_APPROVED_BY_CENSUS
RIV-TEXT-7AE4B6,TEXT,0x7AE4B6,0x7AE4C6,0x7A,0xE4B6,16,ac996259db1a412eeeafd427bad5241b5983f43bd4074ba937fa90dfaa619267,True,UNAVAILABLE_HISTORICAL,Spell Up,SKILL_CENSUS.json,4,RIV-USE-SKILLS2064-1898;RIV-USE-SKILLS2064-1901;RIV-USE-SKILLS2064-1904;RIV-USE-SKILLS2064-1907,RIV-CONS-729300;RIV-CONS-745AAD,False,45,NO_FLAG,NOT_VALIDATED_I03,NOT_VALIDATED_I03,NOT_EXECUTED_I03,SOURCE_LABEL_AVAILABLE,NOT_APPROVED_BY_CENSUS
RIV-TEXT-7AE4C6,TEXT,0x7AE4C6,0x7AE4D3,0x7A,0xE4C6,13,92e71ca1c4255da5da610b0dc11f0970547b58f71b2b273899bcd70c376f4ee0,True,UNAVAILABLE_HISTORICAL,Snatch,SKILL_CENSUS.json,4,RIV-USE-SKILLS2064-1899;RIV-USE-SKILLS2064-1902;RIV-USE-SKILLS2064-1905;RIV-USE-SKILLS2064-1908,RIV-CONS-729300;RIV-CONS-745AAD,False,36,NO_FLAG,NOT_VALIDATED_I03,NOT_VALIDATED_I03,NOT_EXECUTED_I03,SOURCE_LABEL_AVAILABLE,NOT_APPROVED_BY_CENSUS
RIV-TEXT-7AE4D3,TEXT,0x7AE4D3,0x7AE4E2,0x7A,0xE4D3,15,6479b2c43bf5a3f1abd47471ad0aeff199cc00ec0eb7668e08a43e82c861e6a6,True,UNAVAILABLE_HISTORICAL,Possess,SKILL_CENSUS.json,4,RIV-USE-SKILLS2064-1900;RIV-USE-SKILLS2064-1903;RIV-USE-SKILLS2064-1906;RIV-USE-SKILLS2064-1909,RIV-CONS-729300;RIV-CONS-745AAD,False,42,NO_FLAG,NOT_VALIDATED_I03,NOT_VALIDATED_I03,NOT_EXECUTED_I03,SOURCE_LABEL_AVAILABLE,NOT_APPROVED_BY_CENSUS
RIV-TEXT-7AE4E2,TEXT,0x7AE4E2,0x7AE4F4,0x7A,0xE4E2,18,31b30c416ce74fe710c5069e4e54a1cc37e2e309425f6feaf3654ff98c240251,True,UNAVAILABLE_HISTORICAL,Magic Aid,SKILL_CENSUS.json,4,RIV-USE-SKILLS2064-1910;RIV-USE-SKILLS2064-1912;RIV-USE-SKILLS2064-1914;RIV-USE-SKILLS2064-1916,RIV-CONS-729300;RIV-CONS-745AAD,False,51,NO_FLAG,NOT_VALIDATED_I03,NOT_VALIDATED_I03,NOT_EXECUTED_I03,SOURCE_LABEL_AVAILABLE,NOT_APPROVED_BY_CENSUS
RIV-TEXT-7AE4F4,TEXT,0x7AE4F4,0x7AE512,0x7A,0xE4F4,30,519605c415b1a3839de499d90037de9ea4c85b546b8650036991c5fc966ac9f1,True,UNAVAILABLE_HISTORICAL,Summon Familiar,SKILL_CENSUS.json;RIBBON_ALIASES.json,5,RIV-USE-SKILLS2064-1911;RIV-USE-SKILLS2064-1913;RIV-USE-SKILLS2064-1915;RIV-USE-SKILLS2064-1917;RIV-USE-RIBBON_ALIAS-E4F4,RIV-CONS-729300;RIV-CONS-72D000;RIV-CONS-745AAD,True,87,NO_FLAG,NOT_VALIDATED_I03,NOT_VALIDATED_I03,NOT_EXECUTED_I03,SOURCE_LABEL_AVAILABLE,NOT_APPROVED_BY_CENSUS
RIV-TEXT-7AE512,TEXT,0x7AE512,0x7AE521,0x7A,0xE512,15,3c66773f4bfccaca828869141a26cad1ef688a5b8f99fa48575c918a426b6234,True,UNAVAILABLE_HISTORICAL,Lullaby,SKILL_CENSUS.json,4,RIV-USE-SKILLS2064-1919;RIV-USE-SKILLS2064-1921;RIV-USE-SKILLS2064-1923;RIV-USE-SKILLS2064-1925,RIV-CONS-729300;RIV-CONS-745AAD,False,42,NO_FLAG,NOT_VALIDATED_I03,NOT_VALIDATED_I03,NOT_EXECUTED_I03,SOURCE_LABEL_AVAILABLE,NOT_APPROVED_BY_CENSUS
RIV-TEXT-7AE521,TEXT,0x7AE521,0x7AE537,0x7A,0xE521,22,820cfba182b70ba5bc712e086a324165799a1f688cb4f22e47e5b411d553992d,True,UNAVAILABLE_HISTORICAL,Lick Wounds,SKILL_CENSUS.json,4,RIV-USE-SKILLS2064-1926;RIV-USE-SKILLS2064-1927;RIV-USE-SKILLS2064-1928;RIV-USE-SKILLS2064-1929,RIV-CONS-729300;RIV-CONS-745AAD,False,63,NO_FLAG,NOT_VALIDATED_I03,NOT_VALIDATED_I03,NOT_EXECUTED_I03,SOURCE_LABEL_AVAILABLE,NOT_APPROVED_BY_CENSUS
RIV-TEXT-7AE537,TEXT,0x7AE537,0x7AE545,0x7A,0xE537,14,3d56a68db15082fbdda974af0a77bcb4b24a3a476df86e9c3db6221ffc099af6,True,UNAVAILABLE_HISTORICAL,War Cry,SKILL_CENSUS.json,4,RIV-USE-SKILLS2064-1930;RIV-USE-SKILLS2064-1931;RIV-USE-SKILLS2064-1932;RIV-USE-SKILLS2064-1933,RIV-CONS-729300;RIV-CONS-745AAD,False,39,NO_FLAG,NOT_VALIDATED_I03,NOT_VALIDATED_I03,NOT_EXECUTED_I03,SOURCE_LABEL_AVAILABLE,NOT_APPROVED_BY_CENSUS
RIV-TEXT-7AE545,TEXT,0x7AE545,0x7AE559,0x7A,0xE545,20,d68e52b5213eeb0ac70447d3270027cbed57b044fa11efa80e76db285a457786,True,UNAVAILABLE_HISTORICAL,Sonic Wave,SKILL_CENSUS.json,4,RIV-USE-SKILLS2064-1934;RIV-USE-SKILLS2064-1936;RIV-USE-SKILLS2064-1938;RIV-USE-SKILLS2064-1940,RIV-CONS-729300;RIV-CONS-745AAD,False,57,NO_FLAG,NOT_VALIDATED_I03,NOT_VALIDATED_I03,NOT_EXECUTED_I03,SOURCE_LABEL_AVAILABLE,NOT_APPROVED_BY_CENSUS
RIV-TEXT-7AE559,TEXT,0x7AE559,0x7AE577,0x7A,0xE559,30,5b338fcd6355bd15a420b3fd9815052eb034add7193ec47c049a2eb16c07940f,True,UNAVAILABLE_HISTORICAL,Feather Knuckle,SKILL_CENSUS.json;RIBBON_ALIASES.json,5,RIV-USE-SKILLS2064-1935;RIV-USE-SKILLS2064-1937;RIV-USE-SKILLS2064-1939;RIV-USE-SKILLS2064-1941;RIV-USE-RIBBON_ALIAS-E559,RIV-CONS-729300;RIV-CONS-72D000;RIV-CONS-745AAD,True,87,NO_FLAG,NOT_VALIDATED_I03,NOT_VALIDATED_I03,NOT_EXECUTED_I03,SOURCE_LABEL_AVAILABLE,NOT_APPROVED_BY_CENSUS
RIV-TEXT-7AE577,TEXT,0x7AE577,0x7AE58D,0x7A,0xE577,22,cb2cdb50c845d74eb5fa54c5976a29c23010350c446b4af2059df49d8f7b3977,True,UNAVAILABLE_HISTORICAL,Web Barrier,SKILL_CENSUS.json,4,RIV-USE-SKILLS2064-1942;RIV-USE-SKILLS2064-1944;RIV-USE-SKILLS2064-1946;RIV-USE-SKILLS2064-1948,RIV-CONS-729300;RIV-CONS-745AAD,False,63,NO_FLAG,NOT_VALIDATED_I03,NOT_VALIDATED_I03,NOT_EXECUTED_I03,SOURCE_LABEL_AVAILABLE,NOT_APPROVED_BY_CENSUS
RIV-TEXT-7AE58D,TEXT,0x7AE58D,0x7AE59E,0x7A,0xE58D,17,581303a918b0bb5829b9f81265ce3be7b081e748ebad2a295e871d5ecc6f4cd5,True,UNAVAILABLE_HISTORICAL,Defender,SKILL_CENSUS.json,4,RIV-USE-SKILLS2064-1950;RIV-USE-SKILLS2064-1951;RIV-USE-SKILLS2064-1952;RIV-USE-SKILLS2064-1953,RIV-CONS-729300;RIV-CONS-745AAD,False,48,NO_FLAG,NOT_VALIDATED_I03,NOT_VALIDATED_I03,NOT_EXECUTED_I03,SOURCE_LABEL_AVAILABLE,NOT_APPROVED_BY_CENSUS
RIV-TEXT-7AE59E,TEXT,0x7AE59E,0x7AE5B8,0x7A,0xE59E,26,efad3e6f27f78219b015a5c225432799d4b53426b5e67b9c9aae2884ff6ec4dc,True,UNAVAILABLE_HISTORICAL,Aroma Therapy,SKILL_CENSUS.json,4,RIV-USE-SKILLS2064-1954;RIV-USE-SKILLS2064-1956;RIV-USE-SKILLS2064-1958;RIV-USE-SKILLS2064-1960,RIV-CONS-729300;RIV-CONS-745AAD,False,75,NO_FLAG,NOT_VALIDATED_I03,NOT_VALIDATED_I03,NOT_EXECUTED_I03,SOURCE_LABEL_AVAILABLE,NOT_APPROVED_BY_CENSUS
RIV-TEXT-7AE5B8,TEXT,0x7AE5B8,0x7AE5D4,0x7A,0xE5B8,28,99619617866fc3366e408bfbdac3e37afd61e274b97abba51be1cf3df3c3171c,True,UNAVAILABLE_HISTORICAL,Healing Pollen,SKILL_CENSUS.json,4,RIV-USE-SKILLS2064-1955;RIV-USE-SKILLS2064-1957;RIV-USE-SKILLS2064-1959;RIV-USE-SKILLS2064-1961,RIV-CONS-729300;RIV-CONS-745AAD,False,81,NO_FLAG,NOT_VALIDATED_I03,NOT_VALIDATED_I03,NOT_EXECUTED_I03,SOURCE_LABEL_AVAILABLE,NOT_APPROVED_BY_CENSUS
RIV-TEXT-7AE5D4,TEXT,0x7AE5D4,0x7AE5E8,0x7A,0xE5D4,20,01678313ceb244c433def43993e99341426057e4e468493936843874a47682e2,True,UNAVAILABLE_HISTORICAL,Power Lift,SKILL_CENSUS.json,4,RIV-USE-SKILLS2064-1962;RIV-USE-SKILLS2064-1964;RIV-USE-SKILLS2064-1966;RIV-USE-SKILLS2064-1968,RIV-CONS-729300;RIV-CONS-745AAD,False,57,NO_FLAG,NOT_VALIDATED_I03,NOT_VALIDATED_I03,NOT_EXECUTED_I03,SOURCE_LABEL_AVAILABLE,NOT_APPROVED_BY_CENSUS
RIV-TEXT-7AE5E8,TEXT,0x7AE5E8,0x7AE5FC,0x7A,0xE5E8,20,586eeb730ce4a9b8b07f2ba133ccec6fe7c44a906c06046a8fafce3271481897,True,UNAVAILABLE_HISTORICAL,Jump Slash,SKILL_CENSUS.json,4,RIV-USE-SKILLS2064-1963;RIV-USE-SKILLS2064-1965;RIV-USE-SKILLS2064-1967;RIV-USE-SKILLS2064-1969,RIV-CONS-729300;RIV-CONS-745AAD,False,57,NO_FLAG,NOT_VALIDATED_I03,NOT_VALIDATED_I03,NOT_EXECUTED_I03,SOURCE_LABEL_AVAILABLE,NOT_APPROVED_BY_CENSUS
RIV-TEXT-7AE5FC,TEXT,0x7AE5FC,0x7AE614,0x7A,0xE5FC,24,e5c311084f390b26a5b1f63fcb9e60821b5507900e38e6746f4f4a357fd463c7,True,UNAVAILABLE_HISTORICAL,Iron Defense,SKILL_CENSUS.json,4,RIV-USE-SKILLS2064-1970;RIV-USE-SKILLS2064-1972;RIV-USE-SKILLS2064-1974;RIV-USE-SKILLS2064-1976,RIV-CONS-729300;RIV-CONS-745AAD,False,69,NO_FLAG,NOT_VALIDATED_I03,NOT_VALIDATED_I03,NOT_EXECUTED_I03,SOURCE_LABEL_AVAILABLE,NOT_APPROVED_BY_CENSUS
RIV-TEXT-7AE614,TEXT,0x7AE614,0x7AE62A,0x7A,0xE614,22,e2889c127d5adbcd1535ef5740702191f88274ab7c805f06b41df5ad3778518a,True,UNAVAILABLE_HISTORICAL,Stand Still,SKILL_CENSUS.json,4,RIV-USE-SKILLS2064-1971;RIV-USE-SKILLS2064-1973;RIV-USE-SKILLS2064-1975;RIV-USE-SKILLS2064-1977,RIV-CONS-729300;RIV-CONS-745AAD,False,63,NO_FLAG,NOT_VALIDATED_I03,NOT_VALIDATED_I03,NOT_EXECUTED_I03,SOURCE_LABEL_AVAILABLE,NOT_APPROVED_BY_CENSUS
RIV-TEXT-7AE62A,TEXT,0x7AE62A,0x7AE640,0x7A,0xE62A,22,43c73cef53acc93c37fb1cfc9bb2c880097ad869063b5d483fb1a6006fa327ca,True,UNAVAILABLE_HISTORICAL,Vitality Up,SKILL_CENSUS.json,4,RIV-USE-SKILLS2064-1978;RIV-USE-SKILLS2064-1980;RIV-USE-SKILLS2064-1982;RIV-USE-SKILLS2064-1984,RIV-CONS-729300;RIV-CONS-745AAD,False,63,NO_FLAG,NOT_VALIDATED_I03,NOT_VALIDATED_I03,NOT_EXECUTED_I03,SOURCE_LABEL_AVAILABLE,NOT_APPROVED_BY_CENSUS
RIV-TEXT-7AE640,TEXT,0x7AE640,0x7AE64F,0x7A,0xE640,15,d83ccb6176b3e6184cdc8fbdd46cca15e5ca881196a77ca0488796392605ea96,True,UNAVAILABLE_HISTORICAL,Fission,SKILL_CENSUS.json,4,RIV-USE-SKILLS2064-1979;RIV-USE-SKILLS2064-1981;RIV-USE-SKILLS2064-1983;RIV-USE-SKILLS2064-1985,RIV-CONS-729300;RIV-CONS-745AAD,False,42,NO_FLAG,NOT_VALIDATED_I03,NOT_VALIDATED_I03,NOT_EXECUTED_I03,SOURCE_LABEL_AVAILABLE,NOT_APPROVED_BY_CENSUS
RIV-TEXT-7AE64F,TEXT,0x7AE64F,0x7AE667,0x7A,0xE64F,24,9257405df4bb8d1bf48b898af8b57d54f18f404903f03704938a68f09c361f0e,True,UNAVAILABLE_HISTORICAL,Float Around,SKILL_CENSUS.json,3,RIV-USE-SKILLS2064-1986;RIV-USE-SKILLS2064-1998;RIV-USE-SKILLS2064-2010,RIV-CONS-729300;RIV-CONS-745AAD,False,69,NO_FLAG,NOT_VALIDATED_I03,NOT_VALIDATED_I03,NOT_EXECUTED_I03,SOURCE_LABEL_AVAILABLE,NOT_APPROVED_BY_CENSUS
RIV-TEXT-7AE667,TEXT,0x7AE667,0x7AE674,0x7A,0xE667,13,4406aeff4fd67d4e62e5c38c4d114d6f85e2689c155213c733352056a9a56213,True,UNAVAILABLE_HISTORICAL,Change,SKILL_CENSUS.json,18,RIV-USE-SKILLS2064-1987;RIV-USE-SKILLS2064-1989;RIV-USE-SKILLS2064-1991;RIV-USE-SKILLS2064-1993;RIV-USE-SKILLS2064-1995;RIV-USE-SKILLS2064-1997;RIV-USE-SKILLS2064-1999;RIV-USE-SKILLS2064-2001;RIV-USE-SKILLS2064-2003;RIV-USE-SKILLS2064-2005;RIV-USE-SKILLS2064-2007;RIV-USE-SKILLS2064-2009;RIV-USE-SKILLS2064-2011;RIV-USE-SKILLS2064-2013;RIV-USE-SKILLS2064-2015;RIV-USE-SKILLS2064-2017;RIV-USE-SKILLS2064-2019;RIV-USE-SKILLS2064-2021,RIV-CONS-729300;RIV-CONS-745AAD,False,36,NO_FLAG,NOT_VALIDATED_I03,NOT_VALIDATED_I03,NOT_EXECUTED_I03,SOURCE_LABEL_AVAILABLE,NOT_APPROVED_BY_CENSUS
RIV-TEXT-7AE674,TEXT,0x7AE674,0x7AE68C,0x7A,0xE674,24,9f9cde3dc9766cec3217eeef8b14060e153d9ca9e3859c6839de150be46690f3,True,UNAVAILABLE_HISTORICAL,Flare Sphere,SKILL_CENSUS.json,3,RIV-USE-SKILLS2064-1988;RIV-USE-SKILLS2064-2000;RIV-USE-SKILLS2064-2012,RIV-CONS-729300;RIV-CONS-745AAD,False,69,NO_FLAG,NOT_VALIDATED_I03,NOT_VALIDATED_I03,NOT_EXECUTED_I03,SOURCE_LABEL_AVAILABLE,NOT_APPROVED_BY_CENSUS
RIV-TEXT-7AE68C,TEXT,0x7AE68C,0x7AE6A0,0x7A,0xE68C,20,abcf9f703ec4cbad9f9eb35db6c79f03088ec6f3d009be5957e512db8ca171f8,True,UNAVAILABLE_HISTORICAL,Ice Sphere,SKILL_CENSUS.json,3,RIV-USE-SKILLS2064-1990;RIV-USE-SKILLS2064-2002;RIV-USE-SKILLS2064-2014,RIV-CONS-729300;RIV-CONS-745AAD,False,57,NO_FLAG,NOT_VALIDATED_I03,NOT_VALIDATED_I03,NOT_EXECUTED_I03,SOURCE_LABEL_AVAILABLE,NOT_APPROVED_BY_CENSUS
RIV-TEXT-7AE6A0,TEXT,0x7AE6A0,0x7AE6B6,0x7A,0xE6A0,22,0efa962624dde7bd58081bbdb6bb8218dcb3b6b0565c28a341079c9f490e3069,True,UNAVAILABLE_HISTORICAL,Thor Sphere,SKILL_CENSUS.json,3,RIV-USE-SKILLS2064-1992;RIV-USE-SKILLS2064-2004;RIV-USE-SKILLS2064-2016,RIV-CONS-729300;RIV-CONS-745AAD,False,63,NO_FLAG,NOT_VALIDATED_I03,NOT_VALIDATED_I03,NOT_EXECUTED_I03,SOURCE_LABEL_AVAILABLE,NOT_APPROVED_BY_CENSUS
RIV-TEXT-7AE6B6,TEXT,0x7AE6B6,0x7AE6CE,0x7A,0xE6B6,24,8ab5810076258bbd28f1eb672b2758457c41c0560fca1abf950a8853877cd2aa,True,UNAVAILABLE_HISTORICAL,Saint Sphere,SKILL_CENSUS.json,3,RIV-USE-SKILLS2064-1994;RIV-USE-SKILLS2064-2006;RIV-USE-SKILLS2064-2018,RIV-CONS-729300;RIV-CONS-745AAD,False,69,NO_FLAG,NOT_VALIDATED_I03,NOT_VALIDATED_I03,NOT_EXECUTED_I03,SOURCE_LABEL_AVAILABLE,NOT_APPROVED_BY_CENSUS
RIV-TEXT-7AE6CE,TEXT,0x7AE6CE,0x7AE6E3,0x7A,0xE6CE,21,425f2ce06dc1a725bb5106544da73d25eec054d94a6479b61585965d430ce94c,True,UNAVAILABLE_HISTORICAL,Subliminal,SKILL_CENSUS.json,3,RIV-USE-SKILLS2064-1996;RIV-USE-SKILLS2064-2008;RIV-USE-SKILLS2064-2020,RIV-CONS-729300;RIV-CONS-745AAD,False,60,NO_FLAG,NOT_VALIDATED_I03,NOT_VALIDATED_I03,NOT_EXECUTED_I03,SOURCE_LABEL_AVAILABLE,NOT_APPROVED_BY_CENSUS
RIV-TEXT-7AE6E3,TEXT,0x7AE6E3,0x7AE6F6,0x7A,0xE6E3,19,c6772e2ed141bd24cbfdf16e0e7c7a79e959282873b3543ce85c253cc1b4eab9,True,UNAVAILABLE_HISTORICAL,Encourage,SKILL_CENSUS.json,4,RIV-USE-SKILLS2064-2022;RIV-USE-SKILLS2064-2023;RIV-USE-SKILLS2064-2024;RIV-USE-SKILLS2064-2025,RIV-CONS-729300;RIV-CONS-745AAD,False,54,NO_FLAG,NOT_VALIDATED_I03,NOT_VALIDATED_I03,NOT_EXECUTED_I03,SOURCE_LABEL_AVAILABLE,NOT_APPROVED_BY_CENSUS
RIV-TEXT-7AE6F6,TEXT,0x7AE6F6,0x7AE70F,0x7A,0xE6F6,25,57854a826ab0dd27a4d49647419672e2295f77086d5e4b4bee58690fc3225d58,True,UNAVAILABLE_HISTORICAL,Thundercloud,SKILL_CENSUS.json,4,RIV-USE-SKILLS2064-2026;RIV-USE-SKILLS2064-2027;RIV-USE-SKILLS2064-2028;RIV-USE-SKILLS2064-2029,RIV-CONS-729300;RIV-CONS-745AAD,False,72,NO_FLAG,NOT_VALIDATED_I03,NOT_VALIDATED_I03,NOT_EXECUTED_I03,SOURCE_LABEL_AVAILABLE,NOT_APPROVED_BY_CENSUS
RIV-TEXT-7AE70F,TEXT,0x7AE70F,0x7AE727,0x7A,0xE70F,24,a90686a1c0f2ebbe7d8ff1418925ea7541440b0fa9b930b1c55b143da4353396,True,UNAVAILABLE_HISTORICAL,Dragon Scale,SKILL_CENSUS.json,4,RIV-USE-SKILLS2064-2030;RIV-USE-SKILLS2064-2031;RIV-USE-SKILLS2064-2032;RIV-USE-SKILLS2064-2033,RIV-CONS-729300;RIV-CONS-745AAD,False,69,NO_FLAG,NOT_VALIDATED_I03,NOT_VALIDATED_I03,NOT_EXECUTED_I03,SOURCE_LABEL_AVAILABLE,NOT_APPROVED_BY_CENSUS
RIV-TEXT-7AE727,TEXT,0x7AE727,0x7AE735,0x7A,0xE727,14,6eb694c757c7fd688a6b447c0140031295003a2e3e96a9191ec0cb9404dd3bc4,True,UNAVAILABLE_HISTORICAL,Burn Up,SKILL_CENSUS.json,2,RIV-USE-SKILLS2064-2034;RIV-USE-SKILLS2064-2035,RIV-CONS-729300;RIV-CONS-745AAD,False,39,NO_FLAG,NOT_VALIDATED_I03,NOT_VALIDATED_I03,NOT_EXECUTED_I03,SOURCE_LABEL_AVAILABLE,NOT_APPROVED_BY_CENSUS
RIV-TEXT-7AE735,TEXT,0x7AE735,0x7AE74D,0x7A,0xE735,24,63f4f5e228a0e4883b2b7455a078a898f90cd089878d0415346cf1086fdb1b44,True,UNAVAILABLE_HISTORICAL,Force Shield,SKILL_CENSUS.json,3,RIV-USE-SKILLS2064-2036;RIV-USE-SKILLS2064-2037;RIV-USE-SKILLS2064-2038,RIV-CONS-729300;RIV-CONS-745AAD,False,69,NO_FLAG,NOT_VALIDATED_I03,NOT_VALIDATED_I03,NOT_EXECUTED_I03,SOURCE_LABEL_AVAILABLE,NOT_APPROVED_BY_CENSUS
RIV-TEXT-7AE74D,TEXT,0x7AE74D,0x7AE763,0x7A,0xE74D,22,298fb245b0fd4e4bc5dd83462f68711ce9ac78399eb90e1d0a1f4b24d4a55532,True,UNAVAILABLE_HISTORICAL,Poison Wind,SKILL_CENSUS.json,2,RIV-USE-SKILLS2064-2039;RIV-USE-SKILLS2064-2040,RIV-CONS-729300;RIV-CONS-745AAD,False,63,NO_FLAG,NOT_VALIDATED_I03,NOT_VALIDATED_I03,NOT_EXECUTED_I03,SOURCE_LABEL_AVAILABLE,NOT_APPROVED_BY_CENSUS
RIV-TEXT-7AE763,TEXT,0x7AE763,0x7AE774,0x7A,0xE763,17,cb5fc10fe246b1d31b3aa0d82f038c40bea9b79cae1984633f922a07f8bd0cb5,True,UNAVAILABLE_HISTORICAL,Cardinal,SKILL_CENSUS.json,1,RIV-USE-SKILLS2064-2041,RIV-CONS-729300;RIV-CONS-745AAD,False,48,NO_FLAG,NOT_VALIDATED_I03,NOT_VALIDATED_I03,NOT_EXECUTED_I03,SOURCE_LABEL_AVAILABLE,NOT_APPROVED_BY_CENSUS
RIV-TEXT-7AE774,TEXT,0x7AE774,0x7AE78C,0x7A,0xE774,24,0e88213d40908d8bd122988155ac6e2a4e5debec9ef112e6a4ef9c089ff04ad4,True,UNAVAILABLE_HISTORICAL,Mighty Guard,SKILL_CENSUS.json,2,RIV-USE-SKILLS2064-2042;RIV-USE-SKILLS2064-2044,RIV-CONS-729300;RIV-CONS-745AAD,False,69,NO_FLAG,NOT_VALIDATED_I03,NOT_VALIDATED_I03,NOT_EXECUTED_I03,SOURCE_LABEL_AVAILABLE,NOT_APPROVED_BY_CENSUS
RIV-TEXT-7AE78C,TEXT,0x7AE78C,0x7AE799,0x7A,0xE78C,13,b27252d53ae430e43020abf88c8ed55b85f770d3fd3f82eec9f16b7d6d8a471d,True,UNAVAILABLE_HISTORICAL,Dispel,SKILL_CENSUS.json,2,RIV-USE-SKILLS2064-2043;RIV-USE-SKILLS2064-2045,RIV-CONS-729300;RIV-CONS-745AAD,False,36,NO_FLAG,NOT_VALIDATED_I03,NOT_VALIDATED_I03,NOT_EXECUTED_I03,SOURCE_LABEL_AVAILABLE,NOT_APPROVED_BY_CENSUS
RIV-TEXT-7AE799,TEXT,0x7AE799,0x7AE7B5,0x7A,0xE799,28,c88dbdefd5e2076633f9b833d76f4eee003b9a4f6ad0268d2b6dcb58132452cf,True,UNAVAILABLE_HISTORICAL,Chaotic Propel,SKILL_CENSUS.json,2,RIV-USE-SKILLS2064-2046;RIV-USE-SKILLS2064-2048,RIV-CONS-729300;RIV-CONS-745AAD,False,81,NO_FLAG,NOT_VALIDATED_I03,NOT_VALIDATED_I03,NOT_EXECUTED_I03,SOURCE_LABEL_AVAILABLE,NOT_APPROVED_BY_CENSUS
RIV-TEXT-7AE7B5,TEXT,0x7AE7B5,0x7AE7D3,0x7A,0xE7B5,30,f7719407998ad341b08bf33144e49c4efbb8fab708be29d54d2a70199a28e2ff,True,UNAVAILABLE_HISTORICAL,Evil Temperance,SKILL_CENSUS.json,2,RIV-USE-SKILLS2064-2047;RIV-USE-SKILLS2064-2049,RIV-CONS-729300;RIV-CONS-745AAD,False,87,NO_FLAG,NOT_VALIDATED_I03,NOT_VALIDATED_I03,NOT_EXECUTED_I03,SOURCE_LABEL_AVAILABLE,NOT_APPROVED_BY_CENSUS
RIV-TEXT-7AE7D3,TEXT,0x7AE7D3,0x7AE7E9,0x7A,0xE7D3,22,198d837c73a1c6baaf4d058317bfbe538ca80b6a7a2cdf5b9259bdcf80f086c2,True,UNAVAILABLE_HISTORICAL,Guard Force,SKILL_CENSUS.json,1,RIV-USE-SKILLS2064-2050,RIV-CONS-729300;RIV-CONS-745AAD,False,63,NO_FLAG,NOT_VALIDATED_I03,NOT_VALIDATED_I03,NOT_EXECUTED_I03,SOURCE_LABEL_AVAILABLE,NOT_APPROVED_BY_CENSUS
RIV-TEXT-7AE7E9,TEXT,0x7AE7E9,0x7AE805,0x7A,0xE7E9,28,bac2194da9c10983bd570abf585f6057c98b509c7ef2f8c106158ecbb7604b5f,True,UNAVAILABLE_HISTORICAL,Recovery Force,SKILL_CENSUS.json,1,RIV-USE-SKILLS2064-2051,RIV-CONS-729300;RIV-CONS-745AAD,False,81,NO_FLAG,NOT_VALIDATED_I03,NOT_VALIDATED_I03,NOT_EXECUTED_I03,SOURCE_LABEL_AVAILABLE,NOT_APPROVED_BY_CENSUS
RIV-TEXT-7AE805,TEXT,0x7AE805,0x7AE829,0x7A,0xE805,36,141c3fa623d2cefc396d469231e55e8c2342c56e456c2fa3b5c9eec0d14d5a7d,True,UNAVAILABLE_HISTORICAL,Element Transition,SKILL_CENSUS.json;RIBBON_ALIASES.json,5,RIV-USE-SKILLS2064-2052;RIV-USE-SKILLS2064-2054;RIV-USE-SKILLS2064-2056;RIV-USE-SKILLS2064-2058;RIV-USE-RIBBON_ALIAS-E805,RIV-CONS-729300;RIV-CONS-72D000;RIV-CONS-745AAD,True,105,NEEDS_VISUAL_WIDTH,NOT_VALIDATED_I03,NOT_VALIDATED_I03,NOT_EXECUTED_I03,SOURCE_LABEL_AVAILABLE,NOT_APPROVED_BY_CENSUS
RIV-TEXT-7AE829,TEXT,0x7AE829,0x7AE83C,0x7A,0xE829,19,515a4d9296ddc2249c210a0a5bfd1b495feb98770120ccf623ed82be19829ca5,True,UNAVAILABLE_HISTORICAL,Sanctuary,SKILL_CENSUS.json,4,RIV-USE-SKILLS2064-2053;RIV-USE-SKILLS2064-2055;RIV-USE-SKILLS2064-2057;RIV-USE-SKILLS2064-2059,RIV-CONS-729300;RIV-CONS-745AAD,False,54,NO_FLAG,NOT_VALIDATED_I03,NOT_VALIDATED_I03,NOT_EXECUTED_I03,SOURCE_LABEL_AVAILABLE,NOT_APPROVED_BY_CENSUS
RIV-TEXT-7AE83C,TEXT,0x7AE83C,0x7AE85A,0x7A,0xE83C,30,50721716f0c22d9e16401920ec57e4441e99bac1565f34b19e3059f21202cead,True,UNAVAILABLE_HISTORICAL,Angel Awakening,SKILL_CENSUS.json;RIBBON_ALIASES.json,3,RIV-USE-SKILLS2064-2060;RIV-USE-SKILLS2064-2063;RIV-USE-RIBBON_ALIAS-E83C,RIV-CONS-729300;RIV-CONS-72D000;RIV-CONS-745AAD,True,87,NO_FLAG,NOT_VALIDATED_I03,NOT_VALIDATED_I03,NOT_EXECUTED_I03,SOURCE_LABEL_AVAILABLE,NOT_APPROVED_BY_CENSUS
RIV-TEXT-7AE85A,TEXT,0x7AE85A,0x7AE875,0x7A,0xE85A,27,69de0241bece4208b9f2b5d3e4b7b33574fb9f2dc74c4d9f8317fdab9a19390a,True,UNAVAILABLE_HISTORICAL,Metamorphosis,SKILL_CENSUS.json,2,RIV-USE-SKILLS2064-2061;RIV-USE-SKILLS2064-2062,RIV-CONS-729300;RIV-CONS-745AAD,False,78,NO_FLAG,NOT_VALIDATED_I03,NOT_VALIDATED_I03,NOT_EXECUTED_I03,SOURCE_LABEL_AVAILABLE,NOT_APPROVED_BY_CENSUS
RIV-TEXT-7AE884,TEXT,0x7AE884,0x7AE893,0x7A,0xE884,15,f90da19649e786df5633b4611c4e511c6fec6aaf62fa597ebd401f6b7f6d9a91,True,UNAVAILABLE_HISTORICAL,,,2,RIV-USE-ITEM155-8;RIV-USE-ITEM155-9,,False,0,NO_FLAG,NOT_VALIDATED_I03,NOT_VALIDATED_I03,NOT_EXECUTED_I03,NOT_ESTABLISHED_I03,NOT_APPROVED_BY_CENSUS
RIV-TEXT-7AE893,TEXT,0x7AE893,0x7AE89E,0x7A,0xE893,11,52374256a5b3cc1195915c2ff943e66c68614405a62c0399c11d3df3124a80e1,True,UNAVAILABLE_HISTORICAL,,,1,RIV-USE-ITEM155-10,,False,0,NO_FLAG,NOT_VALIDATED_I03,NOT_VALIDATED_I03,NOT_EXECUTED_I03,NOT_ESTABLISHED_I03,NOT_APPROVED_BY_CENSUS
RIV-TEXT-7AFFF2,TEXT,0x7AFFF2,0x7B0000,0x7A,0xFFF2,14,8a0705dd41a94b0fadf1329b84ad12a3b3d2101f14ed941cb4545eeeb86c13cc,True,UNAVAILABLE_HISTORICAL,Sic 'em,SKILL_CENSUS.json,12,RIV-USE-SKILLS2064-592;RIV-USE-SKILLS2064-593;RIV-USE-SKILLS2064-595;RIV-USE-SKILLS2064-596;RIV-USE-SKILLS2064-597;RIV-USE-SKILLS2064-598;RIV-USE-SKILLS2064-600;RIV-USE-SKILLS2064-601;RIV-USE-SKILLS2064-602;RIV-USE-SKILLS2064-603;RIV-USE-SKILLS2064-605;RIV-USE-SKILLS2064-606,RIV-CONS-729300;RIV-CONS-745AAD,False,39,NO_FLAG,NOT_VALIDATED_I03,NOT_VALIDATED_I03,NOT_EXECUTED_I03,SOURCE_LABEL_AVAILABLE,NOT_APPROVED_BY_CENSUS
RIV-TEXT-7C030F,TEXT,0x7C030F,0x7C0323,0x7C,0x030F,20,8cd62c35e9b24dc086f241e21cf9f424ae34db735ec341e15a7942a03cc27b69,True,UNAVAILABLE_HISTORICAL,"View event
graphics",extra_contents_messages_s330.json,1,RIV-USE-EXTRA_DESC-0,,True,57,NO_FLAG,NOT_VALIDATED_I03,NOT_VALIDATED_I03,NOT_EXECUTED_I03,SOURCE_LABEL_AVAILABLE,NOT_APPROVED_BY_CENSUS
RIV-TEXT-7C0329,TEXT,0x7C0329,0x7C033E,0x7C,0x0329,21,62614832823dca0a0490a31dd63b1339b47f9c0a9b822f286b1b1ab7d7e41b4b,True,UNAVAILABLE_HISTORICAL,"View collected
items",extra_contents_messages_s330.json,1,RIV-USE-EXTRA_DESC-1,,True,81,NO_FLAG,NOT_VALIDATED_I03,NOT_VALIDATED_I03,NOT_EXECUTED_I03,SOURCE_LABEL_AVAILABLE,NOT_APPROVED_BY_CENSUS
RIV-TEXT-7C0344,TEXT,0x7C0344,0x7C0359,0x7C,0x0344,21,0502a9a6a69e33db7132058d18e19007524a9e09b3d49468284edce131492ad0,True,UNAVAILABLE_HISTORICAL,"Listen to game
music",extra_contents_messages_s330.json,1,RIV-USE-EXTRA_DESC-2,,True,78,NO_FLAG,NOT_VALIDATED_I03,NOT_VALIDATED_I03,NOT_EXECUTED_I03,SOURCE_LABEL_AVAILABLE,NOT_APPROVED_BY_CENSUS
RIV-TEXT-7C0362,TEXT,0x7C0362,0x7C0379,0x7C,0x0362,23,39a94be74b85c1cf8855e0abf215eb06a9a6b106b8bc30aa5ac00007d5549672,True,UNAVAILABLE_HISTORICAL,"View scores by
chapter",extra_contents_messages_s330.json,1,RIV-USE-EXTRA_DESC-3,,True,78,NO_FLAG,NOT_VALIDATED_I03,NOT_VALIDATED_I03,NOT_EXECUTED_I03,SOURCE_LABEL_AVAILABLE,NOT_APPROVED_BY_CENSUS
RIV-TEXT-7C037E,TEXT,0x7C037E,0x7C0397,0x7C,0x037E,25,50ca23af9a3b80e665b11c01f5d206973f1643378637064084cff1f55cc2199c,True,UNAVAILABLE_HISTORICAL,"View character
portraits",extra_contents_messages_s330.json,1,RIV-USE-EXTRA_DESC-4,,True,81,NO_FLAG,NOT_VALIDATED_I03,NOT_VALIDATED_I03,NOT_EXECUTED_I03,SOURCE_LABEL_AVAILABLE,NOT_APPROVED_BY_CENSUS
RIV-TEXT-7C039C,TEXT,0x7C039C,0x7C03B1,0x7C,0x039C,21,d54c534e453cc796c5dec27dcbdeb330df3912d64ecd6ea2597fde77bc297c02,True,UNAVAILABLE_HISTORICAL,"Dark region of
chaos",extra_contents_messages_s330.json,1,RIV-USE-EXTRA_DESC-5,,True,78,NO_FLAG,NOT_VALIDATED_I03,NOT_VALIDATED_I03,NOT_EXECUTED_I03,SOURCE_LABEL_AVAILABLE,NOT_APPROVED_BY_CENSUS
RIV-TEXT-7C03B9,TEXT,0x7C03B9,0x7C03CE,0x7C,0x03B9,21,b644d2bf7ad56bdab65278ed58e60272d99d20573c8a8fea1616330a8c418776,True,UNAVAILABLE_HISTORICAL,"Nya nya
Still locked",extra_contents_messages_s330.json,1,RIV-USE-EXTRA_DESC-6,,True,69,NO_FLAG,NOT_VALIDATED_I03,NOT_VALIDATED_I03,NOT_EXECUTED_I03,SOURCE_LABEL_AVAILABLE,NOT_APPROVED_BY_CENSUS
RIV-TEXT-7C0435,TEXT,0x7C0435,0x7C0448,0x7C,0x0435,19,0891d48d6411896d992f86782826f2ac27729d06eea863f77e77dab6b5623773,True,UNAVAILABLE_HISTORICAL,"Opening Demo A
BGM",sound_mode_descriptions_s331.json,1,RIV-USE-SOUND_DESC-0,RIV-CONS-7255F9,False,78,NO_FLAG,NOT_VALIDATED_I03,NOT_VALIDATED_I03,NOT_EXECUTED_I03,SOURCE_LABEL_AVAILABLE,NOT_APPROVED_BY_CENSUS
RIV-TEXT-7C0455,TEXT,0x7C0455,0x7C0468,0x7C,0x0455,19,340b12ecf2f05559969739fcbdad07af2d397875c4c49ce5adf9c2a8bea057df,True,UNAVAILABLE_HISTORICAL,"Opening Demo B
BGM",sound_mode_descriptions_s331.json,1,RIV-USE-SOUND_DESC-1,RIV-CONS-7255F9,False,78,NO_FLAG,NOT_VALIDATED_I03,NOT_VALIDATED_I03,NOT_EXECUTED_I03,SOURCE_LABEL_AVAILABLE,NOT_APPROVED_BY_CENSUS
RIV-TEXT-7C0476,TEXT,0x7C0476,0x7C0487,0x7C,0x0476,17,6d38938cad907c3e0552d30030e9646694bf7ec1b9214edfc13edfcae1633d08,True,UNAVAILABLE_HISTORICAL,"Title screen
BGM",sound_mode_descriptions_s331.json,1,RIV-USE-SOUND_DESC-2,RIV-CONS-7255F9,False,69,NO_FLAG,NOT_VALIDATED_I03,NOT_VALIDATED_I03,NOT_EXECUTED_I03,SOURCE_LABEL_AVAILABLE,NOT_APPROVED_BY_CENSUS
RIV-TEXT-7C0493,TEXT,0x7C0493,0x7C04A1,0x7C,0x0493,14,eddf9aca697cddf4207f535a5ed2f45f33910676cd4a061d33704f19e2ad362b,True,UNAVAILABLE_HISTORICAL,"World Map
BGM",sound_mode_descriptions_s331.json,1,RIV-USE-SOUND_DESC-3,RIV-CONS-7255F9,False,51,NO_FLAG,NOT_VALIDATED_I03,NOT_VALIDATED_I03,NOT_EXECUTED_I03,SOURCE_LABEL_AVAILABLE,NOT_APPROVED_BY_CENSUS
RIV-TEXT-7C04A9,TEXT,0x7C04A9,0x7C04BA,0x7C,0x04A9,17,10e26653c57366c395e62e9bc80f02268c242f5b26a11ca93ad51b61240d9e84,True,UNAVAILABLE_HISTORICAL,"Elendia town
BGM",sound_mode_descriptions_s331.json,1,RIV-USE-SOUND_DESC-4,RIV-CONS-7255F9,False,69,NO_FLAG,NOT_VALIDATED_I03,NOT_VALIDATED_I03,NOT_EXECUTED_I03,SOURCE_LABEL_AVAILABLE,NOT_APPROVED_BY_CENSUS
RIV-TEXT-7C04CC,TEXT,0x7C04CC,0x7C04E2,0x7C,0x04CC,22,004bb65093297268ac21c280524ed77dde7f8aaf94161bf1f840652612c58fde,True,UNAVAILABLE_HISTORICAL,"Chapter One
field BGM",sound_mode_descriptions_s331.json,1,RIV-USE-SOUND_DESC-5,RIV-CONS-7255F9,False,63,NO_FLAG,NOT_VALIDATED_I03,NOT_VALIDATED_I03,NOT_EXECUTED_I03,SOURCE_LABEL_AVAILABLE,NOT_APPROVED_BY_CENSUS
RIV-TEXT-7C04F4,TEXT,0x7C04F4,0x7C050A,0x7C,0x04F4,22,81a64be41e076727ab28b0dc97c4eeb3a8811ffcb6728c293a754b16a4cfc02f,True,UNAVAILABLE_HISTORICAL,"Chapter Two
field BGM",sound_mode_descriptions_s331.json,1,RIV-USE-SOUND_DESC-6,RIV-CONS-7255F9,False,63,NO_FLAG,NOT_VALIDATED_I03,NOT_VALIDATED_I03,NOT_EXECUTED_I03,SOURCE_LABEL_AVAILABLE,NOT_APPROVED_BY_CENSUS
RIV-TEXT-7C051E,TEXT,0x7C051E,0x7C0536,0x7C,0x051E,24,6ee379a0580111a59f7a8377dc957f9e3eb8543ef7d65a8a0bc13d74bca32ce7,True,UNAVAILABLE_HISTORICAL,"Chapter Three
field BGM",sound_mode_descriptions_s331.json,1,RIV-USE-SOUND_DESC-7,RIV-CONS-7255F9,False,75,NO_FLAG,NOT_VALIDATED_I03,NOT_VALIDATED_I03,NOT_EXECUTED_I03,SOURCE_LABEL_AVAILABLE,NOT_APPROVED_BY_CENSUS
RIV-TEXT-7C0546,TEXT,0x7C0546,0x7C055D,0x7C,0x0546,23,53859ed0069f52cc90639b338620b408c6917b83bedcaba09a41892c53e70aa1,True,UNAVAILABLE_HISTORICAL,"Chapter Four
field BGM",sound_mode_descriptions_s331.json,1,RIV-USE-SOUND_DESC-8,RIV-CONS-7255F9,False,69,NO_FLAG,NOT_VALIDATED_I03,NOT_VALIDATED_I03,NOT_EXECUTED_I03,SOURCE_LABEL_AVAILABLE,NOT_APPROVED_BY_CENSUS
RIV-TEXT-7C056F,TEXT,0x7C056F,0x7C0586,0x7C,0x056F,23,bf06c058d1a6ff2f26e03faf71de7652e52ddde2c1ee4299d37d44640b17dd78,True,UNAVAILABLE_HISTORICAL,"Chapter Five
field BGM",sound_mode_descriptions_s331.json,1,RIV-USE-SOUND_DESC-9,RIV-CONS-7255F9,False,69,NO_FLAG,NOT_VALIDATED_I03,NOT_VALIDATED_I03,NOT_EXECUTED_I03,SOURCE_LABEL_AVAILABLE,NOT_APPROVED_BY_CENSUS
RIV-TEXT-7C0596,TEXT,0x7C0596,0x7C05AC,0x7C,0x0596,22,4a9ea4afd0dfdff86c89ae3244b2acc33ee59f2f61a6d8b494c3544bde70c819,True,UNAVAILABLE_HISTORICAL,"Chapter Six
field BGM",sound_mode_descriptions_s331.json,1,RIV-USE-SOUND_DESC-10,RIV-CONS-7255F9,False,63,NO_FLAG,NOT_VALIDATED_I03,NOT_VALIDATED_I03,NOT_EXECUTED_I03,SOURCE_LABEL_AVAILABLE,NOT_APPROVED_BY_CENSUS
RIV-TEXT-7C05C1,TEXT,0x7C05C1,0x7C05DE,0x7C,0x05C1,29,ec2670df378651a97f45e122d2d6b5e73b8190c4177ecaa506908758574ffd50,True,UNAVAILABLE_HISTORICAL,"Chapter Seven
first half BGM",sound_mode_descriptions_s331.json,1,RIV-USE-SOUND_DESC-11,RIV-CONS-7255F9,False,78,NO_FLAG,NOT_VALIDATED_I03,NOT_VALIDATED_I03,NOT_EXECUTED_I03,SOURCE_LABEL_AVAILABLE,NOT_APPROVED_BY_CENSUS
RIV-TEXT-7C05EA,TEXT,0x7C05EA,0x7C0606,0x7C,0x05EA,28,d3326384e91b03e4ac610f8dc1ff949dfdce13cca95f83f765ed56159f3818da,True,UNAVAILABLE_HISTORICAL,"Chapter Seven
last half BGM",sound_mode_descriptions_s331.json,1,RIV-USE-SOUND_DESC-12,RIV-CONS-7255F9,False,75,NO_FLAG,NOT_VALIDATED_I03,NOT_VALIDATED_I03,NOT_EXECUTED_I03,SOURCE_LABEL_AVAILABLE,NOT_APPROVED_BY_CENSUS
RIV-TEXT-7C0613,TEXT,0x7C0613,0x7C0623,0x7C,0x0613,16,02c5ba14648468100c75cddcfc2dd91b2fc6f1908c045acb925af366e7def41a,True,UNAVAILABLE_HISTORICAL,"Battle prep
BGM",sound_mode_descriptions_s331.json,1,RIV-USE-SOUND_DESC-13,RIV-CONS-7255F9,False,63,NO_FLAG,NOT_VALIDATED_I03,NOT_VALIDATED_I03,NOT_EXECUTED_I03,SOURCE_LABEL_AVAILABLE,NOT_APPROVED_BY_CENSUS
RIV-TEXT-7C0635,TEXT,0x7C0635,0x7C0647,0x7C,0x0635,18,6349a99dff7fa123094910ac7e1cee8d8178b64eeb6235729c735126255eae9f,True,UNAVAILABLE_HISTORICAL,"Normal battle
BGM",sound_mode_descriptions_s331.json,1,RIV-USE-SOUND_DESC-14,RIV-CONS-7255F9,False,75,NO_FLAG,NOT_VALIDATED_I03,NOT_VALIDATED_I03,NOT_EXECUTED_I03,SOURCE_LABEL_AVAILABLE,NOT_APPROVED_BY_CENSUS
RIV-TEXT-7C0650,TEXT,0x7C0650,0x7C0665,0x7C,0x0650,21,0dbdd11ac888007411cbaee4ddf7a944f761b7704b34179744c102d1cf073905,True,UNAVAILABLE_HISTORICAL,"No escape
battle BGM",sound_mode_descriptions_s331.json,1,RIV-USE-SOUND_DESC-15,RIV-CONS-7255F9,False,57,NO_FLAG,NOT_VALIDATED_I03,NOT_VALIDATED_I03,NOT_EXECUTED_I03,SOURCE_LABEL_AVAILABLE,NOT_APPROVED_BY_CENSUS
RIV-TEXT-7C066F,TEXT,0x7C066F,0x7C0685,0x7C,0x066F,22,49d78b965de27978318a521d02ac8897b12af5933a004fde69d9313445ad5dd0,True,UNAVAILABLE_HISTORICAL,"Strong foe
battle BGM",sound_mode_descriptions_s331.json,1,RIV-USE-SOUND_DESC-16,RIV-CONS-7255F9,False,57,NO_FLAG,NOT_VALIDATED_I03,NOT_VALIDATED_I03,NOT_EXECUTED_I03,SOURCE_LABEL_AVAILABLE,NOT_APPROVED_BY_CENSUS
RIV-TEXT-7C0695,TEXT,0x7C0695,0x7C06A7,0x7C,0x0695,18,181fee3543e1dba08d3af26681748829096e443bca79a2a0e93fc48be9846e8e,True,UNAVAILABLE_HISTORICAL,"Accursed area
BGM",sound_mode_descriptions_s331.json,1,RIV-USE-SOUND_DESC-17,RIV-CONS-7255F9,False,75,NO_FLAG,NOT_VALIDATED_I03,NOT_VALIDATED_I03,NOT_EXECUTED_I03,SOURCE_LABEL_AVAILABLE,NOT_APPROVED_BY_CENSUS
RIV-TEXT-7C06B6,TEXT,0x7C06B6,0x7C06CA,0x7C,0x06B6,20,63abd46c02ac447160bc27fbb67bc42a6dfb82c0803b1e83f8f366891ab9004a,True,UNAVAILABLE_HISTORICAL,"Accursed
battle BGM",sound_mode_descriptions_s331.json,1,RIV-USE-SOUND_DESC-18,RIV-CONS-7255F9,False,57,NO_FLAG,NOT_VALIDATED_I03,NOT_VALIDATED_I03,NOT_EXECUTED_I03,SOURCE_LABEL_AVAILABLE,NOT_APPROVED_BY_CENSUS
RIV-TEXT-7C06D6,TEXT,0x7C06D6,0x7C06E8,0x7C,0x06D6,18,d1f0dd065a482c8885c76b2a1a9aaf13a85ce041845700187de17fe24c2499b3,True,UNAVAILABLE_HISTORICAL,"Hector battle
BGM",sound_mode_descriptions_s331.json,1,RIV-USE-SOUND_DESC-19,RIV-CONS-7255F9,False,75,NO_FLAG,NOT_VALIDATED_I03,NOT_VALIDATED_I03,NOT_EXECUTED_I03,SOURCE_LABEL_AVAILABLE,NOT_APPROVED_BY_CENSUS
RIV-TEXT-7C06F8,TEXT,0x7C06F8,0x7C070A,0x7C,0x06F8,18,a845857dcb629947b8179685e3cba62b6eec5574387b15f52d491e8deb841f89,True,UNAVAILABLE_HISTORICAL,"Seth Ra awake
BGM",sound_mode_descriptions_s331.json,1,RIV-USE-SOUND_DESC-20,RIV-CONS-7255F9,False,72,NO_FLAG,NOT_VALIDATED_I03,NOT_VALIDATED_I03,NOT_EXECUTED_I03,SOURCE_LABEL_AVAILABLE,NOT_APPROVED_BY_CENSUS
RIV-TEXT-7C071E,TEXT,0x7C071E,0x7C072F,0x7C,0x071E,17,e2ce1add70ab8148eadfa0ee8591b24cdb58856137494693c25c9504bc6b430a,True,UNAVAILABLE_HISTORICAL,"Final battle
BGM",sound_mode_descriptions_s331.json,1,RIV-USE-SOUND_DESC-21,RIV-CONS-7255F9,False,69,NO_FLAG,NOT_VALIDATED_I03,NOT_VALIDATED_I03,NOT_EXECUTED_I03,SOURCE_LABEL_AVAILABLE,NOT_APPROVED_BY_CENSUS
RIV-TEXT-7C073F,TEXT,0x7C073F,0x7C074B,0x7C,0x073F,12,075495abb451336a1232cfca3a0ab5f3bece9e659b7611de2b6aeb584114ebcd,True,UNAVAILABLE_HISTORICAL,"Victory
BGM",sound_mode_descriptions_s331.json,1,RIV-USE-SOUND_DESC-22,RIV-CONS-7255F9,False,42,NO_FLAG,NOT_VALIDATED_I03,NOT_VALIDATED_I03,NOT_EXECUTED_I03,SOURCE_LABEL_AVAILABLE,NOT_APPROVED_BY_CENSUS
RIV-TEXT-7C075C,TEXT,0x7C075C,0x7C0767,0x7C,0x075C,11,1a0096bc76dab765dbb98a4f78b675b4c915104b3ccb26109135fcca35e62d7a,True,UNAVAILABLE_HISTORICAL,"Defeat
BGM",sound_mode_descriptions_s331.json,1,RIV-USE-SOUND_DESC-23,RIV-CONS-7255F9,False,36,NO_FLAG,NOT_VALIDATED_I03,NOT_VALIDATED_I03,NOT_EXECUTED_I03,SOURCE_LABEL_AVAILABLE,NOT_APPROVED_BY_CENSUS
RIV-TEXT-7C077C,TEXT,0x7C077C,0x7C078A,0x7C,0x077C,14,9f6e8796da31ce8a129cb4179b2afe5f7910d3c7b357a99e04b6f79aea8b100a,True,UNAVAILABLE_HISTORICAL,"Fun scene
BGM",sound_mode_descriptions_s331.json,1,RIV-USE-SOUND_DESC-24,RIV-CONS-7255F9,False,51,NO_FLAG,NOT_VALIDATED_I03,NOT_VALIDATED_I03,NOT_EXECUTED_I03,SOURCE_LABEL_AVAILABLE,NOT_APPROVED_BY_CENSUS
RIV-TEXT-7C0799,TEXT,0x7C0799,0x7C07AB,0x7C,0x0799,18,68abe3cca99aa2a613a63f140821262ee3f6d1c633cdb3e5be8dbbb248272998,True,UNAVAILABLE_HISTORICAL,"Serious scene
BGM",sound_mode_descriptions_s331.json,1,RIV-USE-SOUND_DESC-25,RIV-CONS-7255F9,False,75,NO_FLAG,NOT_VALIDATED_I03,NOT_VALIDATED_I03,NOT_EXECUTED_I03,SOURCE_LABEL_AVAILABLE,NOT_APPROVED_BY_CENSUS
RIV-TEXT-7C07B6,TEXT,0x7C07B6,0x7C07C7,0x7C,0x07B6,17,b803f0bad3f32262b87490a6af09a9661daeb9caeb4dfbb575288e9450663302,True,UNAVAILABLE_HISTORICAL,"Danger scene
BGM",sound_mode_descriptions_s331.json,1,RIV-USE-SOUND_DESC-26,RIV-CONS-7255F9,False,69,NO_FLAG,NOT_VALIDATED_I03,NOT_VALIDATED_I03,NOT_EXECUTED_I03,SOURCE_LABEL_AVAILABLE,NOT_APPROVED_BY_CENSUS
RIV-TEXT-7C07D8,TEXT,0x7C07D8,0x7C07E5,0x7C,0x07D8,13,2859f8686672608599a922b967a2e5c80c623279eb9ea6ac01314564cfd44996,True,UNAVAILABLE_HISTORICAL,Ursula theme,sound_mode_descriptions_s331.json,1,RIV-USE-SOUND_DESC-27,RIV-CONS-7255F9,False,69,NO_FLAG,NOT_VALIDATED_I03,NOT_VALIDATED_I03,NOT_EXECUTED_I03,SOURCE_LABEL_AVAILABLE,NOT_APPROVED_BY_CENSUS
RIV-TEXT-7C07F6,TEXT,0x7C07F6,0x7C0803,0x7C,0x07F6,13,1f4b1f9096265e776d15ab85b20a0dea0493d97d5ef17e740d426b23282ff615,True,UNAVAILABLE_HISTORICAL,Hector theme,sound_mode_descriptions_s331.json,1,RIV-USE-SOUND_DESC-28,RIV-CONS-7255F9,False,69,NO_FLAG,NOT_VALIDATED_I03,NOT_VALIDATED_I03,NOT_EXECUTED_I03,SOURCE_LABEL_AVAILABLE,NOT_APPROVED_BY_CENSUS
RIV-TEXT-7C0815,TEXT,0x7C0815,0x7C0827,0x7C,0x0815,18,ed6f377246599b5ea7a2f2fee821f731abecb9c22dba17abcaee2ff97f438bd4,True,UNAVAILABLE_HISTORICAL,"Grim Angels
theme",sound_mode_descriptions_s331.json,1,RIV-USE-SOUND_DESC-29,RIV-CONS-7255F9,False,63,NO_FLAG,NOT_VALIDATED_I03,NOT_VALIDATED_I03,NOT_EXECUTED_I03,SOURCE_LABEL_AVAILABLE,NOT_APPROVED_BY_CENSUS
RIV-TEXT-7C083F,TEXT,0x7C083F,0x7C084B,0x7C,0x083F,12,b210eb513d4453637c6c98bb5b02147b113804c21e696bd44f9743c07a2a8f88,True,UNAVAILABLE_HISTORICAL,"Credits
BGM",sound_mode_descriptions_s331.json,1,RIV-USE-SOUND_DESC-30,RIV-CONS-7255F9,False,42,NO_FLAG,NOT_VALIDATED_I03,NOT_VALIDATED_I03,NOT_EXECUTED_I03,SOURCE_LABEL_AVAILABLE,NOT_APPROVED_BY_CENSUS
RIV-TEXT-7C0857,TEXT,0x7C0857,0x7C0864,0x7C,0x0857,13,f73696d00de1bb3f94c839ce979a0433546f8b48c9e4f4ffbd6a298596ecb02a,True,UNAVAILABLE_HISTORICAL,"Epilogue
BGM",sound_mode_descriptions_s331.json,1,RIV-USE-SOUND_DESC-31,RIV-CONS-7255F9,False,48,NO_FLAG,NOT_VALIDATED_I03,NOT_VALIDATED_I03,NOT_EXECUTED_I03,SOURCE_LABEL_AVAILABLE,NOT_APPROVED_BY_CENSUS
RIV-TEXT-7C0875,TEXT,0x7C0875,0x7C0888,0x7C,0x0875,19,4db6a7b06d2bf396d3124d4ba2be9f48ebae42cb859f4f4702de432ca94e84e4,True,UNAVAILABLE_HISTORICAL,"Riviera ending
BGM",sound_mode_descriptions_s331.json,1,RIV-USE-SOUND_DESC-32,RIV-CONS-7255F9,False,81,NO_FLAG,NOT_VALIDATED_I03,NOT_VALIDATED_I03,NOT_EXECUTED_I03,SOURCE_LABEL_AVAILABLE,NOT_APPROVED_BY_CENSUS
RIV-TEXT-7C089C,TEXT,0x7C089C,0x7C08AF,0x7C,0x089C,19,59980106271ffbe2cbf81cd5d28fd042705e96cf3690ca0122d241df3e9c1144,True,UNAVAILABLE_HISTORICAL,"AT input scene
BGM",sound_mode_descriptions_s331.json,1,RIV-USE-SOUND_DESC-33,RIV-CONS-7255F9,False,78,NO_FLAG,NOT_VALIDATED_I03,NOT_VALIDATED_I03,NOT_EXECUTED_I03,SOURCE_LABEL_AVAILABLE,NOT_APPROVED_BY_CENSUS
RIV-TEXT-7C08B9,TEXT,0x7C08B9,0x7C08C7,0x7C,0x08B9,14,704f20e9b7898285c95ae9e1e40630a627604d31dcc367bf209f800bf4e1685e,True,UNAVAILABLE_HISTORICAL,"Save Load
BGM",sound_mode_descriptions_s331.json,1,RIV-USE-SOUND_DESC-34,RIV-CONS-7255F9,False,51,NO_FLAG,NOT_VALIDATED_I03,NOT_VALIDATED_I03,NOT_EXECUTED_I03,SOURCE_LABEL_AVAILABLE,NOT_APPROVED_BY_CENSUS
RIV-TEXT-7C08D4,TEXT,0x7C08D4,0x7C08E5,0x7C,0x08D4,17,a10045f2a1a321e02debd5f854b8ad123d4e9965645968ee2d6ec4a3c4f1886a,True,UNAVAILABLE_HISTORICAL,"Hades battle
BGM",sound_mode_descriptions_s331.json,1,RIV-USE-SOUND_DESC-35,RIV-CONS-7255F9,False,69,NO_FLAG,NOT_VALIDATED_I03,NOT_VALIDATED_I03,NOT_EXECUTED_I03,SOURCE_LABEL_AVAILABLE,NOT_APPROVED_BY_CENSUS
RIV-TEXT-7C08F8,TEXT,0x7C08F8,0x7C0901,0x7C,0x08F8,9,d9d1fc0a49b0e1dfe00508bc9aac160371b28e993bb2c6f96d7e1a7608b4696e,True,UNAVAILABLE_HISTORICAL,I am Ein,face_collection_descriptions_s332.json,1,RIV-USE-FACE_DESC-0,RIV-CONS-7255F9,False,42,NO_FLAG,NOT_VALIDATED_I03,NOT_VALIDATED_I03,NOT_EXECUTED_I03,SOURCE_LABEL_AVAILABLE,NOT_APPROVED_BY_CENSUS
RIV-TEXT-7C0901,TEXT,0x7C0901,0x7C0915,0x7C,0x0901,20,fcaf52405a65d32fb37e5a26793cb9310db42c0e4b93cf5df76f0c30ce6b82f4,True,UNAVAILABLE_HISTORICAL,"All right
let us go",face_collection_descriptions_s332.json,1,RIV-USE-FACE_DESC-1,RIV-CONS-7255F9,False,51,NO_FLAG,NOT_VALIDATED_I03,NOT_VALIDATED_I03,NOT_EXECUTED_I03,SOURCE_LABEL_AVAILABLE,NOT_APPROVED_BY_CENSUS
RIV-TEXT-7C0915,TEXT,0x7C0915,0x7C0921,0x7C,0x0915,12,25f5b0b6c9982641eaa6927459a1291c0ebd9c036dd17c341e26fcf5d575374f,True,UNAVAILABLE_HISTORICAL,To Riviera!,face_collection_descriptions_s332.json,1,RIV-USE-FACE_DESC-2,RIV-CONS-7255F9,False,63,NO_FLAG,NOT_VALIDATED_I03,NOT_VALIDATED_I03,NOT_EXECUTED_I03,SOURCE_LABEL_AVAILABLE,NOT_APPROVED_BY_CENSUS
RIV-TEXT-7C0921,TEXT,0x7C0921,0x7C092E,0x7C,0x0921,13,f6c7cae69dccd43974083e28377be736487c9b7e0b244cb9326f9c6019139801,True,UNAVAILABLE_HISTORICAL,Stop it Rose,face_collection_descriptions_s332.json,1,RIV-USE-FACE_DESC-3,RIV-CONS-7255F9,False,66,NO_FLAG,NOT_VALIDATED_I03,NOT_VALIDATED_I03,NOT_EXECUTED_I03,SOURCE_LABEL_AVAILABLE,NOT_APPROVED_BY_CENSUS
RIV-TEXT-7C092E,TEXT,0x7C092E,0x7C093D,0x7C,0x092E,15,4ec2a0fd623602050a4e617976c45cf7933ceb0c7cd7cf659b88cec15607e2f4,True,UNAVAILABLE_HISTORICAL,What was that?,face_collection_descriptions_s332.json,1,RIV-USE-FACE_DESC-4,RIV-CONS-7255F9,False,78,NO_FLAG,NOT_VALIDATED_I03,NOT_VALIDATED_I03,NOT_EXECUTED_I03,SOURCE_LABEL_AVAILABLE,NOT_APPROVED_BY_CENSUS
RIV-TEXT-7C093D,TEXT,0x7C093D,0x7C094B,0x7C,0x093D,14,e989bd75bb88abe902bbda41cde94a699b37bc11df9e9c19c6b27a1701f58867,True,UNAVAILABLE_HISTORICAL,Thanks to you,face_collection_descriptions_s332.json,1,RIV-USE-FACE_DESC-5,RIV-CONS-7255F9,False,72,NO_FLAG,NOT_VALIDATED_I03,NOT_VALIDATED_I03,NOT_EXECUTED_I03,SOURCE_LABEL_AVAILABLE,NOT_APPROVED_BY_CENSUS
RIV-TEXT-7C094B,TEXT,0x7C094B,0x7C095A,0x7C,0x094B,15,cab86aadcf28eb012fb977f91c73283341b6df32a5543a17e9bc8f75a67efcc7,True,UNAVAILABLE_HISTORICAL,Give me power!,face_collection_descriptions_s332.json,1,RIV-USE-FACE_DESC-6,RIV-CONS-7255F9,False,78,NO_FLAG,NOT_VALIDATED_I03,NOT_VALIDATED_I03,NOT_EXECUTED_I03,SOURCE_LABEL_AVAILABLE,NOT_APPROVED_BY_CENSUS
RIV-TEXT-7C095A,TEXT,0x7C095A,0x7C095F,0x7C,0x095A,5,d2556bea324bd49489fd6cc63639173e4fd06a371d1b109b5e9a25289d679a1e,True,UNAVAILABLE_HISTORICAL,Ugh!,face_collection_descriptions_s332.json,1,RIV-USE-FACE_DESC-7,RIV-CONS-7255F9,False,24,NO_FLAG,NOT_VALIDATED_I03,NOT_VALIDATED_I03,NOT_EXECUTED_I03,SOURCE_LABEL_AVAILABLE,NOT_APPROVED_BY_CENSUS
RIV-TEXT-7C095F,TEXT,0x7C095F,0x7C096A,0x7C,0x095F,11,62720f5ab1f6695b68d9f038b5e00aee82f38498d1583643bb634f14b4b8d837,True,UNAVAILABLE_HISTORICAL,My destiny,face_collection_descriptions_s332.json,1,RIV-USE-FACE_DESC-8,RIV-CONS-7255F9,False,57,NO_FLAG,NOT_VALIDATED_I03,NOT_VALIDATED_I03,NOT_EXECUTED_I03,SOURCE_LABEL_AVAILABLE,NOT_APPROVED_BY_CENSUS
RIV-TEXT-7C096A,TEXT,0x7C096A,0x7C0978,0x7C,0x096A,14,fa9906fdd480c0fd8daa3a9384e0ee5897c03543fc8b445f18ecd9139b11d5e0,True,UNAVAILABLE_HISTORICAL,Need my help?,face_collection_descriptions_s332.json,1,RIV-USE-FACE_DESC-9,RIV-CONS-7255F9,False,72,NO_FLAG,NOT_VALIDATED_I03,NOT_VALIDATED_I03,NOT_EXECUTED_I03,SOURCE_LABEL_AVAILABLE,NOT_APPROVED_BY_CENSUS
RIV-TEXT-7C0978,TEXT,0x7C0978,0x7C098D,0x7C,0x0978,21,e378cf027350508e49de543fcf661b6c4b2c0de0da89fa4ef2127558f54dfadc,True,UNAVAILABLE_HISTORICAL,"Gateau!
You are safe",face_collection_descriptions_s332.json,1,RIV-USE-FACE_DESC-10,RIV-CONS-7255F9,False,66,NO_FLAG,NOT_VALIDATED_I03,NOT_VALIDATED_I03,NOT_EXECUTED_I03,SOURCE_LABEL_AVAILABLE,NOT_APPROVED_BY_CENSUS
RIV-TEXT-7C098D,TEXT,0x7C098D,0x7C0996,0x7C,0x098D,9,e23be062047248503d7107e77f606c23a2eb682eeac751c0e329f0bf4dc0e598,True,UNAVAILABLE_HISTORICAL,Too far!,face_collection_descriptions_s332.json,1,RIV-USE-FACE_DESC-11,RIV-CONS-7255F9,False,45,NO_FLAG,NOT_VALIDATED_I03,NOT_VALIDATED_I03,NOT_EXECUTED_I03,SOURCE_LABEL_AVAILABLE,NOT_APPROVED_BY_CENSUS
RIV-TEXT-7C0996,TEXT,0x7C0996,0x7C09A2,0x7C,0x0996,12,acbd3aa6f26fd6b60ad5b5189dc3636b26fc9c2efdeaa9d0dc84fb5aa99d1e0c,True,UNAVAILABLE_HISTORICAL,Poor Gateau,face_collection_descriptions_s332.json,1,RIV-USE-FACE_DESC-12,RIV-CONS-7255F9,False,63,NO_FLAG,NOT_VALIDATED_I03,NOT_VALIDATED_I03,NOT_EXECUTED_I03,SOURCE_LABEL_AVAILABLE,NOT_APPROVED_BY_CENSUS
RIV-TEXT-7C09A2,TEXT,0x7C09A2,0x7C09AE,0x7C,0x09A2,12,f5de8e56ab69e93066575ed2d7e12b79013432df0b06b93c942696e2610857f7,True,UNAVAILABLE_HISTORICAL,I am Cierra,face_collection_descriptions_s332.json,1,RIV-USE-FACE_DESC-13,RIV-CONS-7255F9,False,60,NO_FLAG,NOT_VALIDATED_I03,NOT_VALIDATED_I03,NOT_EXECUTED_I03,SOURCE_LABEL_AVAILABLE,NOT_APPROVED_BY_CENSUS
RIV-TEXT-7C09AE,TEXT,0x7C09AE,0x7C09BD,0x7C,0x09AE,15,54803f8e5ee71d5c01e94e48b0430e703a5df82b000916bc8e5c5da54770aa54,True,UNAVAILABLE_HISTORICAL,What a blunder,face_collection_descriptions_s332.json,1,RIV-USE-FACE_DESC-14,RIV-CONS-7255F9,False,78,NO_FLAG,NOT_VALIDATED_I03,NOT_VALIDATED_I03,NOT_EXECUTED_I03,SOURCE_LABEL_AVAILABLE,NOT_APPROVED_BY_CENSUS
RIV-TEXT-7C09BD,TEXT,0x7C09BD,0x7C09CC,0x7C,0x09BD,15,128c0cf316f8cb721740bc054866e48495d9e550ef40c549066245b437719ef3,True,UNAVAILABLE_HISTORICAL,Burn to ashes!,face_collection_descriptions_s332.json,1,RIV-USE-FACE_DESC-15,RIV-CONS-7255F9,False,78,NO_FLAG,NOT_VALIDATED_I03,NOT_VALIDATED_I03,NOT_EXECUTED_I03,SOURCE_LABEL_AVAILABLE,NOT_APPROVED_BY_CENSUS
RIV-TEXT-7C09CC,TEXT,0x7C09CC,0x7C09D6,0x7C,0x09CC,10,c3af6d87d1b97026dc5b86790fabd57761689e70a9d91c75155e1429d918fd9e,True,UNAVAILABLE_HISTORICAL,Diet time,face_collection_descriptions_s332.json,1,RIV-USE-FACE_DESC-16,RIV-CONS-7255F9,False,51,NO_FLAG,NOT_VALIDATED_I03,NOT_VALIDATED_I03,NOT_EXECUTED_I03,SOURCE_LABEL_AVAILABLE,NOT_APPROVED_BY_CENSUS
RIV-TEXT-7C09D6,TEXT,0x7C09D6,0x7C09E6,0x7C,0x09D6,16,cafa0f8b8f32da5a2dd6db91d5df9ad3411dc132b41cffadabd6fd5dd000e7b3,True,UNAVAILABLE_HISTORICAL,"I tried
to help",face_collection_descriptions_s332.json,1,RIV-USE-FACE_DESC-17,RIV-CONS-7255F9,False,39,NO_FLAG,NOT_VALIDATED_I03,NOT_VALIDATED_I03,NOT_EXECUTED_I03,SOURCE_LABEL_AVAILABLE,NOT_APPROVED_BY_CENSUS
RIV-TEXT-7C09E6,TEXT,0x7C09E6,0x7C09F7,0x7C,0x09E6,17,b19d1570345eef868346224bc2b809c1694b10a7e6e74b69b143c70b45ccce14,True,UNAVAILABLE_HISTORICAL,"Hope she is
safe",face_collection_descriptions_s332.json,1,RIV-USE-FACE_DESC-18,RIV-CONS-7255F9,False,60,NO_FLAG,NOT_VALIDATED_I03,NOT_VALIDATED_I03,NOT_EXECUTED_I03,SOURCE_LABEL_AVAILABLE,NOT_APPROVED_BY_CENSUS
RIV-TEXT-7C09F7,TEXT,0x7C09F7,0x7C0A13,0x7C,0x09F7,28,cf417816e1ad1008f0709a96dbe776ad33416e0db01f619887367a90b74ea78a,True,UNAVAILABLE_HISTORICAL,"Earth spirits
lend me power",face_collection_descriptions_s332.json,1,RIV-USE-FACE_DESC-19,RIV-CONS-7255F9,False,75,NO_FLAG,NOT_VALIDATED_I03,NOT_VALIDATED_I03,NOT_EXECUTED_I03,SOURCE_LABEL_AVAILABLE,NOT_APPROVED_BY_CENSUS
RIV-TEXT-7C0A13,TEXT,0x7C0A13,0x7C0A26,0x7C,0x0A13,19,0161ee0b80eff9ce21f4ecd4d2010c9a3296ee05850a71bcd293ffeecb95f029,True,UNAVAILABLE_HISTORICAL,"Need barrier
magic",face_collection_descriptions_s332.json,1,RIV-USE-FACE_DESC-20,RIV-CONS-7255F9,False,69,NO_FLAG,NOT_VALIDATED_I03,NOT_VALIDATED_I03,NOT_EXECUTED_I03,SOURCE_LABEL_AVAILABLE,NOT_APPROVED_BY_CENSUS
RIV-TEXT-7C0A26,TEXT,0x7C0A26,0x7C0A35,0x7C,0x0A26,15,f772345f8f537bef7e3e894c0d4ad4021cb5386c6bf58b19af2f185f350c8d1a,True,UNAVAILABLE_HISTORICAL,Smells so good,face_collection_descriptions_s332.json,1,RIV-USE-FACE_DESC-21,RIV-CONS-7255F9,False,78,NO_FLAG,NOT_VALIDATED_I03,NOT_VALIDATED_I03,NOT_EXECUTED_I03,SOURCE_LABEL_AVAILABLE,NOT_APPROVED_BY_CENSUS
RIV-TEXT-7C0A35,TEXT,0x7C0A35,0x7C0A41,0x7C,0x0A35,12,59dee0b1fb2cff0a12be5416f270bac83832554c06272a85ae2b1896a078d3ea,True,UNAVAILABLE_HISTORICAL,Do not look,face_collection_descriptions_s332.json,1,RIV-USE-FACE_DESC-22,RIV-CONS-7255F9,False,60,NO_FLAG,NOT_VALIDATED_I03,NOT_VALIDATED_I03,NOT_EXECUTED_I03,SOURCE_LABEL_AVAILABLE,NOT_APPROVED_BY_CENSUS
RIV-TEXT-7C0A41,TEXT,0x7C0A41,0x7C0A51,0x7C,0x0A41,16,c8c8fa572498424623a6ae1bbc20bd005cb1038c99551a18d982c22bff1caf54,True,UNAVAILABLE_HISTORICAL,"Something
is up",face_collection_descriptions_s332.json,1,RIV-USE-FACE_DESC-23,RIV-CONS-7255F9,False,54,NO_FLAG,NOT_VALIDATED_I03,NOT_VALIDATED_I03,NOT_EXECUTED_I03,SOURCE_LABEL_AVAILABLE,NOT_APPROVED_BY_CENSUS
RIV-TEXT-7C0A51,TEXT,0x7C0A51,0x7C0A5D,0x7C,0x0A51,12,fbcabd9f563f94af5b59744e22910eb4ace7ce3601827d0330383993f2c8f40c,True,UNAVAILABLE_HISTORICAL,Serene here,face_collection_descriptions_s332.json,1,RIV-USE-FACE_DESC-24,RIV-CONS-7255F9,False,63,NO_FLAG,NOT_VALIDATED_I03,NOT_VALIDATED_I03,NOT_EXECUTED_I03,SOURCE_LABEL_AVAILABLE,NOT_APPROVED_BY_CENSUS
RIV-TEXT-7C0A5D,TEXT,0x7C0A5D,0x7C0A6E,0x7C,0x0A5D,17,a0604fc3abee09ca8dafd6f276b657247c897a4691a4831abeb7c138be92a3f1,True,UNAVAILABLE_HISTORICAL,"Look out
Demons!",face_collection_descriptions_s332.json,1,RIV-USE-FACE_DESC-25,RIV-CONS-7255F9,False,45,NO_FLAG,NOT_VALIDATED_I03,NOT_VALIDATED_I03,NOT_EXECUTED_I03,SOURCE_LABEL_AVAILABLE,NOT_APPROVED_BY_CENSUS
RIV-TEXT-7C0A6E,TEXT,0x7C0A6E,0x7C0A7A,0x7C,0x0A6E,12,0e6421d03b6b6588523fb74047b1ce2ad6fca1da9e178f8069f7c0715968927f,True,UNAVAILABLE_HISTORICAL,Their souls,face_collection_descriptions_s332.json,1,RIV-USE-FACE_DESC-26,RIV-CONS-7255F9,False,63,NO_FLAG,NOT_VALIDATED_I03,NOT_VALIDATED_I03,NOT_EXECUTED_I03,SOURCE_LABEL_AVAILABLE,NOT_APPROVED_BY_CENSUS
RIV-TEXT-7C0A7A,TEXT,0x7C0A7A,0x7C0A82,0x7C,0x0A7A,8,e8faf8dd8bebad8c19ff0145e73a886248633106ca04dc7e41f9d5c883bbe441,True,UNAVAILABLE_HISTORICAL,Danger!,face_collection_descriptions_s332.json,1,RIV-USE-FACE_DESC-27,RIV-CONS-7255F9,False,42,NO_FLAG,NOT_VALIDATED_I03,NOT_VALIDATED_I03,NOT_EXECUTED_I03,SOURCE_LABEL_AVAILABLE,NOT_APPROVED_BY_CENSUS
RIV-TEXT-7C0A82,TEXT,0x7C0A82,0x7C0A8A,0x7C,0x0A82,8,5c2e14b487d77a937b202d757c8e8bfb002f5e73510613341c8832ade1000cc0,True,UNAVAILABLE_HISTORICAL,For me?,face_collection_descriptions_s332.json,1,RIV-USE-FACE_DESC-28,RIV-CONS-7255F9,False,39,NO_FLAG,NOT_VALIDATED_I03,NOT_VALIDATED_I03,NOT_EXECUTED_I03,SOURCE_LABEL_AVAILABLE,NOT_APPROVED_BY_CENSUS
RIV-TEXT-7C0A8A,TEXT,0x7C0A8A,0x7C0A98,0x7C,0x0A8A,14,09c56730d2cb197dcc61411cacf58d3986a33fee8330fbaad6187eb86660a04c,True,UNAVAILABLE_HISTORICAL,How dare you!,face_collection_descriptions_s332.json,1,RIV-USE-FACE_DESC-29,RIV-CONS-7255F9,False,72,NO_FLAG,NOT_VALIDATED_I03,NOT_VALIDATED_I03,NOT_EXECUTED_I03,SOURCE_LABEL_AVAILABLE,NOT_APPROVED_BY_CENSUS
RIV-TEXT-7C0A98,TEXT,0x7C0A98,0x7C0AA3,0x7C,0x0A98,11,1d5f9a5433ecd29f69346aef996592ad28c3ce677c2d28610b5d4b0d8e36f26a,True,UNAVAILABLE_HISTORICAL,No excuses,face_collection_descriptions_s332.json,1,RIV-USE-FACE_DESC-30,RIV-CONS-7255F9,False,57,NO_FLAG,NOT_VALIDATED_I03,NOT_VALIDATED_I03,NOT_EXECUTED_I03,SOURCE_LABEL_AVAILABLE,NOT_APPROVED_BY_CENSUS
RIV-TEXT-7C0AA3,TEXT,0x7C0AA3,0x7C0AAD,0x7C,0x0AA3,10,f15f3cf4c686fd6f3c2217d0b1614a8d5878c80f71e399fb5f63ae5ba48ac8ea,True,UNAVAILABLE_HISTORICAL,My wings!,face_collection_descriptions_s332.json,1,RIV-USE-FACE_DESC-31,RIV-CONS-7255F9,False,51,NO_FLAG,NOT_VALIDATED_I03,NOT_VALIDATED_I03,NOT_EXECUTED_I03,SOURCE_LABEL_AVAILABLE,NOT_APPROVED_BY_CENSUS
RIV-TEXT-7C0AAD,TEXT,0x7C0AAD,0x7C0AB9,0x7C,0x0AAD,12,a48d9f5e26c02310aec70da61c2d6899075ec904985a73c3105cbbdb87439c78,True,UNAVAILABLE_HISTORICAL,I was bored,face_collection_descriptions_s332.json,1,RIV-USE-FACE_DESC-32,RIV-CONS-7255F9,False,60,NO_FLAG,NOT_VALIDATED_I03,NOT_VALIDATED_I03,NOT_EXECUTED_I03,SOURCE_LABEL_AVAILABLE,NOT_APPROVED_BY_CENSUS
RIV-TEXT-7C0AB9,TEXT,0x7C0AB9,0x7C0AC8,0x7C,0x0AB9,15,0d2a724f5abc5899089b922a966b2c169cb4bfbcbe2e10fda97ef3c729fb95b5,True,UNAVAILABLE_HISTORICAL,Keep it simple,face_collection_descriptions_s332.json,1,RIV-USE-FACE_DESC-33,RIV-CONS-7255F9,False,78,NO_FLAG,NOT_VALIDATED_I03,NOT_VALIDATED_I03,NOT_EXECUTED_I03,SOURCE_LABEL_AVAILABLE,NOT_APPROVED_BY_CENSUS
RIV-TEXT-7C0AC8,TEXT,0x7C0AC8,0x7C0AD9,0x7C,0x0AC8,17,8c7e6ea97e01c65f2d9ab848c525472d29de01a5c14adaf10b3edbd451f5af49,True,UNAVAILABLE_HISTORICAL,"Friends are
nice",face_collection_descriptions_s332.json,1,RIV-USE-FACE_DESC-34,RIV-CONS-7255F9,False,63,NO_FLAG,NOT_VALIDATED_I03,NOT_VALIDATED_I03,NOT_EXECUTED_I03,SOURCE_LABEL_AVAILABLE,NOT_APPROVED_BY_CENSUS
RIV-TEXT-7C0AD9,TEXT,0x7C0AD9,0x7C0AE7,0x7C,0x0AD9,14,8ad65df634d35dbd2092234b36a7c10bfb58452ac856463da865e24b5e80b97e,True,UNAVAILABLE_HISTORICAL,Feels so good,face_collection_descriptions_s332.json,1,RIV-USE-FACE_DESC-35,RIV-CONS-7255F9,False,72,NO_FLAG,NOT_VALIDATED_I03,NOT_VALIDATED_I03,NOT_EXECUTED_I03,SOURCE_LABEL_AVAILABLE,NOT_APPROVED_BY_CENSUS
RIV-TEXT-7C0AE7,TEXT,0x7C0AE7,0x7C0AF4,0x7C,0x0AE7,13,555188f46cf3856756bd66d5a008b64d9ab0d2ae4ad38303e284f036b9772286,True,UNAVAILABLE_HISTORICAL,Ein pervert!,face_collection_descriptions_s332.json,1,RIV-USE-FACE_DESC-36,RIV-CONS-7255F9,False,69,NO_FLAG,NOT_VALIDATED_I03,NOT_VALIDATED_I03,NOT_EXECUTED_I03,SOURCE_LABEL_AVAILABLE,NOT_APPROVED_BY_CENSUS
RIV-TEXT-7C0AF4,TEXT,0x7C0AF4,0x7C0B0B,0x7C,0x0AF4,23,975b39fe3478c80a9f9523dcabd5b946a923632280c7ec695e02a963e8fcf4f9,True,UNAVAILABLE_HISTORICAL,"You came
for us right?",face_collection_descriptions_s332.json,1,RIV-USE-FACE_DESC-37,RIV-CONS-7255F9,False,72,NO_FLAG,NOT_VALIDATED_I03,NOT_VALIDATED_I03,NOT_EXECUTED_I03,SOURCE_LABEL_AVAILABLE,NOT_APPROVED_BY_CENSUS
RIV-TEXT-7C0B0B,TEXT,0x7C0B0B,0x7C0B16,0x7C,0x0B0B,11,cd5c2109920790dc978aa4db9ca7ed4c9ef2ac15b40073454f69c7b1f27b36e4,True,UNAVAILABLE_HISTORICAL,I am Lina!,face_collection_descriptions_s332.json,1,RIV-USE-FACE_DESC-38,RIV-CONS-7255F9,False,54,NO_FLAG,NOT_VALIDATED_I03,NOT_VALIDATED_I03,NOT_EXECUTED_I03,SOURCE_LABEL_AVAILABLE,NOT_APPROVED_BY_CENSUS
RIV-TEXT-7C0B16,TEXT,0x7C0B16,0x7C0B25,0x7C,0x0B16,15,d92bf7411fd9b1ad6d628d36f74867a373979c358973bd7d037dc81b5ea430f6,True,UNAVAILABLE_HISTORICAL,That is wrong!,face_collection_descriptions_s332.json,1,RIV-USE-FACE_DESC-39,RIV-CONS-7255F9,False,78,NO_FLAG,NOT_VALIDATED_I03,NOT_VALIDATED_I03,NOT_EXECUTED_I03,SOURCE_LABEL_AVAILABLE,NOT_APPROVED_BY_CENSUS
RIV-TEXT-7C0B25,TEXT,0x7C0B25,0x7C0B2D,0x7C,0x0B25,8,b7ded4feaeabdbde1f25d4406845bb170c0673a44341c4f1a76f2962796750bd,True,UNAVAILABLE_HISTORICAL,Really?,face_collection_descriptions_s332.json,1,RIV-USE-FACE_DESC-40,RIV-CONS-7255F9,False,42,NO_FLAG,NOT_VALIDATED_I03,NOT_VALIDATED_I03,NOT_EXECUTED_I03,SOURCE_LABEL_AVAILABLE,NOT_APPROVED_BY_CENSUS
RIV-TEXT-7C0B2D,TEXT,0x7C0B2D,0x7C0B37,0x7C,0x0B2D,10,b0a1e7fe865e7bf14781223dc7a2653960bf6d093d23a541da213e2d1237236b,True,UNAVAILABLE_HISTORICAL,Look out!,face_collection_descriptions_s332.json,1,RIV-USE-FACE_DESC-41,RIV-CONS-7255F9,False,51,NO_FLAG,NOT_VALIDATED_I03,NOT_VALIDATED_I03,NOT_EXECUTED_I03,SOURCE_LABEL_AVAILABLE,NOT_APPROVED_BY_CENSUS
RIV-TEXT-7C0B37,TEXT,0x7C0B37,0x7C0B43,0x7C,0x0B37,12,8283bfb029226b96155cae9b69a142df7f90547a62d6d1a2b155cfac8989aefc,True,UNAVAILABLE_HISTORICAL,I opened it,face_collection_descriptions_s332.json,1,RIV-USE-FACE_DESC-42,RIV-CONS-7255F9,False,60,NO_FLAG,NOT_VALIDATED_I03,NOT_VALIDATED_I03,NOT_EXECUTED_I03,SOURCE_LABEL_AVAILABLE,NOT_APPROVED_BY_CENSUS
RIV-TEXT-7C0B43,TEXT,0x7C0B43,0x7C0B50,0x7C,0x0B43,13,a6c376920f566a0dec9e350ece0a0b36017e8610f5e80bdd41b4af82bee4446a,True,UNAVAILABLE_HISTORICAL,Pretty Shot!,face_collection_descriptions_s332.json,1,RIV-USE-FACE_DESC-43,RIV-CONS-7255F9,False,69,NO_FLAG,NOT_VALIDATED_I03,NOT_VALIDATED_I03,NOT_EXECUTED_I03,SOURCE_LABEL_AVAILABLE,NOT_APPROVED_BY_CENSUS
RIV-TEXT-7C0B50,TEXT,0x7C0B50,0x7C0B61,0x7C,0x0B50,17,9eaf439628f49f3269133d2ca5ce3f602a32bde6f805039edb5fc7c0317693ee,True,UNAVAILABLE_HISTORICAL,"Wish I could
fly",face_collection_descriptions_s332.json,1,RIV-USE-FACE_DESC-44,RIV-CONS-7255F9,False,66,NO_FLAG,NOT_VALIDATED_I03,NOT_VALIDATED_I03,NOT_EXECUTED_I03,SOURCE_LABEL_AVAILABLE,NOT_APPROVED_BY_CENSUS
RIV-TEXT-7C0B61,TEXT,0x7C0B61,0x7C0B75,0x7C,0x0B61,20,39b9d61718cbc32b1ed20605386f0c8148e5c19949afc4ed70a310fc6d319108,True,UNAVAILABLE_HISTORICAL,"I hate icky
things!",face_collection_descriptions_s332.json,1,RIV-USE-FACE_DESC-45,RIV-CONS-7255F9,False,60,NO_FLAG,NOT_VALIDATED_I03,NOT_VALIDATED_I03,NOT_EXECUTED_I03,SOURCE_LABEL_AVAILABLE,NOT_APPROVED_BY_CENSUS
RIV-TEXT-7C0B75,TEXT,0x7C0B75,0x7C0B7B,0x7C,0x0B75,6,94d8f62026b138b2a4a21cad2c23bf29e635cef7c94c265604d2d86ae77a9fa2,True,UNAVAILABLE_HISTORICAL,Ouch!,face_collection_descriptions_s332.json,1,RIV-USE-FACE_DESC-46,RIV-CONS-7255F9,False,30,NO_FLAG,NOT_VALIDATED_I03,NOT_VALIDATED_I03,NOT_EXECUTED_I03,SOURCE_LABEL_AVAILABLE,NOT_APPROVED_BY_CENSUS
RIV-TEXT-7C0B7B,TEXT,0x7C0B7B,0x7C0B8F,0x7C,0x0B7B,20,995d547a306a48b3d4dcf067f89056e7476c0a155e6238f358ecd22e2281d36e,True,UNAVAILABLE_HISTORICAL,"You cannot
stop me!",face_collection_descriptions_s332.json,1,RIV-USE-FACE_DESC-47,RIV-CONS-7255F9,False,57,NO_FLAG,NOT_VALIDATED_I03,NOT_VALIDATED_I03,NOT_EXECUTED_I03,SOURCE_LABEL_AVAILABLE,NOT_APPROVED_BY_CENSUS
RIV-TEXT-7C0B8F,TEXT,0x7C0B8F,0x7C0B9C,0x7C,0x0B8F,13,246bb93145ddb8a345416782cb572780ac22eac21fcb020cbbf8a6ec2064d158,True,UNAVAILABLE_HISTORICAL,I want fruit,face_collection_descriptions_s332.json,1,RIV-USE-FACE_DESC-48,RIV-CONS-7255F9,False,66,NO_FLAG,NOT_VALIDATED_I03,NOT_VALIDATED_I03,NOT_EXECUTED_I03,SOURCE_LABEL_AVAILABLE,NOT_APPROVED_BY_CENSUS
RIV-TEXT-7C0B9C,TEXT,0x7C0B9C,0x7C0BAA,0x7C,0x0B9C,14,78d924164385fccc4dbee8f86a890168563a5e93cdf06a22ff0c562efd4781ed,True,UNAVAILABLE_HISTORICAL,Water is cold,face_collection_descriptions_s332.json,1,RIV-USE-FACE_DESC-49,RIV-CONS-7255F9,False,72,NO_FLAG,NOT_VALIDATED_I03,NOT_VALIDATED_I03,NOT_EXECUTED_I03,SOURCE_LABEL_AVAILABLE,NOT_APPROVED_BY_CENSUS
RIV-TEXT-7C0BAA,TEXT,0x7C0BAA,0x7C0BB7,0x7C,0x0BAA,13,555188f46cf3856756bd66d5a008b64d9ab0d2ae4ad38303e284f036b9772286,True,UNAVAILABLE_HISTORICAL,Ein pervert!,face_collection_descriptions_s332.json,1,RIV-USE-FACE_DESC-50,RIV-CONS-7255F9,False,69,NO_FLAG,NOT_VALIDATED_I03,NOT_VALIDATED_I03,NOT_EXECUTED_I03,SOURCE_LABEL_AVAILABLE,NOT_APPROVED_BY_CENSUS
RIV-TEXT-7C0BB7,TEXT,0x7C0BB7,0x7C0BC0,0x7C,0x0BB7,9,6ed760492aeb04df3d2d3e1a82f872f3c3498291fa2c12dcab0f16f31ec54a6c,True,UNAVAILABLE_HISTORICAL,I am Fia,face_collection_descriptions_s332.json,1,RIV-USE-FACE_DESC-51,RIV-CONS-7255F9,False,42,NO_FLAG,NOT_VALIDATED_I03,NOT_VALIDATED_I03,NOT_EXECUTED_I03,SOURCE_LABEL_AVAILABLE,NOT_APPROVED_BY_CENSUS
RIV-TEXT-7C0BC0,TEXT,0x7C0BC0,0x7C0BCE,0x7C,0x0BC0,14,e989bd75bb88abe902bbda41cde94a699b37bc11df9e9c19c6b27a1701f58867,True,UNAVAILABLE_HISTORICAL,Thanks to you,face_collection_descriptions_s332.json,1,RIV-USE-FACE_DESC-52,RIV-CONS-7255F9,False,72,NO_FLAG,NOT_VALIDATED_I03,NOT_VALIDATED_I03,NOT_EXECUTED_I03,SOURCE_LABEL_AVAILABLE,NOT_APPROVED_BY_CENSUS
RIV-TEXT-7C0BCE,TEXT,0x7C0BCE,0x7C0BD9,0x7C,0x0BCE,11,b40e252b1b808d7717de214dd52b4842e715da09bf30b4adf9ab293fbe08d230,True,UNAVAILABLE_HISTORICAL,I am upset,face_collection_descriptions_s332.json,1,RIV-USE-FACE_DESC-53,RIV-CONS-7255F9,False,54,NO_FLAG,NOT_VALIDATED_I03,NOT_VALIDATED_I03,NOT_EXECUTED_I03,SOURCE_LABEL_AVAILABLE,NOT_APPROVED_BY_CENSUS
RIV-TEXT-7C0BD9,TEXT,0x7C0BD9,0x7C0BE4,0x7C,0x0BD9,11,3be46b30b566a8fe29cc50b618d91474023b50b5d1c0cf28762341b7f4d5c332,True,UNAVAILABLE_HISTORICAL,I am sorry,face_collection_descriptions_s332.json,1,RIV-USE-FACE_DESC-54,RIV-CONS-7255F9,False,54,NO_FLAG,NOT_VALIDATED_I03,NOT_VALIDATED_I03,NOT_EXECUTED_I03,SOURCE_LABEL_AVAILABLE,NOT_APPROVED_BY_CENSUS
RIV-TEXT-7C0BE4,TEXT,0x7C0BE4,0x7C0BF8,0x7C,0x0BE4,20,92bef10db715cafd230751a00cae842e7d7e501215c0304e88140a3eccf50d50,True,UNAVAILABLE_HISTORICAL,"I cannot
believe it",face_collection_descriptions_s332.json,1,RIV-USE-FACE_DESC-55,RIV-CONS-7255F9,False,57,NO_FLAG,NOT_VALIDATED_I03,NOT_VALIDATED_I03,NOT_EXECUTED_I03,SOURCE_LABEL_AVAILABLE,NOT_APPROVED_BY_CENSUS
RIV-TEXT-7C0BF8,TEXT,0x7C0BF8,0x7C0C05,0x7C,0x0BF8,13,63800d35df8dc16b5664384532a8981bbd93a8690eaf8700fc6a01b19814b170,True,UNAVAILABLE_HISTORICAL,Saw nothing!,face_collection_descriptions_s332.json,1,RIV-USE-FACE_DESC-56,RIV-CONS-7255F9,False,69,NO_FLAG,NOT_VALIDATED_I03,NOT_VALIDATED_I03,NOT_EXECUTED_I03,SOURCE_LABEL_AVAILABLE,NOT_APPROVED_BY_CENSUS
RIV-TEXT-7C0C05,TEXT,0x7C0C05,0x7C0C14,0x7C,0x0C05,15,b3174e2c5fe55791e40ea8ffbc9785e4dee848bda1ce5ba517444caaefe498cc,True,UNAVAILABLE_HISTORICAL,We must fight!,face_collection_descriptions_s332.json,1,RIV-USE-FACE_DESC-57,RIV-CONS-7255F9,False,78,NO_FLAG,NOT_VALIDATED_I03,NOT_VALIDATED_I03,NOT_EXECUTED_I03,SOURCE_LABEL_AVAILABLE,NOT_APPROVED_BY_CENSUS
RIV-TEXT-7C0C14,TEXT,0x7C0C14,0x7C0C2C,0x7C,0x0C14,24,55d5daf02c87a2fb97d30a1122a07339c870335c2e72693e3e56b644a62afa1e,True,UNAVAILABLE_HISTORICAL,"Ein what
are you doing?",face_collection_descriptions_s332.json,1,RIV-USE-FACE_DESC-58,RIV-CONS-7255F9,False,78,NO_FLAG,NOT_VALIDATED_I03,NOT_VALIDATED_I03,NOT_EXECUTED_I03,SOURCE_LABEL_AVAILABLE,NOT_APPROVED_BY_CENSUS
RIV-TEXT-7C0C2C,TEXT,0x7C0C2C,0x7C0C3B,0x7C,0x0C2C,15,14a8e59b35c0e88d78f054ff30462995a0005532991a3a15ba24013bbfa6d63f,True,UNAVAILABLE_HISTORICAL,Too much power,face_collection_descriptions_s332.json,1,RIV-USE-FACE_DESC-59,RIV-CONS-7255F9,False,78,NO_FLAG,NOT_VALIDATED_I03,NOT_VALIDATED_I03,NOT_EXECUTED_I03,SOURCE_LABEL_AVAILABLE,NOT_APPROVED_BY_CENSUS
RIV-TEXT-7C0C3B,TEXT,0x7C0C3B,0x7C0C41,0x7C,0x0C3B,6,b73bd88593edd2e62215e49080a21caf64177caf924df4f7bf4d9d3748de641c,True,UNAVAILABLE_HISTORICAL,Whew!,face_collection_descriptions_s332.json,1,RIV-USE-FACE_DESC-60,RIV-CONS-7255F9,False,30,NO_FLAG,NOT_VALIDATED_I03,NOT_VALIDATED_I03,NOT_EXECUTED_I03,SOURCE_LABEL_AVAILABLE,NOT_APPROVED_BY_CENSUS
RIV-TEXT-7C0C41,TEXT,0x7C0C41,0x7C0C57,0x7C,0x0C41,22,e04062a06ddae06fc1f872952b95a5920220a83322d50e90318845c1674c0019,True,UNAVAILABLE_HISTORICAL,"I heard a
branch snap",face_collection_descriptions_s332.json,1,RIV-USE-FACE_DESC-61,RIV-CONS-7255F9,False,63,NO_FLAG,NOT_VALIDATED_I03,NOT_VALIDATED_I03,NOT_EXECUTED_I03,SOURCE_LABEL_AVAILABLE,NOT_APPROVED_BY_CENSUS
RIV-TEXT-7C0C57,TEXT,0x7C0C57,0x7C0C60,0x7C,0x0C57,9,ac5ca3ccc4c1527f539efa59b3e38f29373f96678b71c2f54bf1247578320c82,True,UNAVAILABLE_HISTORICAL,Trust us,face_collection_descriptions_s332.json,1,RIV-USE-FACE_DESC-62,RIV-CONS-7255F9,False,45,NO_FLAG,NOT_VALIDATED_I03,NOT_VALIDATED_I03,NOT_EXECUTED_I03,SOURCE_LABEL_AVAILABLE,NOT_APPROVED_BY_CENSUS
RIV-TEXT-7C0C60,TEXT,0x7C0C60,0x7C0C6D,0x7C,0x0C60,13,ceea9c2f41f2921a6e03bdc3bc1924394c96b0773ed24940078ae93b41c6a88f,True,UNAVAILABLE_HISTORICAL,Stop it Lina,face_collection_descriptions_s332.json,1,RIV-USE-FACE_DESC-63,RIV-CONS-7255F9,False,66,NO_FLAG,NOT_VALIDATED_I03,NOT_VALIDATED_I03,NOT_EXECUTED_I03,SOURCE_LABEL_AVAILABLE,NOT_APPROVED_BY_CENSUS
RIV-TEXT-7C0C6D,TEXT,0x7C0C6D,0x7C0C77,0x7C,0x0C6D,10,1e8e4d49ed57fad6da981d76cebca305ae5a0bf14f84d20e7a55749f447af823,True,UNAVAILABLE_HISTORICAL,Ahh! Ein!,face_collection_descriptions_s332.json,1,RIV-USE-FACE_DESC-64,RIV-CONS-7255F9,False,51,NO_FLAG,NOT_VALIDATED_I03,NOT_VALIDATED_I03,NOT_EXECUTED_I03,SOURCE_LABEL_AVAILABLE,NOT_APPROVED_BY_CENSUS
RIV-TEXT-7C0C77,TEXT,0x7C0C77,0x7C0C89,0x7C,0x0C77,18,4ed33f7c405a60274de6a8feaf45459c75e06deee3692264340030c5d8d8a295,True,UNAVAILABLE_HISTORICAL,"All turns to
dust",face_collection_descriptions_s332.json,1,RIV-USE-FACE_DESC-65,RIV-CONS-7255F9,False,66,NO_FLAG,NOT_VALIDATED_I03,NOT_VALIDATED_I03,NOT_EXECUTED_I03,SOURCE_LABEL_AVAILABLE,NOT_APPROVED_BY_CENSUS
RIV-TEXT-7C0C89,TEXT,0x7C0C89,0x7C0C9C,0x7C,0x0C89,19,8418ddad4312665eea66d081a66011d7681128ac407a8d606c09483190fe7321,True,UNAVAILABLE_HISTORICAL,"So this is
Riviera",face_collection_descriptions_s332.json,1,RIV-USE-FACE_DESC-66,RIV-CONS-7255F9,False,54,NO_FLAG,NOT_VALIDATED_I03,NOT_VALIDATED_I03,NOT_EXECUTED_I03,SOURCE_LABEL_AVAILABLE,NOT_APPROVED_BY_CENSUS
RIV-TEXT-7C0C9C,TEXT,0x7C0C9C,0x7C0CAB,0x7C,0x0C9C,15,2fe69ab6390563e4af52c325f76965595d65d3b2a5b2c95f36136f4ce818e4cd,True,UNAVAILABLE_HISTORICAL,What happened?,face_collection_descriptions_s332.json,1,RIV-USE-FACE_DESC-67,RIV-CONS-7255F9,False,81,NO_FLAG,NOT_VALIDATED_I03,NOT_VALIDATED_I03,NOT_EXECUTED_I03,SOURCE_LABEL_AVAILABLE,NOT_APPROVED_BY_CENSUS
RIV-TEXT-7C0CAB,TEXT,0x7C0CAB,0x7C0CBD,0x7C,0x0CAB,18,5553b027bcbc41dd31eca660e194e8ecf9ef377acae21554583ebbe05a8da9f6,True,UNAVAILABLE_HISTORICAL,"No time to
waste!",face_collection_descriptions_s332.json,1,RIV-USE-FACE_DESC-68,RIV-CONS-7255F9,False,54,NO_FLAG,NOT_VALIDATED_I03,NOT_VALIDATED_I03,NOT_EXECUTED_I03,SOURCE_LABEL_AVAILABLE,NOT_APPROVED_BY_CENSUS
RIV-TEXT-7C0CBD,TEXT,0x7C0CBD,0x7C0CD0,0x7C,0x0CBD,19,78f8dcb6defd0dca9e9aca99bc4e25d702db579cb7ac3072d7367bbfabb84ec9,True,UNAVAILABLE_HISTORICAL,"I am your
Familiar",face_collection_descriptions_s332.json,1,RIV-USE-FACE_DESC-69,RIV-CONS-7255F9,False,48,NO_FLAG,NOT_VALIDATED_I03,NOT_VALIDATED_I03,NOT_EXECUTED_I03,SOURCE_LABEL_AVAILABLE,NOT_APPROVED_BY_CENSUS
RIV-TEXT-7C0CD0,TEXT,0x7C0CD0,0x7C0CDB,0x7C,0x0CD0,11,8787eac0711774ca0604f7015c5c6e4a2b9f368c2a236fbc22a3df80f4a1a044,True,UNAVAILABLE_HISTORICAL,Need a nap,face_collection_descriptions_s332.json,1,RIV-USE-FACE_DESC-70,RIV-CONS-7255F9,False,54,NO_FLAG,NOT_VALIDATED_I03,NOT_VALIDATED_I03,NOT_EXECUTED_I03,SOURCE_LABEL_AVAILABLE,NOT_APPROVED_BY_CENSUS
RIV-TEXT-7C0CDB,TEXT,0x7C0CDB,0x7C0CE0,0x7C,0x0CDB,5,84e04a5173efbdc2c7234be944d0647e71792e92188f944a752897225f04a980,True,UNAVAILABLE_HISTORICAL,Ein!,face_collection_descriptions_s332.json,1,RIV-USE-FACE_DESC-71,RIV-CONS-7255F9,False,24,NO_FLAG,NOT_VALIDATED_I03,NOT_VALIDATED_I03,NOT_EXECUTED_I03,SOURCE_LABEL_AVAILABLE,NOT_APPROVED_BY_CENSUS
RIV-TEXT-7C0CE0,TEXT,0x7C0CE0,0x7C0CE9,0x7C,0x0CE0,9,3b58aeda17530b084ed626119f7a316777bc81a915d6d43e1ab11f98eae99328,True,UNAVAILABLE_HISTORICAL,Finally!,face_collection_descriptions_s332.json,1,RIV-USE-FACE_DESC-72,RIV-CONS-7255F9,False,48,NO_FLAG,NOT_VALIDATED_I03,NOT_VALIDATED_I03,NOT_EXECUTED_I03,SOURCE_LABEL_AVAILABLE,NOT_APPROVED_BY_CENSUS
RIV-TEXT-7C0CE9,TEXT,0x7C0CE9,0x7C0CFC,0x7C,0x0CE9,19,79381df32b4fd627d785a30e6480c2f4c12e4b7e94f0aa12c43972b337ae555b,True,UNAVAILABLE_HISTORICAL,"You cannot
escape!",face_collection_descriptions_s332.json,1,RIV-USE-FACE_DESC-73,RIV-CONS-7255F9,False,57,NO_FLAG,NOT_VALIDATED_I03,NOT_VALIDATED_I03,NOT_EXECUTED_I03,SOURCE_LABEL_AVAILABLE,NOT_APPROVED_BY_CENSUS
RIV-TEXT-7C0CFC,TEXT,0x7C0CFC,0x7C0D0E,0x7C,0x0CFC,18,649befa30f662e1221e4433355925bd9c6a6f3b5d4944688bd2b03e0719d293b,True,UNAVAILABLE_HISTORICAL,"Good!
More anger!",face_collection_descriptions_s332.json,1,RIV-USE-FACE_DESC-74,RIV-CONS-7255F9,False,63,NO_FLAG,NOT_VALIDATED_I03,NOT_VALIDATED_I03,NOT_EXECUTED_I03,SOURCE_LABEL_AVAILABLE,NOT_APPROVED_BY_CENSUS
RIV-TEXT-7C0D0E,TEXT,0x7C0D0E,0x7C0D22,0x7C,0x0D0E,20,addd3f2887dcd255a063ddab005c3829db2f8dc476891d7963ec389e40cf8344,True,UNAVAILABLE_HISTORICAL,"Give up!
I hunt you",face_collection_descriptions_s332.json,1,RIV-USE-FACE_DESC-75,RIV-CONS-7255F9,False,54,NO_FLAG,NOT_VALIDATED_I03,NOT_VALIDATED_I03,NOT_EXECUTED_I03,SOURCE_LABEL_AVAILABLE,NOT_APPROVED_BY_CENSUS
RIV-TEXT-7C0D22,TEXT,0x7C0D22,0x7C0D2D,0x7C,0x0D22,11,a55ed27e7cc98798036f12d34a5692fa8a541546cec82249c47addffa859173b,True,UNAVAILABLE_HISTORICAL,My Divine!,face_collection_descriptions_s332.json,1,RIV-USE-FACE_DESC-76,RIV-CONS-7255F9,False,57,NO_FLAG,NOT_VALIDATED_I03,NOT_VALIDATED_I03,NOT_EXECUTED_I03,SOURCE_LABEL_AVAILABLE,NOT_APPROVED_BY_CENSUS
RIV-TEXT-7C0D2D,TEXT,0x7C0D2D,0x7C0D3E,0x7C,0x0D2D,17,90ba91f3adb2687181713a828c07ee252c1b3326329b74d03c26265b556153e6,True,UNAVAILABLE_HISTORICAL,"Gods protect
you",face_collection_descriptions_s332.json,1,RIV-USE-FACE_DESC-77,RIV-CONS-7255F9,False,69,NO_FLAG,NOT_VALIDATED_I03,NOT_VALIDATED_I03,NOT_EXECUTED_I03,SOURCE_LABEL_AVAILABLE,NOT_APPROVED_BY_CENSUS
RIV-TEXT-7C0D3E,TEXT,0x7C0D3E,0x7C0D4C,0x7C,0x0D3E,14,d9fb2436d48af9bec7c8378a66fa5efc91497116e914fab0e536f2b37acc45c8,True,UNAVAILABLE_HISTORICAL,Guard Riviera,face_collection_descriptions_s332.json,1,RIV-USE-FACE_DESC-78,RIV-CONS-7255F9,False,75,NO_FLAG,NOT_VALIDATED_I03,NOT_VALIDATED_I03,NOT_EXECUTED_I03,SOURCE_LABEL_AVAILABLE,NOT_APPROVED_BY_CENSUS
RIV-TEXT-7C0D4C,TEXT,0x7C0D4C,0x7C0D5E,0x7C,0x0D4C,18,bcbf210d7cc0e03242114b5f9b4a0d636ba31c2c8ae4ed5a816693a8ce90c831,True,UNAVAILABLE_HISTORICAL,"Future of
Riviera",face_collection_descriptions_s332.json,1,RIV-USE-FACE_DESC-79,RIV-CONS-7255F9,False,51,NO_FLAG,NOT_VALIDATED_I03,NOT_VALIDATED_I03,NOT_EXECUTED_I03,SOURCE_LABEL_AVAILABLE,NOT_APPROVED_BY_CENSUS
RIV-TEXT-7C0D5E,TEXT,0x7C0D5E,0x7C0D78,0x7C,0x0D5E,26,933fc47e97a2888a73b2390e930b66fa6c157953622e003cbb7f7b084ca33d21,True,UNAVAILABLE_HISTORICAL,"Retribution
must not come",face_collection_descriptions_s332.json,1,RIV-USE-FACE_DESC-80,RIV-CONS-7255F9,False,72,NO_FLAG,NOT_VALIDATED_I03,NOT_VALIDATED_I03,NOT_EXECUTED_I03,SOURCE_LABEL_AVAILABLE,NOT_APPROVED_BY_CENSUS
RIV-TEXT-7C0D78,TEXT,0x7C0D78,0x7C0D86,0x7C,0x0D78,14,ab5b4578a6c3c4e1335052810a071d96cc1a08bd328d553a0053074679d70569,True,UNAVAILABLE_HISTORICAL,I want power!,face_collection_descriptions_s332.json,1,RIV-USE-FACE_DESC-81,RIV-CONS-7255F9,False,72,NO_FLAG,NOT_VALIDATED_I03,NOT_VALIDATED_I03,NOT_EXECUTED_I03,SOURCE_LABEL_AVAILABLE,NOT_APPROVED_BY_CENSUS
RIV-TEXT-7C0D86,TEXT,0x7C0D86,0x7C0D8A,0x7C,0x0D86,4,96a15ca9a5b4db7747bf2f6de984940b2890a4dabdaff27f0699ebcc81089bf3,True,UNAVAILABLE_HISTORICAL,Ah!,face_collection_descriptions_s332.json,1,RIV-USE-FACE_DESC-82,RIV-CONS-7255F9,False,18,NO_FLAG,NOT_VALIDATED_I03,NOT_VALIDATED_I03,NOT_EXECUTED_I03,SOURCE_LABEL_AVAILABLE,NOT_APPROVED_BY_CENSUS
RIV-TEXT-7C0D8A,TEXT,0x7C0D8A,0x7C0D98,0x7C,0x0D8A,14,f3539988b36fd7369998f5579740120b6b0db32eef78d3bda1cfa6a5430978c0,True,UNAVAILABLE_HISTORICAL,Pass judgment,face_collection_descriptions_s332.json,1,RIV-USE-FACE_DESC-83,RIV-CONS-7255F9,False,75,NO_FLAG,NOT_VALIDATED_I03,NOT_VALIDATED_I03,NOT_EXECUTED_I03,SOURCE_LABEL_AVAILABLE,NOT_APPROVED_BY_CENSUS
RIV-TEXT-7C0D98,TEXT,0x7C0D98,0x7C0DAE,0x7C,0x0D98,22,7991b2edec2efed8c7b6a5b41789f8adfd2e22b83063a0f7cac60347cf146849,True,UNAVAILABLE_HISTORICAL,"This power
feels good",face_collection_descriptions_s332.json,1,RIV-USE-FACE_DESC-84,RIV-CONS-7255F9,False,57,NO_FLAG,NOT_VALIDATED_I03,NOT_VALIDATED_I03,NOT_EXECUTED_I03,SOURCE_LABEL_AVAILABLE,NOT_APPROVED_BY_CENSUS
RIV-TEXT-7C0DAE,TEXT,0x7C0DAE,0x7C0DB8,0x7C,0x0DAE,10,591c77b2238c31ee62bac0aae5842998e31e5dd4f657f2252e6b14e87886b1a4,True,UNAVAILABLE_HISTORICAL,An angel?,face_collection_descriptions_s332.json,1,RIV-USE-FACE_DESC-85,RIV-CONS-7255F9,False,51,NO_FLAG,NOT_VALIDATED_I03,NOT_VALIDATED_I03,NOT_EXECUTED_I03,SOURCE_LABEL_AVAILABLE,NOT_APPROVED_BY_CENSUS
RIV-TEXT-7C0DB8,TEXT,0x7C0DB8,0x7C0DBC,0x7C,0x0DB8,4,b160c713e7d06cfde913770b72103a857d5766b2a8b4461f5ffe2179e2768220,True,UNAVAILABLE_HISTORICAL,Ein,face_collection_descriptions_s332.json,1,RIV-USE-FACE_DESC-86,RIV-CONS-7255F9,False,18,NO_FLAG,NOT_VALIDATED_I03,NOT_VALIDATED_I03,NOT_EXECUTED_I03,SOURCE_LABEL_AVAILABLE,NOT_APPROVED_BY_CENSUS
RIV-TEXT-7C0DBC,TEXT,0x7C0DBC,0x7C0DCF,0x7C,0x0DBC,19,124b81cb17d8122995064c5fa085b54a1070bf3be0bc3b13fde6a992e33b5573,True,UNAVAILABLE_HISTORICAL,"Winds are
changing",face_collection_descriptions_s332.json,1,RIV-USE-FACE_DESC-87,RIV-CONS-7255F9,False,51,NO_FLAG,NOT_VALIDATED_I03,NOT_VALIDATED_I03,NOT_EXECUTED_I03,SOURCE_LABEL_AVAILABLE,NOT_APPROVED_BY_CENSUS
RIV-TEXT-7C0DCF,TEXT,0x7C0DCF,0x7C0DDE,0x7C,0x0DCF,15,ca2f279c0ea69b662f5596f94a05fb5189131501ca7d4196c29de145cbff746a,True,UNAVAILABLE_HISTORICAL,I know nothing,face_collection_descriptions_s332.json,1,RIV-USE-FACE_DESC-88,RIV-CONS-7255F9,False,78,NO_FLAG,NOT_VALIDATED_I03,NOT_VALIDATED_I03,NOT_EXECUTED_I03,SOURCE_LABEL_AVAILABLE,NOT_APPROVED_BY_CENSUS
RIV-TEXT-7C0DDE,TEXT,0x7C0DDE,0x7C0DEF,0x7C,0x0DDE,17,bb7efac92d98d49bdc630ed5001ec60dfabf81d98b4beeeb54647dc5a296cfd8,True,UNAVAILABLE_HISTORICAL,"A stray?
Oh well",face_collection_descriptions_s332.json,1,RIV-USE-FACE_DESC-89,RIV-CONS-7255F9,False,45,NO_FLAG,NOT_VALIDATED_I03,NOT_VALIDATED_I03,NOT_EXECUTED_I03,SOURCE_LABEL_AVAILABLE,NOT_APPROVED_BY_CENSUS
RIV-TEXT-7C0DEF,TEXT,0x7C0DEF,0x7C0E01,0x7C,0x0DEF,18,786983424bae892cb89c9f91065887fd5a7ac7813c4311f26861ac52dfc09a81,True,UNAVAILABLE_HISTORICAL,"Need a magic
book",face_collection_descriptions_s332.json,1,RIV-USE-FACE_DESC-90,RIV-CONS-7255F9,False,66,NO_FLAG,NOT_VALIDATED_I03,NOT_VALIDATED_I03,NOT_EXECUTED_I03,SOURCE_LABEL_AVAILABLE,NOT_APPROVED_BY_CENSUS
RIV-TEXT-7C0E01,TEXT,0x7C0E01,0x7C0E12,0x7C,0x0E01,17,fc9ccb657e79ad40b9c3813ac006b533e10c176701584666d72aaa63d121e537,True,UNAVAILABLE_HISTORICAL,"Translation
done",face_collection_descriptions_s332.json,1,RIV-USE-FACE_DESC-91,RIV-CONS-7255F9,False,66,NO_FLAG,NOT_VALIDATED_I03,NOT_VALIDATED_I03,NOT_EXECUTED_I03,SOURCE_LABEL_AVAILABLE,NOT_APPROVED_BY_CENSUS
RIV-TEXT-7C0E12,TEXT,0x7C0E12,0x7C0E21,0x7C,0x0E12,15,444160e2bee7219bb59199f8273edff0b22f732a7a8f51b603e8eb694bbaeb36,True,UNAVAILABLE_HISTORICAL,A rare crystal,face_collection_descriptions_s332.json,1,RIV-USE-FACE_DESC-92,RIV-CONS-7255F9,False,78,NO_FLAG,NOT_VALIDATED_I03,NOT_VALIDATED_I03,NOT_EXECUTED_I03,SOURCE_LABEL_AVAILABLE,NOT_APPROVED_BY_CENSUS
RIV-TEXT-7C0E21,TEXT,0x7C0E21,0x7C0E35,0x7C,0x0E21,20,fd57650bdc0fa47256d2886fa41b3e544362a1662f8154452d736f5ae2907671,True,UNAVAILABLE_HISTORICAL,"Not normal
are you?",face_collection_descriptions_s332.json,1,RIV-USE-FACE_DESC-93,RIV-CONS-7255F9,False,57,NO_FLAG,NOT_VALIDATED_I03,NOT_VALIDATED_I03,NOT_EXECUTED_I03,SOURCE_LABEL_AVAILABLE,NOT_APPROVED_BY_CENSUS
RIV-TEXT-7C0E35,TEXT,0x7C0E35,0x7C0E49,0x7C,0x0E35,20,4a5055112eef233836f556e68e30db9e9162ae2dbc924ada9625160faacb874a,True,UNAVAILABLE_HISTORICAL,"Great place
to live",face_collection_descriptions_s332.json,1,RIV-USE-FACE_DESC-94,RIV-CONS-7255F9,False,63,NO_FLAG,NOT_VALIDATED_I03,NOT_VALIDATED_I03,NOT_EXECUTED_I03,SOURCE_LABEL_AVAILABLE,NOT_APPROVED_BY_CENSUS
RIV-TEXT-7C0E49,TEXT,0x7C0E49,0x7C0E5D,0x7C,0x0E49,20,7da2139e17383a0fcfeea1791ecdef2049244df9d4a3b1a3520b568d1c3ef125,True,UNAVAILABLE_HISTORICAL,"Nice to have
a home",face_collection_descriptions_s332.json,1,RIV-USE-FACE_DESC-95,RIV-CONS-7255F9,False,66,NO_FLAG,NOT_VALIDATED_I03,NOT_VALIDATED_I03,NOT_EXECUTED_I03,SOURCE_LABEL_AVAILABLE,NOT_APPROVED_BY_CENSUS
RIV-TEXT-7C0E5D,TEXT,0x7C0E5D,0x7C0E6C,0x7C,0x0E5D,15,492841762efd2060f1879a14f53a7a999b9600afa6f07d599617675d96147a9e,True,UNAVAILABLE_HISTORICAL,Guard Elendia!,face_collection_descriptions_s332.json,1,RIV-USE-FACE_DESC-96,RIV-CONS-7255F9,False,81,NO_FLAG,NOT_VALIDATED_I03,NOT_VALIDATED_I03,NOT_EXECUTED_I03,SOURCE_LABEL_AVAILABLE,NOT_APPROVED_BY_CENSUS
RIV-TEXT-7C0E6C,TEXT,0x7C0E6C,0x7C0E75,0x7C,0x0E6C,9,fbd0781e727abfbf0ee29924b8d3438a72864f4cc9447feeba9c48f241cbea40,True,UNAVAILABLE_HISTORICAL,So cool!,face_collection_descriptions_s332.json,1,RIV-USE-FACE_DESC-97,RIV-CONS-7255F9,False,45,NO_FLAG,NOT_VALIDATED_I03,NOT_VALIDATED_I03,NOT_EXECUTED_I03,SOURCE_LABEL_AVAILABLE,NOT_APPROVED_BY_CENSUS
RIV-TEXT-7C0E75,TEXT,0x7C0E75,0x7C0E8C,0x7C,0x0E75,23,bfaad5846041b8bcc354855ec547f612b8ed4c2a8b685413bdacc3d159eeda87,True,UNAVAILABLE_HISTORICAL,"I will guard
the Elder",face_collection_descriptions_s332.json,1,RIV-USE-FACE_DESC-98,RIV-CONS-7255F9,False,66,NO_FLAG,NOT_VALIDATED_I03,NOT_VALIDATED_I03,NOT_EXECUTED_I03,SOURCE_LABEL_AVAILABLE,NOT_APPROVED_BY_CENSUS
RIV-TEXT-7C0E8C,TEXT,0x7C0E8C,0x7C0EA4,0x7C,0x0E8C,24,d066efa64e355440602bf68f8c09d896f8008441069ff1f2cd55973df4a1a138,True,UNAVAILABLE_HISTORICAL,"Blacksmiths
need money!",face_collection_descriptions_s332.json,1,RIV-USE-FACE_DESC-99,RIV-CONS-7255F9,False,66,NO_FLAG,NOT_VALIDATED_I03,NOT_VALIDATED_I03,NOT_EXECUTED_I03,SOURCE_LABEL_AVAILABLE,NOT_APPROVED_BY_CENSUS
RIV-TEXT-7FB000,TEXT,0x7FB000,0x7FB011,0x7F,0xB000,17,1be67b95c752c6c0c49a10e2df0520df5c5eb3ecd411e8ce064720fcb4ac1e21,True,UNAVAILABLE_HISTORICAL,2-1 Form.,TEAM_TRANSLATIONS.json,1,RIV-USE-TEAM-TEAM-FORM-21,RIV-CONS-74143A;RIV-CONS-741456,False,51,NO_FLAG,NOT_VALIDATED_I03,NOT_VALIDATED_I03,NOT_EXECUTED_I03,SOURCE_LABEL_AVAILABLE,NOT_APPROVED_BY_CENSUS
RIV-TEXT-7FB040,TEXT,0x7FB040,0x7FB051,0x7F,0xB040,17,51c58d567509d0e0a7995e7b213354069e92eb6ca7607c6060ef610cf7745f3a,True,UNAVAILABLE_HISTORICAL,1-2 Form.,TEAM_TRANSLATIONS.json,1,RIV-USE-TEAM-TEAM-FORM-12,RIV-CONS-74143A;RIV-CONS-741456,False,51,NO_FLAG,NOT_VALIDATED_I03,NOT_VALIDATED_I03,NOT_EXECUTED_I03,SOURCE_LABEL_AVAILABLE,NOT_APPROVED_BY_CENSUS
