------------------------------
Color supported: Yes
Save RAM size: 32 KB
Cart EEPROM size: 0 bytes
Mapper: Bandai 2001 / KARNAK
------------------------------
[WS] Uninitialized memory read: $00107
[WS] Uninitialized memory read: $00116
[WS] Uninitialized memory read: $00121
[WS] Uninitialized memory read: $0013B
[WS] Uninitialized memory read: $00117
[WS] Uninitialized memory read: $0013D
[WS] Uninitialized memory read: $00108
[WS] Uninitialized memory read: $0013F
[WS] Uninitialized memory read: $00130
[WS] Uninitialized memory read: $00109
[WS] Uninitialized memory read: $00118
[WS] Uninitialized memory read: $00132
[WS] Uninitialized memory read: $0118C
[WS] Uninitialized memory read: $0126A
[WS] Uninitialized memory read: $00134
[WS] Uninitialized memory read: $0010A
[WS] Uninitialized memory read: $00136
[WS] Uninitialized memory read: $00119
[WS] Uninitialized memory read: $00138
[WS] Uninitialized memory read: $0010B
[WS] Uninitialized memory read: $00139
[WS] Uninitialized memory read: $0011A
[WS] Uninitialized memory read: $0010C
[WS] Uninitialized memory read: $00122
[WS] Uninitialized memory read: $0010D
[WS] Uninitialized memory read: $0011B
[WS] Uninitialized memory read: $0010E
[WS] Uninitialized memory read: $0011C
[WS] Uninitialized memory read: $0010F
[WS] Uninitialized memory read: $0011D
[WS] Uninitialized memory read: $00100
[WS] Uninitialized memory read: $0011E
[WS] Uninitialized memory read: $00101
[WS] Uninitialized memory read: $0011F
[WS] Uninitialized memory read: $00102
[WS] Uninitialized memory read: $00103
[WS] Uninitialized memory read: $00110
[WS] Uninitialized memory read: $00123
[WS] Uninitialized memory read: $00104
[WS] Uninitialized memory read: $00111
[WS] Uninitialized memory read: $00105
[WS] Uninitialized memory read: $00112
[WS] Uninitialized memory read: $00106
[WS] Uninitialized memory read: $00113
[WS] Uninitialized memory read: $00114
[WS] Uninitialized memory read: $00115
[WS] Uninitialized memory read: $00124
[WS] Uninitialized memory read: $00125
[WS] Uninitialized memory read: $002CA
[WS] Uninitialized memory read: $00BA0
[WS] Uninitialized memory read: $00126
[WS] Uninitialized memory read: $0CE46
[WS] Uninitialized memory read: $0D994
[WS] Uninitialized memory read: $00127
[WS] Uninitialized memory read: $00128
[WS] Uninitialized memory read: $00129
[WS] Uninitialized memory read: $0012A
[WS] Uninitialized memory read: $0012B
[WS] Uninitialized memory read: $00098
[WS] Uninitialized memory read: $0009A
[WS] Uninitialized memory read: $00288
[WS] Uninitialized memory read: $00315
[WS] Uninitialized memory read: $002CC
[WS] Uninitialized memory read: $00367
[WS] Uninitialized memory read: $0012C
[WS] Uninitialized memory read: $0013A
[WS] Uninitialized memory read: $0013C
[WS] Uninitialized memory read: $0013E
[WS] Uninitialized memory read: $00131
[WS] Uninitialized memory read: $00133
[WS] Uninitialized memory read: $00135
[WS] Uninitialized memory read: $00137
[WS] Uninitialized memory read: $0012D
[WS] Uninitialized memory read: $0026D
[WS] Uninitialized memory read: $00170
[WS] Uninitialized memory read: $00168
[WS] Uninitialized memory read: $00160
[WS] Uninitialized memory read: $001C4
[WS] Uninitialized memory read: $0012E
[WS] Uninitialized memory read: $001DC
[WS] Uninitialized memory read: $001CC
[WS] Uninitialized memory read: $001B4
[WS] Uninitialized memory read: $00178
[WS] Uninitialized memory read: $00264
[WS] Uninitialized memory read: $00268
[WS] Uninitialized memory read: $001EC
[WS] Uninitialized memory read: $001FC
[WS] Uninitialized memory read: $001F4
[WS] Uninitialized memory read: $00204
[WS] Uninitialized memory read: $00254
[WS] Uninitialized memory read: $00234
[WS] Uninitialized memory read: $0024C
[WS] Uninitialized memory read: $0023C
[WS] Uninitialized memory read: $00188
[WS] Uninitialized memory read: $0021C
[WS] Uninitialized memory read: $00214
[WS] Uninitialized memory read: $00224
[WS] Uninitialized memory read: $00174
[WS] Uninitialized memory read: $001A8
[WS] Uninitialized memory read: $001B0
[WS] Uninitialized memory read: $00263
[WS] Uninitialized memory read: $00171
[WS] Uninitialized memory read: $00169
[WS] Uninitialized memory read: $0027A
[WS] Uninitialized memory read: $00161
[WS] Uninitialized memory read: $001C5
[WS] Uninitialized memory read: $001D5
[WS] Uninitialized memory read: $001CD
[WS] Uninitialized memory read: $001DD
[WS] Uninitialized memory read: $001B5
[WS] Uninitialized memory read: $00179
[WS] Uninitialized memory read: $001ED
[WS] Uninitialized memory read: $00205
[WS] Uninitialized memory read: $001F5
[WS] Uninitialized memory read: $0012F
[WS] Uninitialized memory read: $00255
[WS] Uninitialized memory read: $00235
[WS] Uninitialized memory read: $0024D
[WS] Uninitialized memory read: $0023D
[WS] Uninitialized memory read: $0018A
[WS] Uninitialized memory read: $0021D
[WS] Uninitialized memory read: $00215
[WS] Uninitialized memory read: $00225
[WS] Uninitialized memory read: $00175
[WS] Uninitialized memory read: $001A9
[WS] Uninitialized memory read: $001B1
[WS] Uninitialized memory read: $00181
[WS] Uninitialized memory read: $00172
[WS] Uninitialized memory read: $0016A
[WS] Uninitialized memory read: $00162
[WS] Uninitialized memory read: $001C6
[WS] Uninitialized memory read: $001DE
[WS] Uninitialized memory read: $001CE
[WS] Uninitialized memory read: $001B6
[WS] Uninitialized memory read: $0017A
[WS] Uninitialized memory read: $001EE
[WS] Uninitialized memory read: $00206
[WS] Uninitialized memory read: $001F6
[WS] Uninitialized memory read: $00256
[WS] Uninitialized memory read: $00236
[WS] Uninitialized memory read: $0024E
[WS] Uninitialized memory read: $0023E
[WS] Uninitialized memory read: $0018C
[WS] Uninitialized memory read: $0021E
[WS] Uninitialized memory read: $0019C
[WS] Uninitialized memory read: $00176
[WS] Uninitialized memory read: $001AA
[WS] Uninitialized memory read: $001B2
[WS] Uninitialized memory read: $00173
[WS] Uninitialized memory read: $0016B
[WS] Uninitialized memory read: $00163
[WS] Uninitialized memory read: $001C7
[WS] Uninitialized memory read: $001E7
[WS] Uninitialized memory read: $00120
[WS] Uninitialized memory read: $0017B
[WS] Uninitialized memory read: $001EF
[WS] Uninitialized memory read: $0020F
[WS] Uninitialized memory read: $00257
[WS] Uninitialized memory read: $00237
[WS] Uninitialized memory read: $0024F
[WS] Uninitialized memory read: $0023F
[WS] Uninitialized memory read: $0018E
[WS] Uninitialized memory read: $0021F
[WS] Uninitialized memory read: $0019E
[WS] Uninitialized memory read: $00177
[WS] Uninitialized memory read: $0016F
[WS] Uninitialized memory read: $0014E
[WS] Uninitialized memory read: $0015E
[WS] Uninitialized memory read: $00167
[WS] Uninitialized memory read: $0017F
[WS] Uninitialized memory read: $0025B
[WS] Uninitialized memory read: $0023B
[WS] Uninitialized memory read: $00253
[WS] Uninitialized memory read: $00243
[WS] Uninitialized memory read: $0021B
[WS] Uninitialized memory read: $001AF
[WS] Uninitialized memory read: $001B3
[WS] Uninitialized memory read: $00187
[WS] Uninitialized memory read: $0026F
[WS] Uninitialized memory read: $00267
[WS] Uninitialized memory read: $0026B
[WS] Uninitialized memory read: $0027B
[WS] Uninitialized memory read: $0CE38
[WS] Uninitialized memory read: $00318
[WS] Uninitialized memory read: $00198
[WS] Uninitialized memory read: $0019A
[WS] Uninitialized memory read: $002FE
[WS] Uninitialized memory read: $0C07E
[WS] Uninitialized memory read: $0C0A8
[WS] Uninitialized memory read: $0C0D2
[WS] Uninitialized memory read: $0C0FC
[WS] Uninitialized memory read: $0C126
[WS] Uninitialized memory read: $0C150
[WS] Uninitialized memory read: $0C17A
[WS] Uninitialized memory read: $0FD68
[WS] Uninitialized memory read: $0FD6A
[WS] Uninitialized memory read: $0FD6C
[WS] Uninitialized memory read: $0FD6E
[WS] Uninitialized memory read: $01624
[WS] Uninitialized memory read: $00F8E
[WS] Uninitialized memory read: $00F92
[WS] Uninitialized memory read: $01194
[WS] Uninitialized memory read: $00F88
[WS] Uninitialized memory read: $00F94
[WS] Uninitialized memory read: $011BE
[WS] Uninitialized memory read: $00F96
[WS] Uninitialized memory read: $011E8
[WS] Uninitialized memory read: $00F98
[WS] Uninitialized memory read: $01140
[WS] Uninitialized memory read: $0FD70
[WS] Uninitialized memory read: $0FD72
[WS] Uninitialized memory read: $0158E
[WS] Uninitialized memory read: $0FD74
[WS] Uninitialized memory read: $00FA4
[WS] Uninitialized memory read: $0FD76
[WS] Uninitialized memory read: $0FD78
[WS] Uninitialized memory read: $0FD7A
[WS] Uninitialized memory read: $0C0AA
[WS] Uninitialized memory read: $0158C
[WS] Uninitialized memory read: $0C0C8
[WS] Uninitialized memory read: $01280
[WS] Uninitialized memory read: $0C0CC
[WS] Uninitialized memory read: $0C0D4
[WS] Uninitialized memory read: $0C0F2
[WS] Uninitialized memory read: $0130A
[WS] Uninitialized memory read: $01320
[WS] Uninitialized memory read: $0C0FE
[WS] Uninitialized memory read: $0C125
[WS] Uninitialized memory read: $0C10E
[WS] Uninitialized memory read: $0C10C
[WS] Uninitialized memory read: $0C128
[WS] Uninitialized memory read: $0C14F
[WS] Uninitialized memory read: $0C138
[WS] Uninitialized memory read: $002F6
[WS] Uninitialized memory read: $0C136
[WS] Uninitialized memory read: $0C152
[WS] Uninitialized memory read: $0C179
[WS] Uninitialized memory read: $0C162
[WS] Uninitialized memory read: $0C16E
[WS] Uninitialized memory read: $0C160
[WS] Uninitialized memory read: $0C17C
[WS] Uninitialized memory read: $0C1A3
[WS] Uninitialized memory read: $0C18C
[WS] Uninitialized memory read: $0C18A
[WS] Uninitialized memory read: $0C1A4
[WS] Uninitialized memory read: $0C1CE
[WS] Uninitialized memory read: $0C1F8
[WS] Uninitialized memory read: $0C222
[WS] Uninitialized memory read: $0C24C
[WS] Uninitialized memory read: $0C276
[WS] Uninitialized memory read: $0C2A0
[WS] Uninitialized memory read: $0C2CA
[WS] Uninitialized memory read: $0C2F4
[WS] Uninitialized memory read: $0C31E
[WS] Uninitialized memory read: $0C348
[WS] Uninitialized memory read: $0C372
[WS] Uninitialized memory read: $0C39C
[WS] Uninitialized memory read: $0C3C6
[WS] Uninitialized memory read: $0C3F0
[WS] Uninitialized memory read: $0C41A
[WS] Uninitialized memory read: $0C444
[WS] Uninitialized memory read: $0C46E
[WS] Uninitialized memory read: $0C498
[WS] Uninitialized memory read: $0C4C2
[WS] Uninitialized memory read: $0C4EC
[WS] Uninitialized memory read: $0C516
[WS] Uninitialized memory read: $0C540
[WS] Uninitialized memory read: $0C56A
[WS] Uninitialized memory read: $0C594
[WS] Uninitialized memory read: $0C5BE
[WS] Uninitialized memory read: $0C5E8
[WS] Uninitialized memory read: $0C612
[WS] Uninitialized memory read: $0C63C
[WS] Uninitialized memory read: $0C666
[WS] Uninitialized memory read: $0C690
[WS] Uninitialized memory read: $0C6BA
[WS] Uninitialized memory read: $0C6E4
[WS] Uninitialized memory read: $0C70E
[WS] Uninitialized memory read: $0CC4F
[WS] Uninitialized memory read: $0CC4D
[WS] Uninitialized memory read: $0C738
[WS] Uninitialized memory read: $0FD7C
[WS] Uninitialized memory read: $0FD7E
[WS] Uninitialized memory read: $0D31F
[WS] Uninitialized memory read: $0D320
[WS] Uninitialized memory read: $0D31E
[WS] Uninitialized memory read: $0D6A2
[WS] Uninitialized memory read: $0D324
[WS] Uninitialized memory read: $0D428
[WS] Uninitialized memory read: $0D42A
[WS] Uninitialized memory read: $0D426
[WS] Uninitialized memory read: $0D422
[WS] Uninitialized memory read: $0D424
[WS] Uninitialized memory read: $002D8
[WS] Uninitialized memory read: $002F8
[WS] Uninitialized memory read: $0C95E
[WS] Uninitialized memory read: $0C960
[WS] Uninitialized memory read: $002E6
[WS] Uninitialized memory read: $002D0
[WS] Uninitialized memory read: $002E4
[WS] Uninitialized memory read: $002EA
[WS] Uninitialized memory read: $002EC
[WS] Uninitialized memory read: $0CB62
[WS] Uninitialized memory read: $0CB70
[WS] Uninitialized memory read: $0CB7E
[WS] Uninitialized memory read: $0CB8C
[WS] Uninitialized memory read: $0CB9A
[WS] Uninitialized memory read: $0CBA8
[WS] Uninitialized memory read: $0CBB6
[WS] Uninitialized memory read: $0CBC4
[WS] Uninitialized memory read: $0CBD2
[WS] Uninitialized memory read: $0CBE0
[WS] Uninitialized memory read: $0CBEE
[WS] Uninitialized memory read: $0CBFC
[WS] Uninitialized memory read: $0CC0A
[WS] Uninitialized memory read: $0CC18
[WS] Uninitialized memory read: $0CC26
[WS] Uninitialized memory read: $0CC34
[WS] Uninitialized memory read: $002DE
[WS] Uninitialized memory read: $002E0
[WS] Uninitialized memory read: $002DA
[WS] Uninitialized memory read: $002DC
[WS] Uninitialized memory read: $0CE8E
[WS] Uninitialized memory read: $0CE90
[WS] Uninitialized memory read: $0CE92
[WS] Uninitialized memory read: $0CE94
[WS] Uninitialized memory read: $0CE96
[WS] Uninitialized memory read: $0CE98
[WS] Uninitialized memory read: $0CE9A
[WS] Uninitialized memory read: $0CE9C
[WS] Uninitialized memory read: $0CE9E
[WS] Uninitialized memory read: $0CEA0
[WS] Uninitialized memory read: $0CEA2
[WS] Uninitialized memory read: $0CEA4
[WS] Uninitialized memory read: $0CEA6
[WS] Uninitialized memory read: $0CEA8
[WS] Uninitialized memory read: $0CEAA
[WS] Uninitialized memory read: $0CEAC
[WS] Uninitialized memory read: $0CEAE
[WS] Uninitialized memory read: $0CEB0
[WS] Uninitialized memory read: $0CEB2
[WS] Uninitialized memory read: $0CEB4
[WS] Uninitialized memory read: $0CEB6
[WS] Uninitialized memory read: $0CEB8
[WS] Uninitialized memory read: $0CEBA
[WS] Uninitialized memory read: $0CEBC
[WS] Uninitialized memory read: $0CEBE
[WS] Uninitialized memory read: $0CEC0
[WS] Uninitialized memory read: $0CEC2
[WS] Uninitialized memory read: $0CEC4
[WS] Uninitialized memory read: $0CEC6
[WS] Uninitialized memory read: $0CEC8
[WS] Uninitialized memory read: $0CECA
[WS] Uninitialized memory read: $0CECC
[WS] Uninitialized memory read: $0CEEE
[WS] Uninitialized memory read: $0CEF0
[WS] Uninitialized memory read: $0CEF2
[WS] Uninitialized memory read: $0CEF4
[WS] Uninitialized memory read: $0CEF6
[WS] Uninitialized memory read: $0CEF8
[WS] Uninitialized memory read: $0CEFA
[WS] Uninitialized memory read: $0CEFC
[WS] Uninitialized memory read: $0CEFE
[WS] Uninitialized memory read: $0CF00
[WS] Uninitialized memory read: $0CF02
[WS] Uninitialized memory read: $0CF04
[WS] Uninitialized memory read: $0CF06
[WS] Uninitialized memory read: $0CF08
[WS] Uninitialized memory read: $0CF0A
[WS] Uninitialized memory read: $0CF0C
[WS] Uninitialized memory read: $0CF0E
[WS] Uninitialized memory read: $0CF10
[WS] Uninitialized memory read: $0CF12
[WS] Uninitialized memory read: $0CF14
[WS] Uninitialized memory read: $0CF16
[WS] Uninitialized memory read: $0CF18
[WS] Uninitialized memory read: $0CF1A
[WS] Uninitialized memory read: $0CF1C
[WS] Uninitialized memory read: $0CF1E
[WS] Uninitialized memory read: $0CF20
[WS] Uninitialized memory read: $0CF22
[WS] Uninitialized memory read: $0CF24
[WS] Uninitialized memory read: $0CF26
[WS] Uninitialized memory read: $0CF28
[WS] Uninitialized memory read: $0CF2A
[WS] Uninitialized memory read: $0CF2C
[WS] Uninitialized memory read: $0CF2E
[WS] Uninitialized memory read: $0CF30
[WS] Uninitialized memory read: $0CF32
[WS] Uninitialized memory read: $0CF34
[WS] Uninitialized memory read: $0CF36
[WS] Uninitialized memory read: $0CF38
[WS] Uninitialized memory read: $0CF3A
[WS] Uninitialized memory read: $0CF3C
[WS] Uninitialized memory read: $0CF3E
[WS] Uninitialized memory read: $0CF40
[WS] Uninitialized memory read: $0CF42
[WS] Uninitialized memory read: $0CF44
[WS] Uninitialized memory read: $0CF46
[WS] Uninitialized memory read: $0CF48
[WS] Uninitialized memory read: $0CF4A
[WS] Uninitialized memory read: $0CF4C
[WS] Uninitialized memory read: $0CF4E
[WS] Uninitialized memory read: $0CF50
[WS] Uninitialized memory read: $0CF52
[WS] Uninitialized memory read: $0CF54
[WS] Uninitialized memory read: $0CF56
[WS] Uninitialized memory read: $0CF58
[WS] Uninitialized memory read: $0CF5A
[WS] Uninitialized memory read: $0CF5C
[WS] Uninitialized memory read: $0CF5E
[WS] Uninitialized memory read: $0CF60
[WS] Uninitialized memory read: $0CF62
[WS] Uninitialized memory read: $0CF64
[WS] Uninitialized memory read: $0CF66
[WS] Uninitialized memory read: $0CF68
[WS] Uninitialized memory read: $0CF6A
[WS] Uninitialized memory read: $0CF6C
[WS] Uninitialized memory read: $0CF6E
[WS] Uninitialized memory read: $0CF70
[WS] Uninitialized memory read: $0CF72
[WS] Uninitialized memory read: $0CF74
[WS] Uninitialized memory read: $0CF76
[WS] Uninitialized memory read: $0CF78
[WS] Uninitialized memory read: $0CF7A
[WS] Uninitialized memory read: $0CF7C
[WS] Uninitialized memory read: $0CF7E
[WS] Uninitialized memory read: $0CF80
[WS] Uninitialized memory read: $0CF82
[WS] Uninitialized memory read: $0CF84
[WS] Uninitialized memory read: $0CF86
[WS] Uninitialized memory read: $0CF88
[WS] Uninitialized memory read: $0CF8A
[WS] Uninitialized memory read: $0CF8C
[WS] Uninitialized memory read: $0CF8E
[WS] Uninitialized memory read: $0CF90
[WS] Uninitialized memory read: $0CF92
[WS] Uninitialized memory read: $0CF94
[WS] Uninitialized memory read: $0CF96
[WS] Uninitialized memory read: $0CF98
[WS] Uninitialized memory read: $0CF9A
[WS] Uninitialized memory read: $0CF9C
[WS] Uninitialized memory read: $0CF9E
[WS] Uninitialized memory read: $0CFA0
[WS] Uninitialized memory read: $0CFA2
[WS] Uninitialized memory read: $0CFA4
[WS] Uninitialized memory read: $0CFA6
[WS] Uninitialized memory read: $0CFA8
[WS] Uninitialized memory read: $0CFAA
[WS] Uninitialized memory read: $0CFAC
[WS] Uninitialized memory read: $0CFAE
[WS] Uninitialized memory read: $0CFB0
[WS] Uninitialized memory read: $0CFB2
[WS] Uninitialized memory read: $0CFB4
[WS] Uninitialized memory read: $0CFB6
[WS] Uninitialized memory read: $0CFB8
[WS] Uninitialized memory read: $0CFBA
[WS] Uninitialized memory read: $0CFBC
[WS] Uninitialized memory read: $0CFBE
[WS] Uninitialized memory read: $0CFC0
[WS] Uninitialized memory read: $0CFC2
[WS] Uninitialized memory read: $0CFC4
[WS] Uninitialized memory read: $0CFC6
[WS] Uninitialized memory read: $0CFC8
[WS] Uninitialized memory read: $0CFCA
[WS] Uninitialized memory read: $0CFCC
[WS] Uninitialized memory read: $0CFCE
[WS] Uninitialized memory read: $0CFD0
[WS] Uninitialized memory read: $0CFD2
[WS] Uninitialized memory read: $0CFD4
[WS] Uninitialized memory read: $0CFD6
[WS] Uninitialized memory read: $0CFD8
[WS] Uninitialized memory read: $0CFDA
[WS] Uninitialized memory read: $0CFDC
[WS] Uninitialized memory read: $0CFDE
[WS] Uninitialized memory read: $0CFE0
[WS] Uninitialized memory read: $0CFE2
[WS] Uninitialized memory read: $0CFE4
[WS] Uninitialized memory read: $0CFE6
[WS] Uninitialized memory read: $0CFE8
[WS] Uninitialized memory read: $0CFEA
[WS] Uninitialized memory read: $0CFEC
[WS] Uninitialized memory read: $0CFEE
[WS] Uninitialized memory read: $0CFF0
[WS] Uninitialized memory read: $0CFF2
[WS] Uninitialized memory read: $0CFF4
[WS] Uninitialized memory read: $0CFF6
[WS] Uninitialized memory read: $0CFF8
[WS] Uninitialized memory read: $0CFFA
[WS] Uninitialized memory read: $0CFFC
[WS] Uninitialized memory read: $0CFFE
[WS] Uninitialized memory read: $0D000
[WS] Uninitialized memory read: $0D002
[WS] Uninitialized memory read: $0D004
[WS] Uninitialized memory read: $0D006
[WS] Uninitialized memory read: $0D008
[WS] Uninitialized memory read: $0D00A
[WS] Uninitialized memory read: $0D00C
[WS] Uninitialized memory read: $0D00E
[WS] Uninitialized memory read: $0D010
[WS] Uninitialized memory read: $0D012
[WS] Uninitialized memory read: $0D014
[WS] Uninitialized memory read: $0D016
[WS] Uninitialized memory read: $0D018
[WS] Uninitialized memory read: $0D01A
[WS] Uninitialized memory read: $0D01C
[WS] Uninitialized memory read: $0D01E
[WS] Uninitialized memory read: $0D020
[WS] Uninitialized memory read: $0D022
[WS] Uninitialized memory read: $0D024
[WS] Uninitialized memory read: $0D026
[WS] Uninitialized memory read: $0D028
[WS] Uninitialized memory read: $0D02A
[WS] Uninitialized memory read: $0D02C
[WS] Uninitialized memory read: $0D02E
[WS] Uninitialized memory read: $0D030
[WS] Uninitialized memory read: $0D032
[WS] Uninitialized memory read: $0D034
[WS] Uninitialized memory read: $0D036
[WS] Uninitialized memory read: $0D038
[WS] Uninitialized memory read: $0D03A
[WS] Uninitialized memory read: $0D03C
[WS] Uninitialized memory read: $0D03E
[WS] Uninitialized memory read: $0D040
[WS] Uninitialized memory read: $0D042
[WS] Uninitialized memory read: $0D044
[WS] Uninitialized memory read: $0D046
[WS] Uninitialized memory read: $0D048
[WS] Uninitialized memory read: $0D04A
[WS] Uninitialized memory read: $0D04C
[WS] Uninitialized memory read: $0D04E
[WS] Uninitialized memory read: $0D050
[WS] Uninitialized memory read: $0D052
[WS] Uninitialized memory read: $0D054
[WS] Uninitialized memory read: $0D056
[WS] Uninitialized memory read: $0D058
[WS] Uninitialized memory read: $0D05A
[WS] Uninitialized memory read: $0D05C
[WS] Uninitialized memory read: $0D05E
[WS] Uninitialized memory read: $0D060
[WS] Uninitialized memory read: $0D062
[WS] Uninitialized memory read: $0D064
[WS] Uninitialized memory read: $0D066
[WS] Uninitialized memory read: $0D068
[WS] Uninitialized memory read: $0D06A
[WS] Uninitialized memory read: $0D06C
[WS] Uninitialized memory read: $0D06E
[WS] Uninitialized memory read: $0D070
[WS] Uninitialized memory read: $0D072
[WS] Uninitialized memory read: $0D074
[WS] Uninitialized memory read: $0D076
[WS] Uninitialized memory read: $0D078
[WS] Uninitialized memory read: $0D07A
[WS] Uninitialized memory read: $0D07C
[WS] Uninitialized memory read: $0D07E
[WS] Uninitialized memory read: $0D080
[WS] Uninitialized memory read: $0D082
[WS] Uninitialized memory read: $0D084
[WS] Uninitialized memory read: $0D086
[WS] Uninitialized memory read: $0D088
[WS] Uninitialized memory read: $0D08A
[WS] Uninitialized memory read: $0D08C
[WS] Uninitialized memory read: $002EE
[WS] Uninitialized memory read: $0032F
[WS] Uninitialized memory read: $00330
[WS] Uninitialized memory read: $00341
[WS] Uninitialized memory read: $00344
[WS] Uninitialized memory read: $00346
[WS] Uninitialized memory read: $00348
[WS] Uninitialized memory read: $0034A
[WS] Uninitialized memory read: $0034C
[WS] Uninitialized memory read: $0034E
[WS] Uninitialized memory read: $00350
[WS] Uninitialized memory read: $00352
[WS] Uninitialized memory read: $00354
[WS] Uninitialized memory read: $00356
[WS] Uninitialized memory read: $00358
[WS] Uninitialized memory read: $0035A
[WS] Uninitialized memory read: $0035C
[WS] Uninitialized memory read: $0035E
[WS] Uninitialized memory read: $00360
[WS] Uninitialized memory read: $00362
[WS] Uninitialized memory read: $002CE
[WS] Uninitialized memory read: $02800
[WS] Uninitialized memory read: $02802
[WS] Uninitialized memory read: $02804
[WS] Uninitialized memory read: $02806
[WS] Uninitialized memory read: $02808
[WS] Uninitialized memory read: $0280A
[WS] Uninitialized memory read: $0280C
[WS] Uninitialized memory read: $0280E
[WS] Uninitialized memory read: $02810
[WS] Uninitialized memory read: $02812
[WS] Uninitialized memory read: $02814
[WS] Uninitialized memory read: $02816
[WS] Uninitialized memory read: $02818
[WS] Uninitialized memory read: $0281A
[WS] Uninitialized memory read: $0281C
[WS] Uninitialized memory read: $0281E
[WS] Uninitialized memory read: $02820
[WS] Uninitialized memory read: $02822
[WS] Uninitialized memory read: $02824
[WS] Uninitialized memory read: $02826
[WS] Uninitialized memory read: $02828
[WS] Uninitialized memory read: $0282A
[WS] Uninitialized memory read: $0282C
[WS] Uninitialized memory read: $0282E
[WS] Uninitialized memory read: $02830
[WS] Uninitialized memory read: $02832
[WS] Uninitialized memory read: $02834
[WS] Uninitialized memory read: $02836
[WS] Uninitialized memory read: $02838
[WS] Uninitialized memory read: $0283A
[WS] Uninitialized memory read: $0283C
[WS] Uninitialized memory read: $0283E
[WS] Uninitialized memory read: $02840
[WS] Uninitialized memory read: $02842
[WS] Uninitialized memory read: $02844
[WS] Uninitialized memory read: $02846
[WS] Uninitialized memory read: $02848
[WS] Uninitialized memory read: $0284A
[WS] Uninitialized memory read: $0284C
[WS] Uninitialized memory read: $0284E
[WS] Uninitialized memory read: $02850
[WS] Uninitialized memory read: $02852
[WS] Uninitialized memory read: $02854
[WS] Uninitialized memory read: $02856
[WS] Uninitialized memory read: $02858
[WS] Uninitialized memory read: $0285A
[WS] Uninitialized memory read: $0285C
[WS] Uninitialized memory read: $0285E
[WS] Uninitialized memory read: $02860
[WS] Uninitialized memory read: $02862
[WS] Uninitialized memory read: $02864
[WS] Uninitialized memory read: $02866
[WS] Uninitialized memory read: $02868
[WS] Uninitialized memory read: $0286A
[WS] Uninitialized memory read: $0286C
[WS] Uninitialized memory read: $0286E
[WS] Uninitialized memory read: $02870
[WS] Uninitialized memory read: $02872
[WS] Uninitialized memory read: $02874
[WS] Uninitialized memory read: $02876
[WS] Uninitialized memory read: $02878
[WS] Uninitialized memory read: $0287A
[WS] Uninitialized memory read: $0287C
[WS] Uninitialized memory read: $0287E
[WS] Uninitialized memory read: $02880
[WS] Uninitialized memory read: $02882
[WS] Uninitialized memory read: $02884
[WS] Uninitialized memory read: $02886
[WS] Uninitialized memory read: $02888
[WS] Uninitialized memory read: $0288A
[WS] Uninitialized memory read: $0288C
[WS] Uninitialized memory read: $0288E
[WS] Uninitialized memory read: $02890
[WS] Uninitialized memory read: $02892
[WS] Uninitialized memory read: $02894
[WS] Uninitialized memory read: $02896
[WS] Uninitialized memory read: $02898
[WS] Uninitialized memory read: $0289A
[WS] Uninitialized memory read: $0289C
[WS] Uninitialized memory read: $0289E
[WS] Uninitialized memory read: $028A0
[WS] Uninitialized memory read: $028A2
[WS] Uninitialized memory read: $028A4
[WS] Uninitialized memory read: $028A6
[WS] Uninitialized memory read: $028A8
[WS] Uninitialized memory read: $028AA
[WS] Uninitialized memory read: $028AC
[WS] Uninitialized memory read: $028AE
[WS] Uninitialized memory read: $028B0
[WS] Uninitialized memory read: $028B2
[WS] Uninitialized memory read: $028B4
[WS] Uninitialized memory read: $028B6
[WS] Uninitialized memory read: $028B8
[WS] Uninitialized memory read: $028BA
[WS] Uninitialized memory read: $028BC
[WS] Uninitialized memory read: $028BE
[WS] Uninitialized memory read: $028C0
[WS] Uninitialized memory read: $028C2
[WS] Uninitialized memory read: $028C4
[WS] Uninitialized memory read: $028C6
[WS] Uninitialized memory read: $028C8
[WS] Uninitialized memory read: $028CA
[WS] Uninitialized memory read: $028CC
[WS] Uninitialized memory read: $028CE
[WS] Uninitialized memory read: $028D0
[WS] Uninitialized memory read: $028D2
[WS] Uninitialized memory read: $028D4
[WS] Uninitialized memory read: $028D6
[WS] Uninitialized memory read: $028D8
[WS] Uninitialized memory read: $028DA
[WS] Uninitialized memory read: $028DC
[WS] Uninitialized memory read: $028DE
[WS] Uninitialized memory read: $028E0
[WS] Uninitialized memory read: $028E2
[WS] Uninitialized memory read: $028E4
[WS] Uninitialized memory read: $028E6
[WS] Uninitialized memory read: $028E8
[WS] Uninitialized memory read: $028EA
[WS] Uninitialized memory read: $028EC
[WS] Uninitialized memory read: $028EE
[WS] Uninitialized memory read: $028F0
[WS] Uninitialized memory read: $028F2
[WS] Uninitialized memory read: $028F4
[WS] Uninitialized memory read: $028F6
[WS] Uninitialized memory read: $028F8
[WS] Uninitialized memory read: $028FA
[WS] Uninitialized memory read: $028FC
[WS] Uninitialized memory read: $028FE
[WS] Uninitialized memory read: $02900
[WS] Uninitialized memory read: $02902
[WS] Uninitialized memory read: $02904
[WS] Uninitialized memory read: $02906
[WS] Uninitialized memory read: $02908
[WS] Uninitialized memory read: $0290A
[WS] Uninitialized memory read: $0290C
[WS] Uninitialized memory read: $0290E
[WS] Uninitialized memory read: $02910
[WS] Uninitialized memory read: $02912
[WS] Uninitialized memory read: $02914
[WS] Uninitialized memory read: $02916
[WS] Uninitialized memory read: $02918
[WS] Uninitialized memory read: $0291A
[WS] Uninitialized memory read: $0291C
[WS] Uninitialized memory read: $0291E
[WS] Uninitialized memory read: $02920
[WS] Uninitialized memory read: $02922
[WS] Uninitialized memory read: $02924
[WS] Uninitialized memory read: $02926
[WS] Uninitialized memory read: $02928
[WS] Uninitialized memory read: $0292A
[WS] Uninitialized memory read: $0292C
[WS] Uninitialized memory read: $0292E
[WS] Uninitialized memory read: $02930
[WS] Uninitialized memory read: $02932
[WS] Uninitialized memory read: $02934
[WS] Uninitialized memory read: $02936
[WS] Uninitialized memory read: $02938
[WS] Uninitialized memory read: $0293A
[WS] Uninitialized memory read: $0293C
[WS] Uninitialized memory read: $0293E
[WS] Uninitialized memory read: $02940
[WS] Uninitialized memory read: $02942
[WS] Uninitialized memory read: $02944
[WS] Uninitialized memory read: $02946
[WS] Uninitialized memory read: $02948
[WS] Uninitialized memory read: $0294A
[WS] Uninitialized memory read: $0294C
[WS] Uninitialized memory read: $0294E
[WS] Uninitialized memory read: $02950
[WS] Uninitialized memory read: $02952
[WS] Uninitialized memory read: $02954
[WS] Uninitialized memory read: $02956
[WS] Uninitialized memory read: $02958
[WS] Uninitialized memory read: $0295A
[WS] Uninitialized memory read: $0295C
[WS] Uninitialized memory read: $0295E
[WS] Uninitialized memory read: $02960
[WS] Uninitialized memory read: $02962
[WS] Uninitialized memory read: $02964
[WS] Uninitialized memory read: $02966
[WS] Uninitialized memory read: $02968
[WS] Uninitialized memory read: $0296A
[WS] Uninitialized memory read: $0296C
[WS] Uninitialized memory read: $0296E
[WS] Uninitialized memory read: $02970
[WS] Uninitialized memory read: $02972
[WS] Uninitialized memory read: $02974
[WS] Uninitialized memory read: $02976
[WS] Uninitialized memory read: $02978
[WS] Uninitialized memory read: $0297A
[WS] Uninitialized memory read: $0297C
[WS] Uninitialized memory read: $0297E
[WS] Uninitialized memory read: $02980
[WS] Uninitialized memory read: $02982
[WS] Uninitialized memory read: $02984
[WS] Uninitialized memory read: $02986
[WS] Uninitialized memory read: $02988
[WS] Uninitialized memory read: $0298A
[WS] Uninitialized memory read: $0298C
[WS] Uninitialized memory read: $0298E
[WS] Uninitialized memory read: $02990
[WS] Uninitialized memory read: $02992
[WS] Uninitialized memory read: $02994
[WS] Uninitialized memory read: $02996
[WS] Uninitialized memory read: $02998
[WS] Uninitialized memory read: $0299A
[WS] Uninitialized memory read: $0299C
[WS] Uninitialized memory read: $0299E
[WS] Uninitialized memory read: $029A0
[WS] Uninitialized memory read: $029A2
[WS] Uninitialized memory read: $029A4
[WS] Uninitialized memory read: $029A6
[WS] Uninitialized memory read: $029A8
[WS] Uninitialized memory read: $029AA
[WS] Uninitialized memory read: $029AC
[WS] Uninitialized memory read: $029AE
[WS] Uninitialized memory read: $029B0
[WS] Uninitialized memory read: $029B2
[WS] Uninitialized memory read: $029B4
[WS] Uninitialized memory read: $029B6
[WS] Uninitialized memory read: $029B8
[WS] Uninitialized memory read: $029BA
[WS] Uninitialized memory read: $029BC
[WS] Uninitialized memory read: $029BE
[WS] Uninitialized memory read: $029C0
[WS] Uninitialized memory read: $029C2
[WS] Uninitialized memory read: $029C4
[WS] Uninitialized memory read: $029C6
[WS] Uninitialized memory read: $029C8
[WS] Uninitialized memory read: $029CA
[WS] Uninitialized memory read: $029CC
[WS] Uninitialized memory read: $029CE
[WS] Uninitialized memory read: $029D0
[WS] Uninitialized memory read: $029D2
[WS] Uninitialized memory read: $029D4
[WS] Uninitialized memory read: $029D6
[WS] Uninitialized memory read: $029D8
[WS] Uninitialized memory read: $029DA
[WS] Uninitialized memory read: $029DC
[WS] Uninitialized memory read: $029DE
[WS] Uninitialized memory read: $029E0
[WS] Uninitialized memory read: $029E2
[WS] Uninitialized memory read: $029E4
[WS] Uninitialized memory read: $029E6
[WS] Uninitialized memory read: $029E8
[WS] Uninitialized memory read: $029EA
[WS] Uninitialized memory read: $029EC
[WS] Uninitialized memory read: $029EE
[WS] Uninitialized memory read: $029F0
[WS] Uninitialized memory read: $029F2
[WS] Uninitialized memory read: $029F4
[WS] Uninitialized memory read: $029F6
[WS] Uninitialized memory read: $029F8
[WS] Uninitialized memory read: $029FA
[WS] Uninitialized memory read: $029FC
[WS] Uninitialized memory read: $029FE
[WS] Uninitialized memory read: $02A00
[WS] Uninitialized memory read: $02A02
[WS] Uninitialized memory read: $02A04
[WS] Uninitialized memory read: $02A06
[WS] Uninitialized memory read: $02A08
[WS] Uninitialized memory read: $02A0A
[WS] Uninitialized memory read: $02A0C
[WS] Uninitialized memory read: $02A0E
[WS] Uninitialized memory read: $02A10
[WS] Uninitialized memory read: $02A12
[WS] Uninitialized memory read: $02A14
[WS] Uninitialized memory read: $02A16
[WS] Uninitialized memory read: $02A18
[WS] Uninitialized memory read: $02A1A
[WS] Uninitialized memory read: $02A1C
[WS] Uninitialized memory read: $02A1E
[WS] Uninitialized memory read: $02A20
[WS] Uninitialized memory read: $02A22
[WS] Uninitialized memory read: $02A24
[WS] Uninitialized memory read: $02A26
[WS] Uninitialized memory read: $02A28
[WS] Uninitialized memory read: $02A2A
[WS] Uninitialized memory read: $02A2C
[WS] Uninitialized memory read: $02A2E
[WS] Uninitialized memory read: $02A30
[WS] Uninitialized memory read: $02A32
[WS] Uninitialized memory read: $02A34
[WS] Uninitialized memory read: $02A36
[WS] Uninitialized memory read: $02A38
[WS] Uninitialized memory read: $02A3A
[WS] Uninitialized memory read: $02A3C
[WS] Uninitialized memory read: $02A3E
[WS] Uninitialized memory read: $02A40
[WS] Uninitialized memory read: $02A42
[WS] Uninitialized memory read: $02A44
[WS] Uninitialized memory read: $02A46
[WS] Uninitialized memory read: $02A48
[WS] Uninitialized memory read: $02A4A
[WS] Uninitialized memory read: $02A4C
[WS] Uninitialized memory read: $02A4E
[WS] Uninitialized memory read: $02A50
[WS] Uninitialized memory read: $02A52
[WS] Uninitialized memory read: $02A54
[WS] Uninitialized memory read: $02A56
[WS] Uninitialized memory read: $02A58
[WS] Uninitialized memory read: $02A5A
[WS] Uninitialized memory read: $02A5C
[WS] Uninitialized memory read: $02A5E
[WS] Uninitialized memory read: $02A60
[WS] Uninitialized memory read: $02A62
[WS] Uninitialized memory read: $02A64
[WS] Uninitialized memory read: $02A66
[WS] Uninitialized memory read: $02A68
[WS] Uninitialized memory read: $02A6A
[WS] Uninitialized memory read: $02A6C
[WS] Uninitialized memory read: $02A6E
[WS] Uninitialized memory read: $02A70
[WS] Uninitialized memory read: $02A72
[WS] Uninitialized memory read: $02A74
[WS] Uninitialized memory read: $02A76
[WS] Uninitialized memory read: $02A78
[WS] Uninitialized memory read: $02A7A
[WS] Uninitialized memory read: $02A7C
[WS] Uninitialized memory read: $02A7E
[WS] Uninitialized memory read: $02A80
[WS] Uninitialized memory read: $02A82
[WS] Uninitialized memory read: $02A84
[WS] Uninitialized memory read: $02A86
[WS] Uninitialized memory read: $02A88
[WS] Uninitialized memory read: $02A8A
[WS] Uninitialized memory read: $02A8C
[WS] Uninitialized memory read: $02A8E
[WS] Uninitialized memory read: $02A90
[WS] Uninitialized memory read: $02A92
[WS] Uninitialized memory read: $02A94
[WS] Uninitialized memory read: $02A96
[WS] Uninitialized memory read: $02A98
[WS] Uninitialized memory read: $02A9A
[WS] Uninitialized memory read: $02A9C
[WS] Uninitialized memory read: $02A9E
[WS] Uninitialized memory read: $02AA0
[WS] Uninitialized memory read: $02AA2
[WS] Uninitialized memory read: $02AA4
[WS] Uninitialized memory read: $02AA6
[WS] Uninitialized memory read: $02AA8
[WS] Uninitialized memory read: $02AAA
[WS] Uninitialized memory read: $02AAC
[WS] Uninitialized memory read: $02AAE
[WS] Uninitialized memory read: $02AB0
[WS] Uninitialized memory read: $02AB2
[WS] Uninitialized memory read: $02AB4
[WS] Uninitialized memory read: $02AB6
[WS] Uninitialized memory read: $02AB8
[WS] Uninitialized memory read: $02ABA
[WS] Uninitialized memory read: $02ABC
[WS] Uninitialized memory read: $02ABE
[WS] Uninitialized memory read: $02AC0
[WS] Uninitialized memory read: $02AC2
[WS] Uninitialized memory read: $02AC4
[WS] Uninitialized memory read: $02AC6
[WS] Uninitialized memory read: $02AC8
[WS] Uninitialized memory read: $02ACA
[WS] Uninitialized memory read: $02ACC
[WS] Uninitialized memory read: $02ACE
[WS] Uninitialized memory read: $02AD0
[WS] Uninitialized memory read: $02AD2
[WS] Uninitialized memory read: $02AD4
[WS] Uninitialized memory read: $02AD6
[WS] Uninitialized memory read: $02AD8
[WS] Uninitialized memory read: $02ADA
[WS] Uninitialized memory read: $02ADC
[WS] Uninitialized memory read: $02ADE
[WS] Uninitialized memory read: $02AE0
[WS] Uninitialized memory read: $02AE2
[WS] Uninitialized memory read: $02AE4
[WS] Uninitialized memory read: $02AE6
[WS] Uninitialized memory read: $02AE8
[WS] Uninitialized memory read: $02AEA
[WS] Uninitialized memory read: $02AEC
[WS] Uninitialized memory read: $02AEE
[WS] Uninitialized memory read: $02AF0
[WS] Uninitialized memory read: $02AF2
[WS] Uninitialized memory read: $02AF4
[WS] Uninitialized memory read: $02AF6
[WS] Uninitialized memory read: $02AF8
[WS] Uninitialized memory read: $02AFA
[WS] Uninitialized memory read: $02AFC
[WS] Uninitialized memory read: $02AFE
[WS] Uninitialized memory read: $02B00
[WS] Uninitialized memory read: $02B02
[WS] Uninitialized memory read: $02B04
[WS] Uninitialized memory read: $02B06
[WS] Uninitialized memory read: $02B08
[WS] Uninitialized memory read: $02B0A
[WS] Uninitialized memory read: $02B0C
[WS] Uninitialized memory read: $02B0E
[WS] Uninitialized memory read: $02B10
[WS] Uninitialized memory read: $02B12
[WS] Uninitialized memory read: $02B14
[WS] Uninitialized memory read: $02B16
[WS] Uninitialized memory read: $02B18
[WS] Uninitialized memory read: $02B1A
[WS] Uninitialized memory read: $02B1C
[WS] Uninitialized memory read: $02B1E
[WS] Uninitialized memory read: $02B20
[WS] Uninitialized memory read: $02B22
[WS] Uninitialized memory read: $02B24
[WS] Uninitialized memory read: $02B26
[WS] Uninitialized memory read: $02B28
[WS] Uninitialized memory read: $02B2A
[WS] Uninitialized memory read: $02B2C
[WS] Uninitialized memory read: $02B2E
[WS] Uninitialized memory read: $02B30
[WS] Uninitialized memory read: $02B32
[WS] Uninitialized memory read: $02B34
[WS] Uninitialized memory read: $02B36
[WS] Uninitialized memory read: $02B38
[WS] Uninitialized memory read: $02B3A
[WS] Uninitialized memory read: $02B3C
[WS] Uninitialized memory read: $02B3E
[WS] Uninitialized memory read: $02B40
[WS] Uninitialized memory read: $02B42
[WS] Uninitialized memory read: $02B44
[WS] Uninitialized memory read: $02B46
[WS] Uninitialized memory read: $02B48
[WS] Uninitialized memory read: $02B4A
[WS] Uninitialized memory read: $02B4C
[WS] Uninitialized memory read: $02B4E
[WS] Uninitialized memory read: $02B50
[WS] Uninitialized memory read: $02B52
[WS] Uninitialized memory read: $02B54
[WS] Uninitialized memory read: $02B56
[WS] Uninitialized memory read: $02B58
[WS] Uninitialized memory read: $02B5A
[WS] Uninitialized memory read: $02B5C
[WS] Uninitialized memory read: $02B5E
[WS] Uninitialized memory read: $02B60
[WS] Uninitialized memory read: $02B62
[WS] Uninitialized memory read: $02B64
[WS] Uninitialized memory read: $02B66
[WS] Uninitialized memory read: $02B68
[WS] Uninitialized memory read: $02B6A
[WS] Uninitialized memory read: $02B6C
[WS] Uninitialized memory read: $02B6E
[WS] Uninitialized memory read: $02B70
[WS] Uninitialized memory read: $02B72
[WS] Uninitialized memory read: $02B74
[WS] Uninitialized memory read: $02B76
[WS] Uninitialized memory read: $02B78
[WS] Uninitialized memory read: $02B7A
[WS] Uninitialized memory read: $02B7C
[WS] Uninitialized memory read: $02B7E
[WS] Uninitialized memory read: $02B80
[WS] Uninitialized memory read: $02B82
[WS] Uninitialized memory read: $02B84
[WS] Uninitialized memory read: $02B86
[WS] Uninitialized memory read: $02B88
[WS] Uninitialized memory read: $02B8A
[WS] Uninitialized memory read: $02B8C
[WS] Uninitialized memory read: $02B8E
[WS] Uninitialized memory read: $02B90
[WS] Uninitialized memory read: $02B92
[WS] Uninitialized memory read: $02B94
[WS] Uninitialized memory read: $02B96
[WS] Uninitialized memory read: $02B98
[WS] Uninitialized memory read: $02B9A
[WS] Uninitialized memory read: $02B9C
[WS] Uninitialized memory read: $02B9E
[WS] Uninitialized memory read: $02BA0
[WS] Uninitialized memory read: $02BA2
[WS] Uninitialized memory read: $02BA4
[WS] Uninitialized memory read: $02BA6
[WS] Uninitialized memory read: $02BA8
[WS] Uninitialized memory read: $02BAA
[WS] Uninitialized memory read: $02BAC
[WS] Uninitialized memory read: $02BAE
[WS] Uninitialized memory read: $02BB0
[WS] Uninitialized memory read: $02BB2
[WS] Uninitialized memory read: $02BB4
[WS] Uninitialized memory read: $02BBE
[WS] Uninitialized memory read: $02BC0
[WS] Uninitialized memory read: $02BC2
[WS] Uninitialized memory read: $02BC4
[WS] Uninitialized memory read: $02BC6
[WS] Uninitialized memory read: $02BC8
[WS] Uninitialized memory read: $02BCA
[WS] Uninitialized memory read: $02BCC
[WS] Uninitialized memory read: $02BCE
[WS] Uninitialized memory read: $02BD0
[WS] Uninitialized memory read: $02BD2
[WS] Uninitialized memory read: $02BD4
[WS] Uninitialized memory read: $02BD6
[WS] Uninitialized memory read: $02BD8
[WS] Uninitialized memory read: $02BDA
[WS] Uninitialized memory read: $02BDC
[WS] Uninitialized memory read: $02BDE
[WS] Uninitialized memory read: $02BE0
[WS] Uninitialized memory read: $02BE2
[WS] Uninitialized memory read: $02BE4
[WS] Uninitialized memory read: $02BE6
[WS] Uninitialized memory read: $02BE8
[WS] Uninitialized memory read: $02BEA
[WS] Uninitialized memory read: $02BEC
[WS] Uninitialized memory read: $02BEE
[WS] Uninitialized memory read: $02BF0
[WS] Uninitialized memory read: $02BF2
[WS] Uninitialized memory read: $02BF4
[WS] Uninitialized memory read: $02BFE
[WS] Uninitialized memory read: $02C00
[WS] Uninitialized memory read: $02C02
[WS] Uninitialized memory read: $02C04
[WS] Uninitialized memory read: $02C06
[WS] Uninitialized memory read: $02C08
[WS] Uninitialized memory read: $02C0A
[WS] Uninitialized memory read: $02C0C
[WS] Uninitialized memory read: $02C0E
[WS] Uninitialized memory read: $02C10
[WS] Uninitialized memory read: $02C12
[WS] Uninitialized memory read: $02C14
[WS] Uninitialized memory read: $02C16
[WS] Uninitialized memory read: $02C18
[WS] Uninitialized memory read: $02C1A
[WS] Uninitialized memory read: $02C1C
[WS] Uninitialized memory read: $02C1E
[WS] Uninitialized memory read: $02C20
[WS] Uninitialized memory read: $02C22
[WS] Uninitialized memory read: $02C24
[WS] Uninitialized memory read: $02C26
[WS] Uninitialized memory read: $02C28
[WS] Uninitialized memory read: $02C2A
[WS] Uninitialized memory read: $02C2C
[WS] Uninitialized memory read: $02C2E
[WS] Uninitialized memory read: $02C30
[WS] Uninitialized memory read: $02C32
[WS] Uninitialized memory read: $02C34
[WS] Uninitialized memory read: $02C36
[WS] Uninitialized memory read: $02C38
[WS] Uninitialized memory read: $02C3E
[WS] Uninitialized memory read: $02C40
[WS] Uninitialized memory read: $02C42
[WS] Uninitialized memory read: $02C44
[WS] Uninitialized memory read: $02C46
[WS] Uninitialized memory read: $02C48
[WS] Uninitialized memory read: $02C4A
[WS] Uninitialized memory read: $02C4C
[WS] Uninitialized memory read: $02C4E
[WS] Uninitialized memory read: $02C50
[WS] Uninitialized memory read: $02C52
[WS] Uninitialized memory read: $02C54
[WS] Uninitialized memory read: $02C56
[WS] Uninitialized memory read: $02C58
[WS] Uninitialized memory read: $02C5A
[WS] Uninitialized memory read: $02C5C
[WS] Uninitialized memory read: $02C5E
[WS] Uninitialized memory read: $02C60
[WS] Uninitialized memory read: $02C62
[WS] Uninitialized memory read: $02C64
[WS] Uninitialized memory read: $02C66
[WS] Uninitialized memory read: $02C68
[WS] Uninitialized memory read: $02C6A
[WS] Uninitialized memory read: $02C6C
[WS] Uninitialized memory read: $02C6E
[WS] Uninitialized memory read: $02C70
[WS] Uninitialized memory read: $02C72
[WS] Uninitialized memory read: $02C74
[WS] Uninitialized memory read: $02C76
[WS] Uninitialized memory read: $02C78
[WS] Uninitialized memory read: $02C7E
[WS] Uninitialized memory read: $02C80
[WS] Uninitialized memory read: $02C82
[WS] Uninitialized memory read: $02C84
[WS] Uninitialized memory read: $02C86
[WS] Uninitialized memory read: $02C88
[WS] Uninitialized memory read: $02C8A
[WS] Uninitialized memory read: $02C8C
[WS] Uninitialized memory read: $02C8E
[WS] Uninitialized memory read: $02C90
[WS] Uninitialized memory read: $02C92
[WS] Uninitialized memory read: $02C94
[WS] Uninitialized memory read: $02C96
[WS] Uninitialized memory read: $02C98
[WS] Uninitialized memory read: $02C9A
[WS] Uninitialized memory read: $02C9C
[WS] Uninitialized memory read: $02C9E
[WS] Uninitialized memory read: $02CA0
[WS] Uninitialized memory read: $02CA2
[WS] Uninitialized memory read: $02CA4
[WS] Uninitialized memory read: $02CA6
[WS] Uninitialized memory read: $02CA8
[WS] Uninitialized memory read: $02CAA
[WS] Uninitialized memory read: $02CAC
[WS] Uninitialized memory read: $02CAE
[WS] Uninitialized memory read: $02CB0
[WS] Uninitialized memory read: $02CB2
[WS] Uninitialized memory read: $02CB4
[WS] Uninitialized memory read: $02CB6
[WS] Uninitialized memory read: $02CB8
[WS] Uninitialized memory read: $02CBA
[WS] Uninitialized memory read: $02CBC
[WS] Uninitialized memory read: $02CBE
[WS] Uninitialized memory read: $02CC0
[WS] Uninitialized memory read: $02CC2
[WS] Uninitialized memory read: $02CC4
[WS] Uninitialized memory read: $02CC6
[WS] Uninitialized memory read: $02CC8
[WS] Uninitialized memory read: $02CCA
[WS] Uninitialized memory read: $02CCC
[WS] Uninitialized memory read: $02CCE
[WS] Uninitialized memory read: $02CD0
[WS] Uninitialized memory read: $02CD2
[WS] Uninitialized memory read: $02CD4
[WS] Uninitialized memory read: $02CD6
[WS] Uninitialized memory read: $02CD8
[WS] Uninitialized memory read: $02CDA
[WS] Uninitialized memory read: $02CDC
[WS] Uninitialized memory read: $02CDE
[WS] Uninitialized memory read: $02CE0
[WS] Uninitialized memory read: $02CE2
[WS] Uninitialized memory read: $02CE4
[WS] Uninitialized memory read: $02CE6
[WS] Uninitialized memory read: $02CE8
[WS] Uninitialized memory read: $02CEA
[WS] Uninitialized memory read: $02CEC
[WS] Uninitialized memory read: $02CEE
[WS] Uninitialized memory read: $02CF0
[WS] Uninitialized memory read: $02CF2
[WS] Uninitialized memory read: $02CF4
[WS] Uninitialized memory read: $02CF6
[WS] Uninitialized memory read: $02CF8
[WS] Uninitialized memory read: $02CFA
[WS] Uninitialized memory read: $02CFC
[WS] Uninitialized memory read: $02CFE
[WS] Uninitialized memory read: $02D00
[WS] Uninitialized memory read: $02D02
[WS] Uninitialized memory read: $02D04
[WS] Uninitialized memory read: $02D06
[WS] Uninitialized memory read: $02D08
[WS] Uninitialized memory read: $02D0A
[WS] Uninitialized memory read: $02D0C
[WS] Uninitialized memory read: $02D0E
[WS] Uninitialized memory read: $02D10
[WS] Uninitialized memory read: $02D12
[WS] Uninitialized memory read: $02D14
[WS] Uninitialized memory read: $02D16
[WS] Uninitialized memory read: $02D18
[WS] Uninitialized memory read: $02D1A
[WS] Uninitialized memory read: $02D1C
[WS] Uninitialized memory read: $02D1E
[WS] Uninitialized memory read: $02D20
[WS] Uninitialized memory read: $02D22
[WS] Uninitialized memory read: $02D24
[WS] Uninitialized memory read: $02D26
[WS] Uninitialized memory read: $02D28
[WS] Uninitialized memory read: $02D2A
[WS] Uninitialized memory read: $02D2C
[WS] Uninitialized memory read: $02D2E
[WS] Uninitialized memory read: $02D30
[WS] Uninitialized memory read: $02D32
[WS] Uninitialized memory read: $02D34
[WS] Uninitialized memory read: $02D36
[WS] Uninitialized memory read: $02D38
[WS] Uninitialized memory read: $02D3A
[WS] Uninitialized memory read: $02D3C
[WS] Uninitialized memory read: $02D3E
[WS] Uninitialized memory read: $02D40
[WS] Uninitialized memory read: $02D42
[WS] Uninitialized memory read: $02D44
[WS] Uninitialized memory read: $02D46
[WS] Uninitialized memory read: $02D48
[WS] Uninitialized memory read: $02D4A
[WS] Uninitialized memory read: $02D4C
[WS] Uninitialized memory read: $02D4E
[WS] Uninitialized memory read: $02D50
[WS] Uninitialized memory read: $02D52
[WS] Uninitialized memory read: $02D54
[WS] Uninitialized memory read: $02D56
[WS] Uninitialized memory read: $02D58
[WS] Uninitialized memory read: $02D5A
[WS] Uninitialized memory read: $02D5C
[WS] Uninitialized memory read: $02D5E
[WS] Uninitialized memory read: $02D60
[WS] Uninitialized memory read: $02D62
[WS] Uninitialized memory read: $02D64
[WS] Uninitialized memory read: $02D66
[WS] Uninitialized memory read: $02D68
[WS] Uninitialized memory read: $02D6A
[WS] Uninitialized memory read: $02D6C
[WS] Uninitialized memory read: $02D6E
[WS] Uninitialized memory read: $02D70
[WS] Uninitialized memory read: $02D72
[WS] Uninitialized memory read: $02D74
[WS] Uninitialized memory read: $02D76
[WS] Uninitialized memory read: $02D78
[WS] Uninitialized memory read: $02D7A
[WS] Uninitialized memory read: $02D7C
[WS] Uninitialized memory read: $02D7E
[WS] Uninitialized memory read: $02D80
[WS] Uninitialized memory read: $02D82
[WS] Uninitialized memory read: $02D84
[WS] Uninitialized memory read: $02D86
[WS] Uninitialized memory read: $02D88
[WS] Uninitialized memory read: $02D8A
[WS] Uninitialized memory read: $02D8C
[WS] Uninitialized memory read: $02D8E
[WS] Uninitialized memory read: $02D90
[WS] Uninitialized memory read: $02D92
[WS] Uninitialized memory read: $02D94
[WS] Uninitialized memory read: $02D96
[WS] Uninitialized memory read: $02D98
[WS] Uninitialized memory read: $02D9A
[WS] Uninitialized memory read: $02D9C
[WS] Uninitialized memory read: $02D9E
[WS] Uninitialized memory read: $02DA0
[WS] Uninitialized memory read: $02DA2
[WS] Uninitialized memory read: $02DA4
[WS] Uninitialized memory read: $02DA6
[WS] Uninitialized memory read: $02DA8
[WS] Uninitialized memory read: $02DAA
[WS] Uninitialized memory read: $02DAC
[WS] Uninitialized memory read: $02DAE
[WS] Uninitialized memory read: $02DB0
[WS] Uninitialized memory read: $02DB2
[WS] Uninitialized memory read: $02DB4
[WS] Uninitialized memory read: $02DB6
[WS] Uninitialized memory read: $02DB8
[WS] Uninitialized memory read: $02DBA
[WS] Uninitialized memory read: $02DBC
[WS] Uninitialized memory read: $02DBE
[WS] Uninitialized memory read: $02DC0
[WS] Uninitialized memory read: $02DC2
[WS] Uninitialized memory read: $02DC4
[WS] Uninitialized memory read: $02DC6
[WS] Uninitialized memory read: $02DC8
[WS] Uninitialized memory read: $02DCA
[WS] Uninitialized memory read: $02DCC
[WS] Uninitialized memory read: $02DCE
[WS] Uninitialized memory read: $02DD0
[WS] Uninitialized memory read: $02DD2
[WS] Uninitialized memory read: $02DD4
[WS] Uninitialized memory read: $02DD6
[WS] Uninitialized memory read: $02DD8
[WS] Uninitialized memory read: $02DDA
[WS] Uninitialized memory read: $02DDC
[WS] Uninitialized memory read: $02DDE
[WS] Uninitialized memory read: $02DE0
[WS] Uninitialized memory read: $02DE2
[WS] Uninitialized memory read: $02DE4
[WS] Uninitialized memory read: $02DE6
[WS] Uninitialized memory read: $02DE8
[WS] Uninitialized memory read: $02DEA
[WS] Uninitialized memory read: $02DEC
[WS] Uninitialized memory read: $02DEE
[WS] Uninitialized memory read: $02DF0
[WS] Uninitialized memory read: $02DF2
[WS] Uninitialized memory read: $02DF4
[WS] Uninitialized memory read: $02DF6
[WS] Uninitialized memory read: $02DF8
[WS] Uninitialized memory read: $02DFA
[WS] Uninitialized memory read: $02DFC
[WS] Uninitialized memory read: $02DFE
[WS] Uninitialized memory read: $02E00
[WS] Uninitialized memory read: $02E02
[WS] Uninitialized memory read: $02E04
[WS] Uninitialized memory read: $02E06
[WS] Uninitialized memory read: $02E08
[WS] Uninitialized memory read: $02E0A
[WS] Uninitialized memory read: $02E0C
[WS] Uninitialized memory read: $02E0E
[WS] Uninitialized memory read: $02E10
[WS] Uninitialized memory read: $02E12
[WS] Uninitialized memory read: $02E14
[WS] Uninitialized memory read: $02E16
[WS] Uninitialized memory read: $02E18
[WS] Uninitialized memory read: $02E1A
[WS] Uninitialized memory read: $02E1C
[WS] Uninitialized memory read: $02E1E
[WS] Uninitialized memory read: $02E20
[WS] Uninitialized memory read: $02E22
[WS] Uninitialized memory read: $02E24
[WS] Uninitialized memory read: $02E26
[WS] Uninitialized memory read: $02E28
[WS] Uninitialized memory read: $02E2A
[WS] Uninitialized memory read: $02E2C
[WS] Uninitialized memory read: $02E2E
[WS] Uninitialized memory read: $02E30
[WS] Uninitialized memory read: $02E32
[WS] Uninitialized memory read: $02E34
[WS] Uninitialized memory read: $02E36
[WS] Uninitialized memory read: $02E38
[WS] Uninitialized memory read: $02E3A
[WS] Uninitialized memory read: $02E3C
[WS] Uninitialized memory read: $02E3E
[WS] Uninitialized memory read: $02E40
[WS] Uninitialized memory read: $02E42
[WS] Uninitialized memory read: $02E44
[WS] Uninitialized memory read: $02E46
[WS] Uninitialized memory read: $02E48
[WS] Uninitialized memory read: $02E4A
[WS] Uninitialized memory read: $02E4C
[WS] Uninitialized memory read: $02E4E
[WS] Uninitialized memory read: $02E50
[WS] Uninitialized memory read: $02E52
[WS] Uninitialized memory read: $02E54
[WS] Uninitialized memory read: $02E56
[WS] Uninitialized memory read: $02E58
[WS] Uninitialized memory read: $02E5A
[WS] Uninitialized memory read: $02E5C
[WS] Uninitialized memory read: $02E5E
[WS] Uninitialized memory read: $02E60
[WS] Uninitialized memory read: $02E62
[WS] Uninitialized memory read: $02E64
[WS] Uninitialized memory read: $02E66
[WS] Uninitialized memory read: $02E68
[WS] Uninitialized memory read: $02E6A
[WS] Uninitialized memory read: $02E6C
[WS] Uninitialized memory read: $02E6E
[WS] Uninitialized memory read: $02E70
[WS] Uninitialized memory read: $02E72
[WS] Uninitialized memory read: $02E74
[WS] Uninitialized memory read: $02E76
[WS] Uninitialized memory read: $02E78
[WS] Uninitialized memory read: $02E7A
[WS] Uninitialized memory read: $02E7C
[WS] Uninitialized memory read: $02E7E
[WS] Uninitialized memory read: $02E80
[WS] Uninitialized memory read: $02E82
[WS] Uninitialized memory read: $02E84
[WS] Uninitialized memory read: $02E86
[WS] Uninitialized memory read: $02E88
[WS] Uninitialized memory read: $02E8A
[WS] Uninitialized memory read: $02E8C
[WS] Uninitialized memory read: $02E8E
[WS] Uninitialized memory read: $02E90
[WS] Uninitialized memory read: $02E92
[WS] Uninitialized memory read: $02E94
[WS] Uninitialized memory read: $02E96
[WS] Uninitialized memory read: $02E98
[WS] Uninitialized memory read: $02E9A
[WS] Uninitialized memory read: $02E9C
[WS] Uninitialized memory read: $02E9E
[WS] Uninitialized memory read: $02EA0
[WS] Uninitialized memory read: $02EA2
[WS] Uninitialized memory read: $02EA4
[WS] Uninitialized memory read: $02EA6
[WS] Uninitialized memory read: $02EA8
[WS] Uninitialized memory read: $02EAA
[WS] Uninitialized memory read: $02EAC
[WS] Uninitialized memory read: $02EAE
[WS] Uninitialized memory read: $02EB0
[WS] Uninitialized memory read: $02EB2
[WS] Uninitialized memory read: $02EB4
[WS] Uninitialized memory read: $02EB6
[WS] Uninitialized memory read: $02EB8
[WS] Uninitialized memory read: $02EBA
[WS] Uninitialized memory read: $02EBC
[WS] Uninitialized memory read: $02EBE
[WS] Uninitialized memory read: $02EC0
[WS] Uninitialized memory read: $02EC2
[WS] Uninitialized memory read: $02EC4
[WS] Uninitialized memory read: $02EC6
[WS] Uninitialized memory read: $02EC8
[WS] Uninitialized memory read: $02ECA
[WS] Uninitialized memory read: $02ECC
[WS] Uninitialized memory read: $02ECE
[WS] Uninitialized memory read: $02ED0
[WS] Uninitialized memory read: $02ED2
[WS] Uninitialized memory read: $02ED4
[WS] Uninitialized memory read: $02ED6
[WS] Uninitialized memory read: $02ED8
[WS] Uninitialized memory read: $02EDA
[WS] Uninitialized memory read: $02EDC
[WS] Uninitialized memory read: $02EDE
[WS] Uninitialized memory read: $02EE0
[WS] Uninitialized memory read: $02EE2
[WS] Uninitialized memory read: $02EE4
[WS] Uninitialized memory read: $02EE6
[WS] Uninitialized memory read: $02EE8
[WS] Uninitialized memory read: $02EEA
[WS] Uninitialized memory read: $02EEC
[WS] Uninitialized memory read: $02EEE
[WS] Uninitialized memory read: $02EF0
[WS] Uninitialized memory read: $02EF2
[WS] Uninitialized memory read: $02EF4
[WS] Uninitialized memory read: $02EF6
[WS] Uninitialized memory read: $02EF8
[WS] Uninitialized memory read: $02EFA
[WS] Uninitialized memory read: $02EFC
[WS] Uninitialized memory read: $02EFE
[WS] Uninitialized memory read: $02F00
[WS] Uninitialized memory read: $02F02
[WS] Uninitialized memory read: $02F04
[WS] Uninitialized memory read: $02F06
[WS] Uninitialized memory read: $02F08
[WS] Uninitialized memory read: $02F0A
[WS] Uninitialized memory read: $02F0C
[WS] Uninitialized memory read: $02F0E
[WS] Uninitialized memory read: $02F10
[WS] Uninitialized memory read: $02F12
[WS] Uninitialized memory read: $02F14
[WS] Uninitialized memory read: $02F16
[WS] Uninitialized memory read: $02F18
[WS] Uninitialized memory read: $02F1A
[WS] Uninitialized memory read: $02F1C
[WS] Uninitialized memory read: $02F1E
[WS] Uninitialized memory read: $02F20
[WS] Uninitialized memory read: $02F22
[WS] Uninitialized memory read: $02F24
[WS] Uninitialized memory read: $02F26
[WS] Uninitialized memory read: $02F28
[WS] Uninitialized memory read: $02F2A
[WS] Uninitialized memory read: $02F2C
[WS] Uninitialized memory read: $02F2E
[WS] Uninitialized memory read: $02F30
[WS] Uninitialized memory read: $02F32
[WS] Uninitialized memory read: $02F34
[WS] Uninitialized memory read: $02F36
[WS] Uninitialized memory read: $02F38
[WS] Uninitialized memory read: $02F3A
[WS] Uninitialized memory read: $02F3C
[WS] Uninitialized memory read: $02F3E
[WS] Uninitialized memory read: $02F40
[WS] Uninitialized memory read: $02F42
[WS] Uninitialized memory read: $02F44
[WS] Uninitialized memory read: $02F46
[WS] Uninitialized memory read: $02F48
[WS] Uninitialized memory read: $02F4A
[WS] Uninitialized memory read: $02F4C
[WS] Uninitialized memory read: $02F4E
[WS] Uninitialized memory read: $02F50
[WS] Uninitialized memory read: $02F52
[WS] Uninitialized memory read: $02F54
[WS] Uninitialized memory read: $02F56
[WS] Uninitialized memory read: $02F58
[WS] Uninitialized memory read: $02F5A
[WS] Uninitialized memory read: $02F5C
[WS] Uninitialized memory read: $02F5E
[WS] Uninitialized memory read: $02F60
[WS] Uninitialized memory read: $02F62
[WS] Uninitialized memory read: $02F64
[WS] Uninitialized memory read: $02F66
[WS] Uninitialized memory read: $02F68
[WS] Uninitialized memory read: $02F6A
[WS] Uninitialized memory read: $02F6C
[WS] Uninitialized memory read: $02F6E
[WS] Uninitialized memory read: $02F70
[WS] Uninitialized memory read: $02F72
[WS] Uninitialized memory read: $02F74
[WS] Uninitialized memory read: $02F76
[WS] Uninitialized memory read: $02F78
[WS] Uninitialized memory read: $02F7A
[WS] Uninitialized memory read: $02F7C
[WS] Uninitialized memory read: $02F7E
[WS] Uninitialized memory read: $02F80
[WS] Uninitialized memory read: $02F82
[WS] Uninitialized memory read: $02F84
[WS] Uninitialized memory read: $02F86
[WS] Uninitialized memory read: $02F88
[WS] Uninitialized memory read: $02F8A
[WS] Uninitialized memory read: $02F8C
[WS] Uninitialized memory read: $02F8E
[WS] Uninitialized memory read: $02F90
[WS] Uninitialized memory read: $02F92
[WS] Uninitialized memory read: $02F94
[WS] Uninitialized memory read: $02F96
[WS] Uninitialized memory read: $02F98
[WS] Uninitialized memory read: $02F9A
[WS] Uninitialized memory read: $02F9C
[WS] Uninitialized memory read: $02F9E
[WS] Uninitialized memory read: $02FA0
[WS] Uninitialized memory read: $02FA2
[WS] Uninitialized memory read: $02FA4
[WS] Uninitialized memory read: $02FA6
[WS] Uninitialized memory read: $02FA8
[WS] Uninitialized memory read: $02FAA
[WS] Uninitialized memory read: $02FAC
[WS] Uninitialized memory read: $02FAE
[WS] Uninitialized memory read: $02FB0
[WS] Uninitialized memory read: $02FB2
[WS] Uninitialized memory read: $02FB4
[WS] Uninitialized memory read: $02FB6
[WS] Uninitialized memory read: $02FB8
[WS] Uninitialized memory read: $02FBA
[WS] Uninitialized memory read: $02FBC
[WS] Uninitialized memory read: $02FBE
[WS] Uninitialized memory read: $02FC0
[WS] Uninitialized memory read: $02FC2
[WS] Uninitialized memory read: $02FC4
[WS] Uninitialized memory read: $02FC6
[WS] Uninitialized memory read: $02FC8
[WS] Uninitialized memory read: $02FCA
[WS] Uninitialized memory read: $02FCC
[WS] Uninitialized memory read: $02FCE
[WS] Uninitialized memory read: $02FD0
[WS] Uninitialized memory read: $02FD2
[WS] Uninitialized memory read: $02FD4
[WS] Uninitialized memory read: $02FD6
[WS] Uninitialized memory read: $02FD8
[WS] Uninitialized memory read: $02FDA
[WS] Uninitialized memory read: $02FDC
[WS] Uninitialized memory read: $02FDE
[WS] Uninitialized memory read: $02FE0
[WS] Uninitialized memory read: $02FE2
[WS] Uninitialized memory read: $02FE4
[WS] Uninitialized memory read: $02FE6
[WS] Uninitialized memory read: $02FE8
[WS] Uninitialized memory read: $02FEA
[WS] Uninitialized memory read: $02FEC
[WS] Uninitialized memory read: $02FEE
[WS] Uninitialized memory read: $02FF0
[WS] Uninitialized memory read: $02FF2
[WS] Uninitialized memory read: $02FF4
[WS] Uninitialized memory read: $02FF6
[WS] Uninitialized memory read: $02FF8
[WS] Uninitialized memory read: $02FFA
[WS] Uninitialized memory read: $02FFC
[WS] Uninitialized memory read: $02FFE
[WS] Uninitialized memory read: $0C000
[WS] Uninitialized memory read: $0C002
[WS] Uninitialized memory read: $0162C
[WS] Uninitialized memory read: $014E8
[WS] Uninitialized memory read: $014EE
[WS] Uninitialized memory read: $014EC
[WS] Uninitialized memory read: $01629
[WS] Uninitialized memory read: $0126B
[WS] Uninitialized memory read: $01290
[WS] Uninitialized memory read: $012B4
[WS] Uninitialized memory read: $015DB
[WS] Uninitialized memory read: $012AE
[WS] Uninitialized memory read: $0129C
[WS] Uninitialized memory read: $012A2
[WS] Uninitialized memory read: $012B1
[WS] Uninitialized memory read: $012AF
[WS] Uninitialized memory read: $014F4
[WS] Uninitialized memory read: $014FA
[WS] Uninitialized memory read: $01500
[WS] Uninitialized memory read: $01506
[WS] Uninitialized memory read: $01504
[WS] Uninitialized memory read: $0130B
[WS] Uninitialized memory read: $0150C
[WS] Uninitialized memory read: $0150A
[WS] Uninitialized memory read: $0135B
[WS] Uninitialized memory read: $01512
[WS] Uninitialized memory read: $01510
[WS] Uninitialized memory read: $013AB
[WS] Uninitialized memory read: $01518
[WS] Uninitialized memory read: $0151E
[WS] Uninitialized memory read: $01524
[WS] Uninitialized memory read: $0152A
[WS] Uninitialized memory read: $01528
[WS] Uninitialized memory read: $0144B
[WS] Uninitialized memory read: $0160A
[WS] Uninitialized memory read: $01620
[WS] Uninitialized memory read: $01622
[WS] Uninitialized memory read: $0163E
[WS] Uninitialized memory read: $01640
[WS] Uninitialized memory read: $0031E
[WS] Uninitialized memory read: $01268
[WS] Uninitialized memory read: $0CDF4
[WS] Uninitialized memory read: $01288
[WS] Uninitialized memory read: $0031C
[WS] Uninitialized memory read: $01266
[WS] Uninitialized memory read: $012AC
[WS] Uninitialized memory read: $012A8
[WS] Uninitialized memory read: $012B2
[WS] Uninitialized memory read: $012AA
[WS] Uninitialized memory read: $0162B
[WS] Uninitialized memory read: $0162A
[WS] Uninitialized memory read: $0C02A
[WS] Uninitialized memory read: $0C02C
[WS] Uninitialized memory read: $00F8A
[WS] Uninitialized memory read: $0C04E
[WS] Uninitialized memory read: $0C054
[WS] Uninitialized memory read: $0C056
[WS] Uninitialized memory read: $0C07C
[WS] Uninitialized memory read: $0C080
[WS] Uninitialized memory read: $0C0A7
[WS] Uninitialized memory read: $00F90
[WS] Uninitialized memory read: $00140
[WS] Uninitialized memory read: $00150
[WS] Uninitialized memory read: $00244
[WS] Uninitialized memory read: $001D4
[WS] Uninitialized memory read: $00142
[WS] Uninitialized memory read: $00152
[WS] Uninitialized memory read: $00245
[WS] Uninitialized memory read: $001FD
[WS] Uninitialized memory read: $0C0D1
[WS] Uninitialized memory read: $0C0D0
[WS] Uninitialized memory read: $0C0CA
[WS] Uninitialized memory read: $012A0
[WS] Uninitialized memory read: $0129E
[WS] Uninitialized memory read: $012A6
[WS] Uninitialized memory read: $012A4
[WS] Uninitialized memory read: $00144
[WS] Uninitialized memory read: $00154
[WS] Uninitialized memory read: $00246
[WS] Uninitialized memory read: $001D6
[WS] Uninitialized memory read: $001FE
[WS] Uninitialized memory read: $00216
[WS] Uninitialized memory read: $00146
[WS] Uninitialized memory read: $00156
[WS] Uninitialized memory read: $00183
[WS] Uninitialized memory read: $00247
[WS] Uninitialized memory read: $00217
[WS] Uninitialized memory read: $01717
[WS] Uninitialized memory read: $0CE53
[WS] Uninitialized memory read: $0CE47
[WS] Uninitialized memory read: $012B3
[WS] Uninitialized memory read: $0067E
[WS] Uninitialized memory read: $01614
[WS] Uninitialized memory read: $0CE44
[WS] Uninitialized memory read: $00678
[WS] Uninitialized memory read: $001AB
[WS] Uninitialized memory read: $00366
[WS] Uninitialized memory read: $014EA
[WS] Uninitialized memory read: $014F0
[WS] Uninitialized memory read: $014F6
[WS] Uninitialized memory read: $014FC
[WS] Uninitialized memory read: $01502
[WS] Uninitialized memory read: $01508
[WS] Uninitialized memory read: $0150E
[WS] Uninitialized memory read: $016FE
[WS] Uninitialized memory read: $0135A
[WS] Uninitialized memory read: $01700
[WS] Uninitialized memory read: $01616
[WS] Uninitialized memory read: $01625
[WS] Uninitialized memory read: $0CE52
[WS] Uninitialized memory read: $0CE50
[WS] Uninitialized memory read: $01380
[WS] Uninitialized memory read: $01384
[WS] Uninitialized memory read: $0135E
[WS] Uninitialized memory read: $0CE51
[WS] Uninitialized memory read: $002E2
[WS] Uninitialized memory read: $01370
[WS] Uninitialized memory read: $01356
[WS] Uninitialized memory read: $01358
[WS] Uninitialized memory read: $01378
[WS] Uninitialized memory read: $0CC52
[WS] Uninitialized memory read: $01590
[WS] Uninitialized memory read: $015B2
[WS] Uninitialized memory read: $015B4
[WS] Uninitialized memory read: $015B6
[WS] Uninitialized memory read: $015B8
[WS] Uninitialized memory read: $015BA
[WS] Uninitialized memory read: $015BC
[WS] Uninitialized memory read: $015BE
[WS] Uninitialized memory read: $015C0
[WS] Uninitialized memory read: $0CC6A
[WS] Uninitialized memory read: $01514
[WS] Uninitialized memory read: $0151A
[WS] Uninitialized memory read: $01520
[WS] Uninitialized memory read: $01526
[WS] Uninitialized memory read: $0152C
[WS] Uninitialized memory read: $0C008
[WS] Uninitialized memory read: $0C032
[WS] Uninitialized memory read: $0C05C
[WS] Uninitialized memory read: $0C086
[WS] Uninitialized memory read: $0C0B0
[WS] Uninitialized memory read: $0C0DA
[WS] Uninitialized memory read: $0C1AC
[WS] Uninitialized memory read: $0C1D6
[WS] Uninitialized memory read: $0C200
[WS] Uninitialized memory read: $0C22A
[WS] Uninitialized memory read: $0C254
[WS] Uninitialized memory read: $0C27E
[WS] Uninitialized memory read: $0C2A8
[WS] Uninitialized memory read: $0C2D2
[WS] Uninitialized memory read: $0C2FC
[WS] Uninitialized memory read: $0C326
[WS] Uninitialized memory read: $0C350
[WS] Uninitialized memory read: $0C37A
[WS] Uninitialized memory read: $0C3A4
[WS] Uninitialized memory read: $0C3CE
[WS] Uninitialized memory read: $0C3F8
[WS] Uninitialized memory read: $0C422
[WS] Uninitialized memory read: $0C44C
[WS] Uninitialized memory read: $0C476
[WS] Uninitialized memory read: $0C4A0
[WS] Uninitialized memory read: $0C4CA
[WS] Uninitialized memory read: $0C4F4
[WS] Uninitialized memory read: $0C51E
[WS] Uninitialized memory read: $0C548
[WS] Uninitialized memory read: $0C572
[WS] Uninitialized memory read: $0C59C
[WS] Uninitialized memory read: $0C5C6
[WS] Uninitialized memory read: $0C5F0
[WS] Uninitialized memory read: $0C61A
[WS] Uninitialized memory read: $0C644
[WS] Uninitialized memory read: $0C66E
[WS] Uninitialized memory read: $0C698
[WS] Uninitialized memory read: $0C6C2
[WS] Uninitialized memory read: $0C6EC
[WS] Uninitialized memory read: $0C716
[WS] Uninitialized memory read: $016FC
[WS] Uninitialized memory read: $01626
[WS] Uninitialized memory read: $0137D
[WS] Uninitialized memory read: $01129
[WS] Uninitialized memory read: $016F6
[WS] Uninitialized memory read: $0135F
[WS] Uninitialized memory read: $0135C
[WS] Uninitialized memory read: $00C3C
[WS] Uninitialized memory read: $016FF
[WS] Uninitialized memory read: $016F8
[WS] Uninitialized memory read: $01363
[WS] Uninitialized memory read: $0136C
[WS] Uninitialized memory read: $01618
[WS] Uninitialized memory read: $0139E
[WS] Uninitialized memory read: $0150D
[WS] Uninitialized memory read: $002F4
[WS] Uninitialized memory read: $02100
[WS] Uninitialized memory read: $02102
[WS] Uninitialized memory read: $02104
[WS] Uninitialized memory read: $02106
[WS] Uninitialized memory read: $02108
[WS] Uninitialized memory read: $0210A
[WS] Uninitialized memory read: $0210C
[WS] Uninitialized memory read: $0210E
[WS] Uninitialized memory read: $02110
[WS] Uninitialized memory read: $02112
[WS] Uninitialized memory read: $02114
[WS] Uninitialized memory read: $02116
[WS] Uninitialized memory read: $02118
[WS] Uninitialized memory read: $02140
[WS] Uninitialized memory read: $02142
[WS] Uninitialized memory read: $02144
[WS] Uninitialized memory read: $02146
[WS] Uninitialized memory read: $02148
[WS] Uninitialized memory read: $0214A
[WS] Uninitialized memory read: $0214C
[WS] Uninitialized memory read: $0214E
[WS] Uninitialized memory read: $02150
[WS] Uninitialized memory read: $02152
[WS] Uninitialized memory read: $02154
[WS] Uninitialized memory read: $02156
[WS] Uninitialized memory read: $02158
[WS] Uninitialized memory read: $02180
[WS] Uninitialized memory read: $02182
[WS] Uninitialized memory read: $02184
[WS] Uninitialized memory read: $02186
[WS] Uninitialized memory read: $02188
[WS] Uninitialized memory read: $0218A
[WS] Uninitialized memory read: $0218C
[WS] Uninitialized memory read: $0218E
[WS] Uninitialized memory read: $02190
[WS] Uninitialized memory read: $02192
[WS] Uninitialized memory read: $02194
[WS] Uninitialized memory read: $02196
[WS] Uninitialized memory read: $02198
[WS] Uninitialized memory read: $03100
[WS] Uninitialized memory read: $03102
[WS] Uninitialized memory read: $03104
[WS] Uninitialized memory read: $03106
[WS] Uninitialized memory read: $03108
[WS] Uninitialized memory read: $0310A
[WS] Uninitialized memory read: $0310C
[WS] Uninitialized memory read: $0310E
[WS] Uninitialized memory read: $03110
[WS] Uninitialized memory read: $03112
[WS] Uninitialized memory read: $03114
[WS] Uninitialized memory read: $03116
[WS] Uninitialized memory read: $03118
[WS] Uninitialized memory read: $03140
[WS] Uninitialized memory read: $03142
[WS] Uninitialized memory read: $03144
[WS] Uninitialized memory read: $03146
[WS] Uninitialized memory read: $03148
[WS] Uninitialized memory read: $0314A
[WS] Uninitialized memory read: $0314C
[WS] Uninitialized memory read: $0314E
[WS] Uninitialized memory read: $03150
[WS] Uninitialized memory read: $03152
[WS] Uninitialized memory read: $03154
[WS] Uninitialized memory read: $03156
[WS] Uninitialized memory read: $03158
[WS] Uninitialized memory read: $03180
[WS] Uninitialized memory read: $03182
[WS] Uninitialized memory read: $03184
[WS] Uninitialized memory read: $03186
[WS] Uninitialized memory read: $03188
[WS] Uninitialized memory read: $0318A
[WS] Uninitialized memory read: $0318C
[WS] Uninitialized memory read: $0318E
[WS] Uninitialized memory read: $03190
[WS] Uninitialized memory read: $03192
[WS] Uninitialized memory read: $03194
[WS] Uninitialized memory read: $03196
[WS] Uninitialized memory read: $03198
[WS] Uninitialized memory read: $0067A
[WS] Uninitialized memory read: $0CE4E
[WS] Uninitialized memory read: $0CE4C
[WS] Uninitialized memory read: $00680
[WS] Uninitialized memory read: $01704
[WS] Uninitialized memory read: $0CC6C
[WS] Uninitialized memory read: $0138C
[WS] Uninitialized memory read: $01392
[WS] Uninitialized memory read: $0138E
[WS] Uninitialized memory read: $01396
[WS] Uninitialized memory read: $01394
[WS] Uninitialized memory read: $013A4
[WS] Uninitialized memory read: $0C1A6
[WS] Uninitialized memory read: $03000
[WS] Uninitialized memory read: $03002
[WS] Uninitialized memory read: $03004
[WS] Uninitialized memory read: $03006
[WS] Uninitialized memory read: $03008
[WS] Uninitialized memory read: $0300A
[WS] Uninitialized memory read: $0300C
[WS] Uninitialized memory read: $0300E
[WS] Uninitialized memory read: $03010
[WS] Uninitialized memory read: $03012
[WS] Uninitialized memory read: $03014
[WS] Uninitialized memory read: $03016
[WS] Uninitialized memory read: $03018
[WS] Uninitialized memory read: $0301A
[WS] Uninitialized memory read: $0301C
[WS] Uninitialized memory read: $0301E
[WS] Uninitialized memory read: $03020
[WS] Uninitialized memory read: $03022
[WS] Uninitialized memory read: $03024
[WS] Uninitialized memory read: $03026
[WS] Uninitialized memory read: $03028
[WS] Uninitialized memory read: $0302A
[WS] Uninitialized memory read: $0302C
[WS] Uninitialized memory read: $0302E
[WS] Uninitialized memory read: $03030
[WS] Uninitialized memory read: $03032
[WS] Uninitialized memory read: $03034
[WS] Uninitialized memory read: $03036
[WS] Uninitialized memory read: $03038
[WS] Uninitialized memory read: $0303A
[WS] Uninitialized memory read: $0303C
[WS] Uninitialized memory read: $0303E
[WS] Uninitialized memory read: $03040
[WS] Uninitialized memory read: $03042
[WS] Uninitialized memory read: $03044
[WS] Uninitialized memory read: $03046
[WS] Uninitialized memory read: $03048
[WS] Uninitialized memory read: $0304A
[WS] Uninitialized memory read: $0304C
[WS] Uninitialized memory read: $0304E
[WS] Uninitialized memory read: $03050
[WS] Uninitialized memory read: $03052
[WS] Uninitialized memory read: $03054
[WS] Uninitialized memory read: $03056
[WS] Uninitialized memory read: $03058
[WS] Uninitialized memory read: $0305A
[WS] Uninitialized memory read: $0305C
[WS] Uninitialized memory read: $0305E
[WS] Uninitialized memory read: $03060
[WS] Uninitialized memory read: $03062
[WS] Uninitialized memory read: $03064
[WS] Uninitialized memory read: $03066
[WS] Uninitialized memory read: $03068
[WS] Uninitialized memory read: $0306A
[WS] Uninitialized memory read: $0306C
[WS] Uninitialized memory read: $0306E
[WS] Uninitialized memory read: $03070
[WS] Uninitialized memory read: $03072
[WS] Uninitialized memory read: $03074
[WS] Uninitialized memory read: $03076
[WS] Uninitialized memory read: $03078
[WS] Uninitialized memory read: $0307A
[WS] Uninitialized memory read: $0307C
[WS] Uninitialized memory read: $0307E
[WS] Uninitialized memory read: $03080
[WS] Uninitialized memory read: $03082
[WS] Uninitialized memory read: $03084
[WS] Uninitialized memory read: $03086
[WS] Uninitialized memory read: $03088
[WS] Uninitialized memory read: $0308A
[WS] Uninitialized memory read: $0308C
[WS] Uninitialized memory read: $0308E
[WS] Uninitialized memory read: $03090
[WS] Uninitialized memory read: $03092
[WS] Uninitialized memory read: $03094
[WS] Uninitialized memory read: $03096
[WS] Uninitialized memory read: $03098
[WS] Uninitialized memory read: $0309A
[WS] Uninitialized memory read: $0309C
[WS] Uninitialized memory read: $0309E
[WS] Uninitialized memory read: $030A0
[WS] Uninitialized memory read: $030A2
[WS] Uninitialized memory read: $030A4
[WS] Uninitialized memory read: $030A6
[WS] Uninitialized memory read: $030A8
[WS] Uninitialized memory read: $030AA
[WS] Uninitialized memory read: $030AC
[WS] Uninitialized memory read: $030AE
[WS] Uninitialized memory read: $030B0
[WS] Uninitialized memory read: $030B2
[WS] Uninitialized memory read: $030B4
[WS] Uninitialized memory read: $030B6
[WS] Uninitialized memory read: $030B8
[WS] Uninitialized memory read: $030BA
[WS] Uninitialized memory read: $030BC
[WS] Uninitialized memory read: $030BE
[WS] Uninitialized memory read: $030C0
[WS] Uninitialized memory read: $030C2
[WS] Uninitialized memory read: $030C4
[WS] Uninitialized memory read: $030C6
[WS] Uninitialized memory read: $030C8
[WS] Uninitialized memory read: $030CA
[WS] Uninitialized memory read: $030CC
[WS] Uninitialized memory read: $030CE
[WS] Uninitialized memory read: $030D0
[WS] Uninitialized memory read: $030D2
[WS] Uninitialized memory read: $030D4
[WS] Uninitialized memory read: $030D6
[WS] Uninitialized memory read: $030D8
[WS] Uninitialized memory read: $030DA
[WS] Uninitialized memory read: $030DC
[WS] Uninitialized memory read: $030DE
[WS] Uninitialized memory read: $030E0
[WS] Uninitialized memory read: $030E2
[WS] Uninitialized memory read: $030E4
[WS] Uninitialized memory read: $030E6
[WS] Uninitialized memory read: $030E8
[WS] Uninitialized memory read: $030EA
[WS] Uninitialized memory read: $030EC
[WS] Uninitialized memory read: $030EE
[WS] Uninitialized memory read: $030F0
[WS] Uninitialized memory read: $030F2
[WS] Uninitialized memory read: $030F4
[WS] Uninitialized memory read: $030F6
[WS] Uninitialized memory read: $030F8
[WS] Uninitialized memory read: $030FA
[WS] Uninitialized memory read: $030FC
[WS] Uninitialized memory read: $030FE
[WS] Uninitialized memory read: $0311A
[WS] Uninitialized memory read: $0311C
[WS] Uninitialized memory read: $0311E
[WS] Uninitialized memory read: $03120
[WS] Uninitialized memory read: $03122
[WS] Uninitialized memory read: $03124
[WS] Uninitialized memory read: $03126
[WS] Uninitialized memory read: $03128
[WS] Uninitialized memory read: $0312A
[WS] Uninitialized memory read: $0312C
[WS] Uninitialized memory read: $0312E
[WS] Uninitialized memory read: $03130
[WS] Uninitialized memory read: $03132
[WS] Uninitialized memory read: $03134
[WS] Uninitialized memory read: $03136
[WS] Uninitialized memory read: $03138
[WS] Uninitialized memory read: $0313A
[WS] Uninitialized memory read: $0313C
[WS] Uninitialized memory read: $0313E
[WS] Uninitialized memory read: $0315A
[WS] Uninitialized memory read: $0315C
[WS] Uninitialized memory read: $0315E
[WS] Uninitialized memory read: $03160
[WS] Uninitialized memory read: $03162
[WS] Uninitialized memory read: $03164
[WS] Uninitialized memory read: $03166
[WS] Uninitialized memory read: $03168
[WS] Uninitialized memory read: $0316A
[WS] Uninitialized memory read: $0316C
[WS] Uninitialized memory read: $0316E
[WS] Uninitialized memory read: $03170
[WS] Uninitialized memory read: $03172
[WS] Uninitialized memory read: $03174
[WS] Uninitialized memory read: $03176
[WS] Uninitialized memory read: $03178
[WS] Uninitialized memory read: $0317A
[WS] Uninitialized memory read: $0317C
[WS] Uninitialized memory read: $0317E
[WS] Uninitialized memory read: $0319A
[WS] Uninitialized memory read: $0319C
[WS] Uninitialized memory read: $0319E
[WS] Uninitialized memory read: $031A0
[WS] Uninitialized memory read: $031A2
[WS] Uninitialized memory read: $031A4
[WS] Uninitialized memory read: $031A6
[WS] Uninitialized memory read: $031A8
[WS] Uninitialized memory read: $031AA
[WS] Uninitialized memory read: $031AC
[WS] Uninitialized memory read: $031AE
[WS] Uninitialized memory read: $031B0
[WS] Uninitialized memory read: $031B2
[WS] Uninitialized memory read: $031B4
[WS] Uninitialized memory read: $031B6
[WS] Uninitialized memory read: $031B8
[WS] Uninitialized memory read: $031BA
[WS] Uninitialized memory read: $031BC
[WS] Uninitialized memory read: $031BE
[WS] Uninitialized memory read: $031C0
[WS] Uninitialized memory read: $031C2
[WS] Uninitialized memory read: $031C4
[WS] Uninitialized memory read: $031C6
[WS] Uninitialized memory read: $031C8
[WS] Uninitialized memory read: $031CA
[WS] Uninitialized memory read: $031CC
[WS] Uninitialized memory read: $031CE
[WS] Uninitialized memory read: $031D0
[WS] Uninitialized memory read: $031D2
[WS] Uninitialized memory read: $031D4
[WS] Uninitialized memory read: $031D6
[WS] Uninitialized memory read: $031D8
[WS] Uninitialized memory read: $031DA
[WS] Uninitialized memory read: $031DC
[WS] Uninitialized memory read: $031DE
[WS] Uninitialized memory read: $031E0
[WS] Uninitialized memory read: $031E2
[WS] Uninitialized memory read: $031E4
[WS] Uninitialized memory read: $031E6
[WS] Uninitialized memory read: $031E8
[WS] Uninitialized memory read: $031EA
[WS] Uninitialized memory read: $031EC
[WS] Uninitialized memory read: $031EE
[WS] Uninitialized memory read: $031F0
[WS] Uninitialized memory read: $031F2
[WS] Uninitialized memory read: $031F4
[WS] Uninitialized memory read: $031F6
[WS] Uninitialized memory read: $031F8
[WS] Uninitialized memory read: $031FA
[WS] Uninitialized memory read: $031FC
[WS] Uninitialized memory read: $031FE
[WS] Uninitialized memory read: $03200
[WS] Uninitialized memory read: $03202
[WS] Uninitialized memory read: $03204
[WS] Uninitialized memory read: $03206
[WS] Uninitialized memory read: $03208
[WS] Uninitialized memory read: $0320A
[WS] Uninitialized memory read: $0320C
[WS] Uninitialized memory read: $0320E
[WS] Uninitialized memory read: $03210
[WS] Uninitialized memory read: $03212
[WS] Uninitialized memory read: $03214
[WS] Uninitialized memory read: $03216
[WS] Uninitialized memory read: $03218
[WS] Uninitialized memory read: $0321A
[WS] Uninitialized memory read: $0321C
[WS] Uninitialized memory read: $0321E
[WS] Uninitialized memory read: $03220
[WS] Uninitialized memory read: $03222
[WS] Uninitialized memory read: $03224
[WS] Uninitialized memory read: $03226
[WS] Uninitialized memory read: $03228
[WS] Uninitialized memory read: $0322A
[WS] Uninitialized memory read: $0322C
[WS] Uninitialized memory read: $0322E
[WS] Uninitialized memory read: $03230
[WS] Uninitialized memory read: $03232
[WS] Uninitialized memory read: $03234
[WS] Uninitialized memory read: $03236
[WS] Uninitialized memory read: $03238
[WS] Uninitialized memory read: $0323A
[WS] Uninitialized memory read: $0323C
[WS] Uninitialized memory read: $0323E
[WS] Uninitialized memory read: $03240
[WS] Uninitialized memory read: $03242
[WS] Uninitialized memory read: $03244
[WS] Uninitialized memory read: $03246
[WS] Uninitialized memory read: $03248
[WS] Uninitialized memory read: $0324A
[WS] Uninitialized memory read: $0324C
[WS] Uninitialized memory read: $0324E
[WS] Uninitialized memory read: $03250
[WS] Uninitialized memory read: $03252
[WS] Uninitialized memory read: $03254
[WS] Uninitialized memory read: $03256
[WS] Uninitialized memory read: $03258
[WS] Uninitialized memory read: $0325A
[WS] Uninitialized memory read: $0325C
[WS] Uninitialized memory read: $0325E
[WS] Uninitialized memory read: $03260
[WS] Uninitialized memory read: $03262
[WS] Uninitialized memory read: $03264
[WS] Uninitialized memory read: $03266
[WS] Uninitialized memory read: $03268
[WS] Uninitialized memory read: $0326A
[WS] Uninitialized memory read: $0326C
[WS] Uninitialized memory read: $0326E
[WS] Uninitialized memory read: $03270
[WS] Uninitialized memory read: $03272
[WS] Uninitialized memory read: $03274
[WS] Uninitialized memory read: $03276
[WS] Uninitialized memory read: $03278
[WS] Uninitialized memory read: $0327A
[WS] Uninitialized memory read: $0327C
[WS] Uninitialized memory read: $0327E
[WS] Uninitialized memory read: $03280
[WS] Uninitialized memory read: $03282
[WS] Uninitialized memory read: $03284
[WS] Uninitialized memory read: $03286
[WS] Uninitialized memory read: $03288
[WS] Uninitialized memory read: $0328A
[WS] Uninitialized memory read: $0328C
[WS] Uninitialized memory read: $0328E
[WS] Uninitialized memory read: $03290
[WS] Uninitialized memory read: $03292
[WS] Uninitialized memory read: $03294
[WS] Uninitialized memory read: $03296
[WS] Uninitialized memory read: $03298
[WS] Uninitialized memory read: $0329A
[WS] Uninitialized memory read: $0329C
[WS] Uninitialized memory read: $0329E
[WS] Uninitialized memory read: $032A0
[WS] Uninitialized memory read: $032A2
[WS] Uninitialized memory read: $032A4
[WS] Uninitialized memory read: $032A6
[WS] Uninitialized memory read: $032A8
[WS] Uninitialized memory read: $032AA
[WS] Uninitialized memory read: $032AC
[WS] Uninitialized memory read: $032AE
[WS] Uninitialized memory read: $032B0
[WS] Uninitialized memory read: $032B2
[WS] Uninitialized memory read: $032B4
[WS] Uninitialized memory read: $032B6
[WS] Uninitialized memory read: $032B8
[WS] Uninitialized memory read: $032BA
[WS] Uninitialized memory read: $032BC
[WS] Uninitialized memory read: $032BE
[WS] Uninitialized memory read: $032C0
[WS] Uninitialized memory read: $032C2
[WS] Uninitialized memory read: $032C4
[WS] Uninitialized memory read: $032C6
[WS] Uninitialized memory read: $032C8
[WS] Uninitialized memory read: $032CA
[WS] Uninitialized memory read: $032CC
[WS] Uninitialized memory read: $032CE
[WS] Uninitialized memory read: $032D0
[WS] Uninitialized memory read: $032D2
[WS] Uninitialized memory read: $032D4
[WS] Uninitialized memory read: $032D6
[WS] Uninitialized memory read: $032D8
[WS] Uninitialized memory read: $032DA
[WS] Uninitialized memory read: $032DC
[WS] Uninitialized memory read: $032DE
[WS] Uninitialized memory read: $032E0
[WS] Uninitialized memory read: $032E2
[WS] Uninitialized memory read: $032E4
[WS] Uninitialized memory read: $032E6
[WS] Uninitialized memory read: $032E8
[WS] Uninitialized memory read: $032EA
[WS] Uninitialized memory read: $032EC
[WS] Uninitialized memory read: $032EE
[WS] Uninitialized memory read: $032F0
[WS] Uninitialized memory read: $032F2
[WS] Uninitialized memory read: $032F4
[WS] Uninitialized memory read: $032F6
[WS] Uninitialized memory read: $032F8
[WS] Uninitialized memory read: $032FA
[WS] Uninitialized memory read: $032FC
[WS] Uninitialized memory read: $032FE
[WS] Uninitialized memory read: $03300
[WS] Uninitialized memory read: $03302
[WS] Uninitialized memory read: $03304
[WS] Uninitialized memory read: $03306
[WS] Uninitialized memory read: $03308
[WS] Uninitialized memory read: $0330A
[WS] Uninitialized memory read: $0330C
[WS] Uninitialized memory read: $0330E
[WS] Uninitialized memory read: $03310
[WS] Uninitialized memory read: $03312
[WS] Uninitialized memory read: $03314
[WS] Uninitialized memory read: $03316
[WS] Uninitialized memory read: $03318
[WS] Uninitialized memory read: $0331A
[WS] Uninitialized memory read: $0331C
[WS] Uninitialized memory read: $0331E
[WS] Uninitialized memory read: $03320
[WS] Uninitialized memory read: $03322
[WS] Uninitialized memory read: $03324
[WS] Uninitialized memory read: $03326
[WS] Uninitialized memory read: $03328
[WS] Uninitialized memory read: $0332A
[WS] Uninitialized memory read: $0332C
[WS] Uninitialized memory read: $0332E
[WS] Uninitialized memory read: $03330
[WS] Uninitialized memory read: $03332
[WS] Uninitialized memory read: $03334
[WS] Uninitialized memory read: $03336
[WS] Uninitialized memory read: $03338
[WS] Uninitialized memory read: $0333A
[WS] Uninitialized memory read: $0333C
[WS] Uninitialized memory read: $0333E
[WS] Uninitialized memory read: $03340
[WS] Uninitialized memory read: $03342
[WS] Uninitialized memory read: $03344
[WS] Uninitialized memory read: $03346
[WS] Uninitialized memory read: $03348
[WS] Uninitialized memory read: $0334A
[WS] Uninitialized memory read: $0334C
[WS] Uninitialized memory read: $0334E
[WS] Uninitialized memory read: $03350
[WS] Uninitialized memory read: $03352
[WS] Uninitialized memory read: $03354
[WS] Uninitialized memory read: $03356
[WS] Uninitialized memory read: $03358
[WS] Uninitialized memory read: $0335A
[WS] Uninitialized memory read: $0335C
[WS] Uninitialized memory read: $0335E
[WS] Uninitialized memory read: $03360
[WS] Uninitialized memory read: $03362
[WS] Uninitialized memory read: $03364
[WS] Uninitialized memory read: $03366
[WS] Uninitialized memory read: $03368
[WS] Uninitialized memory read: $0336A
[WS] Uninitialized memory read: $0336C
[WS] Uninitialized memory read: $0336E
[WS] Uninitialized memory read: $03370
[WS] Uninitialized memory read: $03372
[WS] Uninitialized memory read: $03374
[WS] Uninitialized memory read: $03376
[WS] Uninitialized memory read: $03378
[WS] Uninitialized memory read: $0337A
[WS] Uninitialized memory read: $0337C
[WS] Uninitialized memory read: $0337E
[WS] Uninitialized memory read: $03380
[WS] Uninitialized memory read: $03382
[WS] Uninitialized memory read: $03384
[WS] Uninitialized memory read: $03386
[WS] Uninitialized memory read: $03388
[WS] Uninitialized memory read: $0338A
[WS] Uninitialized memory read: $0338C
[WS] Uninitialized memory read: $0338E
[WS] Uninitialized memory read: $03390
[WS] Uninitialized memory read: $03392
[WS] Uninitialized memory read: $03394
[WS] Uninitialized memory read: $03396
[WS] Uninitialized memory read: $03398
[WS] Uninitialized memory read: $0339A
[WS] Uninitialized memory read: $0339C
[WS] Uninitialized memory read: $0339E
[WS] Uninitialized memory read: $033A0
[WS] Uninitialized memory read: $033A2
[WS] Uninitialized memory read: $033A4
[WS] Uninitialized memory read: $033A6
[WS] Uninitialized memory read: $033A8
[WS] Uninitialized memory read: $033AA
[WS] Uninitialized memory read: $033AC
[WS] Uninitialized memory read: $033AE
[WS] Uninitialized memory read: $033B0
[WS] Uninitialized memory read: $033B2
[WS] Uninitialized memory read: $033B4
[WS] Uninitialized memory read: $033B6
[WS] Uninitialized memory read: $033B8
[WS] Uninitialized memory read: $033BA
[WS] Uninitialized memory read: $033BC
[WS] Uninitialized memory read: $033BE
[WS] Uninitialized memory read: $033C0
[WS] Uninitialized memory read: $033C2
[WS] Uninitialized memory read: $033C4
[WS] Uninitialized memory read: $033C6
[WS] Uninitialized memory read: $033C8
[WS] Uninitialized memory read: $033CA
[WS] Uninitialized memory read: $033CC
[WS] Uninitialized memory read: $033CE
[WS] Uninitialized memory read: $033D0
[WS] Uninitialized memory read: $033D2
[WS] Uninitialized memory read: $033D4
[WS] Uninitialized memory read: $033D6
[WS] Uninitialized memory read: $033D8
[WS] Uninitialized memory read: $033DA
[WS] Uninitialized memory read: $033DC
[WS] Uninitialized memory read: $033DE
[WS] Uninitialized memory read: $033E0
[WS] Uninitialized memory read: $033E2
[WS] Uninitialized memory read: $033E4
[WS] Uninitialized memory read: $033E6
[WS] Uninitialized memory read: $033E8
[WS] Uninitialized memory read: $033EA
[WS] Uninitialized memory read: $033EC
[WS] Uninitialized memory read: $033EE
[WS] Uninitialized memory read: $033F0
[WS] Uninitialized memory read: $033F2
[WS] Uninitialized memory read: $033F4
[WS] Uninitialized memory read: $033F6
[WS] Uninitialized memory read: $033F8
[WS] Uninitialized memory read: $033FA
[WS] Uninitialized memory read: $033FC
[WS] Uninitialized memory read: $033FE
[WS] Uninitialized memory read: $03400
[WS] Uninitialized memory read: $03402
[WS] Uninitialized memory read: $03404
[WS] Uninitialized memory read: $03406
[WS] Uninitialized memory read: $03408
[WS] Uninitialized memory read: $0340A
[WS] Uninitialized memory read: $0340C
[WS] Uninitialized memory read: $0340E
[WS] Uninitialized memory read: $03410
[WS] Uninitialized memory read: $03412
[WS] Uninitialized memory read: $03414
[WS] Uninitialized memory read: $03416
[WS] Uninitialized memory read: $03418
[WS] Uninitialized memory read: $0341A
[WS] Uninitialized memory read: $0341C
[WS] Uninitialized memory read: $0341E
[WS] Uninitialized memory read: $03420
[WS] Uninitialized memory read: $03422
[WS] Uninitialized memory read: $03424
[WS] Uninitialized memory read: $03426
[WS] Uninitialized memory read: $03428
[WS] Uninitialized memory read: $0342A
[WS] Uninitialized memory read: $0342C
[WS] Uninitialized memory read: $0342E
[WS] Uninitialized memory read: $03430
[WS] Uninitialized memory read: $03432
[WS] Uninitialized memory read: $03434
[WS] Uninitialized memory read: $03436
[WS] Uninitialized memory read: $03438
[WS] Uninitialized memory read: $0343A
[WS] Uninitialized memory read: $0343C
[WS] Uninitialized memory read: $0343E
[WS] Uninitialized memory read: $03440
[WS] Uninitialized memory read: $03442
[WS] Uninitialized memory read: $03444
[WS] Uninitialized memory read: $03446
[WS] Uninitialized memory read: $03448
[WS] Uninitialized memory read: $0344A
[WS] Uninitialized memory read: $0344C
[WS] Uninitialized memory read: $0344E
[WS] Uninitialized memory read: $03450
[WS] Uninitialized memory read: $03452
[WS] Uninitialized memory read: $03454
[WS] Uninitialized memory read: $03456
[WS] Uninitialized memory read: $03458
[WS] Uninitialized memory read: $0345A
[WS] Uninitialized memory read: $0345C
[WS] Uninitialized memory read: $0345E
[WS] Uninitialized memory read: $03460
[WS] Uninitialized memory read: $03462
[WS] Uninitialized memory read: $03464
[WS] Uninitialized memory read: $03466
[WS] Uninitialized memory read: $03468
[WS] Uninitialized memory read: $0346A
[WS] Uninitialized memory read: $0346C
[WS] Uninitialized memory read: $0346E
[WS] Uninitialized memory read: $03470
[WS] Uninitialized memory read: $03472
[WS] Uninitialized memory read: $03474
[WS] Uninitialized memory read: $03476
[WS] Uninitialized memory read: $03478
[WS] Uninitialized memory read: $0347A
[WS] Uninitialized memory read: $0347C
[WS] Uninitialized memory read: $0347E
[WS] Uninitialized memory read: $03480
[WS] Uninitialized memory read: $03482
[WS] Uninitialized memory read: $03484
[WS] Uninitialized memory read: $03486
[WS] Uninitialized memory read: $03488
[WS] Uninitialized memory read: $0348A
[WS] Uninitialized memory read: $0348C
[WS] Uninitialized memory read: $0348E
[WS] Uninitialized memory read: $03490
[WS] Uninitialized memory read: $03492
[WS] Uninitialized memory read: $03494
[WS] Uninitialized memory read: $03496
[WS] Uninitialized memory read: $03498
[WS] Uninitialized memory read: $0349A
[WS] Uninitialized memory read: $0349C
[WS] Uninitialized memory read: $0349E
[WS] Uninitialized memory read: $034A0
[WS] Uninitialized memory read: $034A2
[WS] Uninitialized memory read: $034A4
[WS] Uninitialized memory read: $034A6
[WS] Uninitialized memory read: $034A8
[WS] Uninitialized memory read: $034AA
[WS] Uninitialized memory read: $034AC
[WS] Uninitialized memory read: $034AE
[WS] Uninitialized memory read: $034B0
[WS] Uninitialized memory read: $034B2
[WS] Uninitialized memory read: $034B4
[WS] Uninitialized memory read: $034B6
[WS] Uninitialized memory read: $034B8
[WS] Uninitialized memory read: $034BA
[WS] Uninitialized memory read: $034BC
[WS] Uninitialized memory read: $034BE
[WS] Uninitialized memory read: $034C0
[WS] Uninitialized memory read: $034C2
[WS] Uninitialized memory read: $034C4
[WS] Uninitialized memory read: $034C6
[WS] Uninitialized memory read: $034C8
[WS] Uninitialized memory read: $034CA
[WS] Uninitialized memory read: $034CC
[WS] Uninitialized memory read: $034CE
[WS] Uninitialized memory read: $034D0
[WS] Uninitialized memory read: $034D2
[WS] Uninitialized memory read: $034D4
[WS] Uninitialized memory read: $034D6
[WS] Uninitialized memory read: $034D8
[WS] Uninitialized memory read: $034DA
[WS] Uninitialized memory read: $034DC
[WS] Uninitialized memory read: $034DE
[WS] Uninitialized memory read: $034E0
[WS] Uninitialized memory read: $034E2
[WS] Uninitialized memory read: $034E4
[WS] Uninitialized memory read: $034E6
[WS] Uninitialized memory read: $034E8
[WS] Uninitialized memory read: $034EA
[WS] Uninitialized memory read: $034EC
[WS] Uninitialized memory read: $034EE
[WS] Uninitialized memory read: $034F0
[WS] Uninitialized memory read: $034F2
[WS] Uninitialized memory read: $034F4
[WS] Uninitialized memory read: $034F6
[WS] Uninitialized memory read: $034F8
[WS] Uninitialized memory read: $034FA
[WS] Uninitialized memory read: $034FC
[WS] Uninitialized memory read: $034FE
[WS] Uninitialized memory read: $03500
[WS] Uninitialized memory read: $03502
[WS] Uninitialized memory read: $03504
[WS] Uninitialized memory read: $03506
[WS] Uninitialized memory read: $03508
[WS] Uninitialized memory read: $0350A
[WS] Uninitialized memory read: $0350C
[WS] Uninitialized memory read: $0350E
[WS] Uninitialized memory read: $03510
[WS] Uninitialized memory read: $03512
[WS] Uninitialized memory read: $03514
[WS] Uninitialized memory read: $03516
[WS] Uninitialized memory read: $03518
[WS] Uninitialized memory read: $0351A
[WS] Uninitialized memory read: $0351C
[WS] Uninitialized memory read: $0351E
[WS] Uninitialized memory read: $03520
[WS] Uninitialized memory read: $03522
[WS] Uninitialized memory read: $03524
[WS] Uninitialized memory read: $03526
[WS] Uninitialized memory read: $03528
[WS] Uninitialized memory read: $0352A
[WS] Uninitialized memory read: $0352C
[WS] Uninitialized memory read: $0352E
[WS] Uninitialized memory read: $03530
[WS] Uninitialized memory read: $03532
[WS] Uninitialized memory read: $03534
[WS] Uninitialized memory read: $03536
[WS] Uninitialized memory read: $03538
[WS] Uninitialized memory read: $0353A
[WS] Uninitialized memory read: $0353C
[WS] Uninitialized memory read: $0353E
[WS] Uninitialized memory read: $03540
[WS] Uninitialized memory read: $03542
[WS] Uninitialized memory read: $03544
[WS] Uninitialized memory read: $03546
[WS] Uninitialized memory read: $03548
[WS] Uninitialized memory read: $0354A
[WS] Uninitialized memory read: $0354C
[WS] Uninitialized memory read: $0354E
[WS] Uninitialized memory read: $03550
[WS] Uninitialized memory read: $03552
[WS] Uninitialized memory read: $03554
[WS] Uninitialized memory read: $03556
[WS] Uninitialized memory read: $03558
[WS] Uninitialized memory read: $0355A
[WS] Uninitialized memory read: $0355C
[WS] Uninitialized memory read: $0355E
[WS] Uninitialized memory read: $03560
[WS] Uninitialized memory read: $03562
[WS] Uninitialized memory read: $03564
[WS] Uninitialized memory read: $03566
[WS] Uninitialized memory read: $03568
[WS] Uninitialized memory read: $0356A
[WS] Uninitialized memory read: $0356C
[WS] Uninitialized memory read: $0356E
[WS] Uninitialized memory read: $03570
[WS] Uninitialized memory read: $03572
[WS] Uninitialized memory read: $03574
[WS] Uninitialized memory read: $03576
[WS] Uninitialized memory read: $03578
[WS] Uninitialized memory read: $0357A
[WS] Uninitialized memory read: $0357C
[WS] Uninitialized memory read: $0357E
[WS] Uninitialized memory read: $03580
[WS] Uninitialized memory read: $03582
[WS] Uninitialized memory read: $03584
[WS] Uninitialized memory read: $03586
[WS] Uninitialized memory read: $03588
[WS] Uninitialized memory read: $0358A
[WS] Uninitialized memory read: $0358C
[WS] Uninitialized memory read: $0358E
[WS] Uninitialized memory read: $03590
[WS] Uninitialized memory read: $03592
[WS] Uninitialized memory read: $03594
[WS] Uninitialized memory read: $03596
[WS] Uninitialized memory read: $03598
[WS] Uninitialized memory read: $0359A
[WS] Uninitialized memory read: $0359C
[WS] Uninitialized memory read: $0359E
[WS] Uninitialized memory read: $035A0
[WS] Uninitialized memory read: $035A2
[WS] Uninitialized memory read: $035A4
[WS] Uninitialized memory read: $035A6
[WS] Uninitialized memory read: $035A8
[WS] Uninitialized memory read: $035AA
[WS] Uninitialized memory read: $035AC
[WS] Uninitialized memory read: $035AE
[WS] Uninitialized memory read: $035B0
[WS] Uninitialized memory read: $035B2
[WS] Uninitialized memory read: $035B4
[WS] Uninitialized memory read: $035B6
[WS] Uninitialized memory read: $035B8
[WS] Uninitialized memory read: $035BA
[WS] Uninitialized memory read: $035BC
[WS] Uninitialized memory read: $035BE
[WS] Uninitialized memory read: $035C0
[WS] Uninitialized memory read: $035C2
[WS] Uninitialized memory read: $035C4
[WS] Uninitialized memory read: $035C6
[WS] Uninitialized memory read: $035C8
[WS] Uninitialized memory read: $035CA
[WS] Uninitialized memory read: $035CC
[WS] Uninitialized memory read: $035CE
[WS] Uninitialized memory read: $035D0
[WS] Uninitialized memory read: $035D2
[WS] Uninitialized memory read: $035D4
[WS] Uninitialized memory read: $035D6
[WS] Uninitialized memory read: $035D8
[WS] Uninitialized memory read: $035DA
[WS] Uninitialized memory read: $035DC
[WS] Uninitialized memory read: $035DE
[WS] Uninitialized memory read: $035E0
[WS] Uninitialized memory read: $035E2
[WS] Uninitialized memory read: $035E4
[WS] Uninitialized memory read: $035E6
[WS] Uninitialized memory read: $035E8
[WS] Uninitialized memory read: $035EA
[WS] Uninitialized memory read: $035EC
[WS] Uninitialized memory read: $035EE
[WS] Uninitialized memory read: $035F0
[WS] Uninitialized memory read: $035F2
[WS] Uninitialized memory read: $035F4
[WS] Uninitialized memory read: $035F6
[WS] Uninitialized memory read: $035F8
[WS] Uninitialized memory read: $035FA
[WS] Uninitialized memory read: $035FC
[WS] Uninitialized memory read: $035FE
[WS] Uninitialized memory read: $03600
[WS] Uninitialized memory read: $03602
[WS] Uninitialized memory read: $03604
[WS] Uninitialized memory read: $03606
[WS] Uninitialized memory read: $03608
[WS] Uninitialized memory read: $0360A
[WS] Uninitialized memory read: $0360C
[WS] Uninitialized memory read: $0360E
[WS] Uninitialized memory read: $03610
[WS] Uninitialized memory read: $03612
[WS] Uninitialized memory read: $03614
[WS] Uninitialized memory read: $03616
[WS] Uninitialized memory read: $03618
[WS] Uninitialized memory read: $0361A
[WS] Uninitialized memory read: $0361C
[WS] Uninitialized memory read: $0361E
[WS] Uninitialized memory read: $03620
[WS] Uninitialized memory read: $03622
[WS] Uninitialized memory read: $03624
[WS] Uninitialized memory read: $03626
[WS] Uninitialized memory read: $03628
[WS] Uninitialized memory read: $0362A
[WS] Uninitialized memory read: $0362C
[WS] Uninitialized memory read: $0362E
[WS] Uninitialized memory read: $03630
[WS] Uninitialized memory read: $03632
[WS] Uninitialized memory read: $03634
[WS] Uninitialized memory read: $03636
[WS] Uninitialized memory read: $03638
[WS] Uninitialized memory read: $0363A
[WS] Uninitialized memory read: $0363C
[WS] Uninitialized memory read: $0363E
[WS] Uninitialized memory read: $03640
[WS] Uninitialized memory read: $03642
[WS] Uninitialized memory read: $03644
[WS] Uninitialized memory read: $03646
[WS] Uninitialized memory read: $03648
[WS] Uninitialized memory read: $0364A
[WS] Uninitialized memory read: $0364C
[WS] Uninitialized memory read: $0364E
[WS] Uninitialized memory read: $03650
[WS] Uninitialized memory read: $03652
[WS] Uninitialized memory read: $03654
[WS] Uninitialized memory read: $03656
[WS] Uninitialized memory read: $03658
[WS] Uninitialized memory read: $0365A
[WS] Uninitialized memory read: $0365C
[WS] Uninitialized memory read: $0365E
[WS] Uninitialized memory read: $03660
[WS] Uninitialized memory read: $03662
[WS] Uninitialized memory read: $03664
[WS] Uninitialized memory read: $03666
[WS] Uninitialized memory read: $03668
[WS] Uninitialized memory read: $0366A
[WS] Uninitialized memory read: $0366C
[WS] Uninitialized memory read: $0366E
[WS] Uninitialized memory read: $03670
[WS] Uninitialized memory read: $03672
[WS] Uninitialized memory read: $03674
[WS] Uninitialized memory read: $03676
[WS] Uninitialized memory read: $03678
[WS] Uninitialized memory read: $0367A
[WS] Uninitialized memory read: $0367C
[WS] Uninitialized memory read: $0367E
[WS] Uninitialized memory read: $03680
[WS] Uninitialized memory read: $03682
[WS] Uninitialized memory read: $03684
[WS] Uninitialized memory read: $03686
[WS] Uninitialized memory read: $03688
[WS] Uninitialized memory read: $0368A
[WS] Uninitialized memory read: $0368C
[WS] Uninitialized memory read: $0368E
[WS] Uninitialized memory read: $03690
[WS] Uninitialized memory read: $03692
[WS] Uninitialized memory read: $03694
[WS] Uninitialized memory read: $03696
[WS] Uninitialized memory read: $03698
[WS] Uninitialized memory read: $0369A
[WS] Uninitialized memory read: $0369C
[WS] Uninitialized memory read: $0369E
[WS] Uninitialized memory read: $036A0
[WS] Uninitialized memory read: $036A2
[WS] Uninitialized memory read: $036A4
[WS] Uninitialized memory read: $036A6
[WS] Uninitialized memory read: $036A8
[WS] Uninitialized memory read: $036AA
[WS] Uninitialized memory read: $036AC
[WS] Uninitialized memory read: $036AE
[WS] Uninitialized memory read: $036B0
[WS] Uninitialized memory read: $036B2
[WS] Uninitialized memory read: $036B4
[WS] Uninitialized memory read: $036B6
[WS] Uninitialized memory read: $036B8
[WS] Uninitialized memory read: $036BA
[WS] Uninitialized memory read: $036BC
[WS] Uninitialized memory read: $036BE
[WS] Uninitialized memory read: $036C0
[WS] Uninitialized memory read: $036C2
[WS] Uninitialized memory read: $036C4
[WS] Uninitialized memory read: $036C6
[WS] Uninitialized memory read: $036C8
[WS] Uninitialized memory read: $036CA
[WS] Uninitialized memory read: $036CC
[WS] Uninitialized memory read: $036CE
[WS] Uninitialized memory read: $036D0
[WS] Uninitialized memory read: $036D2
[WS] Uninitialized memory read: $036D4
[WS] Uninitialized memory read: $036D6
[WS] Uninitialized memory read: $036D8
[WS] Uninitialized memory read: $036DA
[WS] Uninitialized memory read: $036DC
[WS] Uninitialized memory read: $036DE
[WS] Uninitialized memory read: $036E0
[WS] Uninitialized memory read: $036E2
[WS] Uninitialized memory read: $036E4
[WS] Uninitialized memory read: $036E6
[WS] Uninitialized memory read: $036E8
[WS] Uninitialized memory read: $036EA
[WS] Uninitialized memory read: $036EC
[WS] Uninitialized memory read: $036EE
[WS] Uninitialized memory read: $036F0
[WS] Uninitialized memory read: $036F2
[WS] Uninitialized memory read: $036F4
[WS] Uninitialized memory read: $036F6
[WS] Uninitialized memory read: $036F8
[WS] Uninitialized memory read: $036FA
[WS] Uninitialized memory read: $036FC
[WS] Uninitialized memory read: $036FE
[WS] Uninitialized memory read: $03700
[WS] Uninitialized memory read: $03702
[WS] Uninitialized memory read: $03704
[WS] Uninitialized memory read: $03706
[WS] Uninitialized memory read: $03708
[WS] Uninitialized memory read: $0370A
[WS] Uninitialized memory read: $0370C
[WS] Uninitialized memory read: $0370E
[WS] Uninitialized memory read: $03710
[WS] Uninitialized memory read: $03712
[WS] Uninitialized memory read: $03714
[WS] Uninitialized memory read: $03716
[WS] Uninitialized memory read: $03718
[WS] Uninitialized memory read: $0371A
[WS] Uninitialized memory read: $0371C
[WS] Uninitialized memory read: $0371E
[WS] Uninitialized memory read: $03720
[WS] Uninitialized memory read: $03722
[WS] Uninitialized memory read: $03724
[WS] Uninitialized memory read: $03726
[WS] Uninitialized memory read: $03728
[WS] Uninitialized memory read: $0372A
[WS] Uninitialized memory read: $0372C
[WS] Uninitialized memory read: $0372E
[WS] Uninitialized memory read: $03730
[WS] Uninitialized memory read: $03732
[WS] Uninitialized memory read: $03734
[WS] Uninitialized memory read: $03736
[WS] Uninitialized memory read: $03738
[WS] Uninitialized memory read: $0373A
[WS] Uninitialized memory read: $0373C
[WS] Uninitialized memory read: $0373E
[WS] Uninitialized memory read: $03740
[WS] Uninitialized memory read: $03742
[WS] Uninitialized memory read: $03744
[WS] Uninitialized memory read: $03746
[WS] Uninitialized memory read: $03748
[WS] Uninitialized memory read: $0374A
[WS] Uninitialized memory read: $0374C
[WS] Uninitialized memory read: $0374E
[WS] Uninitialized memory read: $03750
[WS] Uninitialized memory read: $03752
[WS] Uninitialized memory read: $03754
[WS] Uninitialized memory read: $03756
[WS] Uninitialized memory read: $03758
[WS] Uninitialized memory read: $0375A
[WS] Uninitialized memory read: $0375C
[WS] Uninitialized memory read: $0375E
[WS] Uninitialized memory read: $03760
[WS] Uninitialized memory read: $03762
[WS] Uninitialized memory read: $03764
[WS] Uninitialized memory read: $03766
[WS] Uninitialized memory read: $03768
[WS] Uninitialized memory read: $0376A
[WS] Uninitialized memory read: $0376C
[WS] Uninitialized memory read: $0376E
[WS] Uninitialized memory read: $03770
[WS] Uninitialized memory read: $03772
[WS] Uninitialized memory read: $03774
[WS] Uninitialized memory read: $03776
[WS] Uninitialized memory read: $03778
[WS] Uninitialized memory read: $0377A
[WS] Uninitialized memory read: $0377C
[WS] Uninitialized memory read: $0377E
[WS] Uninitialized memory read: $03780
[WS] Uninitialized memory read: $03782
[WS] Uninitialized memory read: $03784
[WS] Uninitialized memory read: $03786
[WS] Uninitialized memory read: $03788
[WS] Uninitialized memory read: $0378A
[WS] Uninitialized memory read: $0378C
[WS] Uninitialized memory read: $0378E
[WS] Uninitialized memory read: $03790
[WS] Uninitialized memory read: $03792
[WS] Uninitialized memory read: $03794
[WS] Uninitialized memory read: $03796
[WS] Uninitialized memory read: $03798
[WS] Uninitialized memory read: $0379A
[WS] Uninitialized memory read: $0379C
[WS] Uninitialized memory read: $0379E
[WS] Uninitialized memory read: $037A0
[WS] Uninitialized memory read: $037A2
[WS] Uninitialized memory read: $037A4
[WS] Uninitialized memory read: $037A6
[WS] Uninitialized memory read: $037A8
[WS] Uninitialized memory read: $037AA
[WS] Uninitialized memory read: $037AC
[WS] Uninitialized memory read: $037AE
[WS] Uninitialized memory read: $037B0
[WS] Uninitialized memory read: $037B2
[WS] Uninitialized memory read: $037B4
[WS] Uninitialized memory read: $037B6
[WS] Uninitialized memory read: $037B8
[WS] Uninitialized memory read: $037BA
[WS] Uninitialized memory read: $037BC
[WS] Uninitialized memory read: $037BE
[WS] Uninitialized memory read: $037C0
[WS] Uninitialized memory read: $037C2
[WS] Uninitialized memory read: $037C4
[WS] Uninitialized memory read: $037C6
[WS] Uninitialized memory read: $037C8
[WS] Uninitialized memory read: $037CA
[WS] Uninitialized memory read: $037CC
[WS] Uninitialized memory read: $037CE
[WS] Uninitialized memory read: $037D0
[WS] Uninitialized memory read: $037D2
[WS] Uninitialized memory read: $037D4
[WS] Uninitialized memory read: $037D6
[WS] Uninitialized memory read: $037D8
[WS] Uninitialized memory read: $037DA
[WS] Uninitialized memory read: $037DC
[WS] Uninitialized memory read: $037DE
[WS] Uninitialized memory read: $037E0
[WS] Uninitialized memory read: $037E2
[WS] Uninitialized memory read: $037E4
[WS] Uninitialized memory read: $037E6
[WS] Uninitialized memory read: $037E8
[WS] Uninitialized memory read: $037EA
[WS] Uninitialized memory read: $037EC
[WS] Uninitialized memory read: $037EE
[WS] Uninitialized memory read: $037F0
[WS] Uninitialized memory read: $037F2
[WS] Uninitialized memory read: $037F4
[WS] Uninitialized memory read: $037F6
[WS] Uninitialized memory read: $037F8
[WS] Uninitialized memory read: $037FA
[WS] Uninitialized memory read: $037FC
[WS] Uninitialized memory read: $037FE
[WS] Uninitialized memory read: $0160C
[WS] Uninitialized memory read: $01709
[WS] Uninitialized memory read: $0CC84
[WS] Uninitialized memory read: $00679
[WS] Uninitialized memory read: $0CC86
[WS] Uninitialized memory read: $0C1D0
[WS] Uninitialized memory read: $0CC9E
[WS] Uninitialized memory read: $0C1FA
[WS] Uninitialized memory read: $0D8F4
[WS] Uninitialized memory read: $0D8FE
[WS] Uninitialized memory read: $0D908
[WS] Uninitialized memory read: $0D912
[WS] Uninitialized memory read: $0D91C
[WS] Uninitialized memory read: $0D926
[WS] Uninitialized memory read: $0D930
[WS] Uninitialized memory read: $0D93A
[WS] Uninitialized memory read: $0D944
[WS] Uninitialized memory read: $0D94E
[WS] Uninitialized memory read: $0D958
[WS] Uninitialized memory read: $0D962
[WS] Uninitialized memory read: $0D96C
[WS] Uninitialized memory read: $0D976
[WS] Uninitialized memory read: $0D980
[WS] Uninitialized memory read: $0D98A
[WS] Uninitialized memory read: $007CA
[WS] Uninitialized memory read: $00259
[WS] Uninitialized memory read: $00251
[WS] Uninitialized memory read: $01592
[WS] Uninitialized memory read: $0161A
[WS] Uninitialized memory read: $0161C
[WS] Uninitialized memory read: $013C0
[WS] Uninitialized memory read: $013A8
[WS] Uninitialized memory read: $013C8
[WS] Uninitialized memory read: $013A6
[WS] Uninitialized memory read: $013DC
[WS] Uninitialized memory read: $013EC
[WS] Uninitialized memory read: $013E8
[WS] Uninitialized memory read: $013F2
[WS] Uninitialized memory read: $013F4
[WS] Uninitialized memory read: $013EA
[WS] Uninitialized memory read: $01460
[WS] Uninitialized memory read: $01398
[WS] Uninitialized memory read: $013A2
[WS] Uninitialized memory read: $0139A
[WS] Uninitialized memory read: $01376
[WS] Uninitialized memory read: $01702
[WS] Uninitialized memory read: $01515
[WS] Uninitialized memory read: $013AA
[WS] Uninitialized memory read: $013C6
[WS] Uninitialized memory read: $013CD
[WS] Uninitialized memory read: $013AF
[WS] Uninitialized memory read: $013AC
[WS] Uninitialized memory read: $013B3
[WS] Uninitialized memory read: $013BC
[WS] Uninitialized memory read: $013D0
[WS] Uninitialized memory read: $013EE
[WS] Uninitialized memory read: $01513
[WS] Uninitialized memory read: $013E2
[WS] Uninitialized memory read: $013DE
[WS] Uninitialized memory read: $013E6
[WS] Uninitialized memory read: $013E4
[WS] Uninitialized memory read: $013C9
[WS] Uninitialized memory read: $013C7
[WS] Uninitialized memory read: $01379
[WS] Uninitialized memory read: $01377
[WS] Uninitialized memory read: $01287
[WS] Uninitialized memory read: $007CC
[WS] Uninitialized memory read: $0127C
[WS] Uninitialized memory read: $0127E
[WS] Uninitialized memory read: $0131C
[WS] Uninitialized memory read: $0131E
[WS] Uninitialized memory read: $0136E
[WS] Uninitialized memory read: $013BE
[WS] Uninitialized memory read: $0145C
[WS] Uninitialized memory read: $0145E
[WS] Uninitialized memory read: $01708
[WS] Uninitialized memory read: $01128
[WS] Uninitialized memory read: $0C07D
[WS] Uninitialized memory read: $01368
[WS] Uninitialized memory read: $0136A
[WS] Uninitialized memory read: $0162F
[WS] Uninitialized memory read: $01374
[WS] Uninitialized memory read: $01375
[WS] Uninitialized memory read: $013B8
[WS] Uninitialized memory read: $013BA
[WS] Uninitialized memory read: $013C4
[WS] Uninitialized memory read: $013C5
[WS] Uninitialized memory read: $01148
[WS] Uninitialized memory read: $01162
[WS] Uninitialized memory read: $01318
[WS] Uninitialized memory read: $01172
[WS] Uninitialized memory read: $01278
[WS] Uninitialized memory read: $0119C
[WS] Uninitialized memory read: $011B6
[WS] Uninitialized memory read: $011C6
[WS] Uninitialized memory read: $011E0
[WS] Uninitialized memory read: $01458
[WS] Uninitialized memory read: $011F0
[WS] Uninitialized memory read: $0120A
[WS] Uninitialized memory read: $01212
[WS] Uninitialized memory read: $0123C
[WS] Uninitialized memory read: $01628
[WS] Uninitialized memory read: $01678
[WS] Uninitialized memory read: $00681
[WS] Uninitialized memory read: $0127A
[WS] Uninitialized memory read: $01286
[WS] Uninitialized memory read: $0131A
[WS] Uninitialized memory read: $005E4
[WS] Uninitialized memory read: $005E5
[WS] Uninitialized memory read: $005E8
[WS] Uninitialized memory read: $0067D
[WS] Uninitialized memory read: $0128F
[WS] Uninitialized memory read: $01327
[WS] Uninitialized memory read: $01340
[WS] Uninitialized memory read: $01352
[WS] Uninitialized memory read: $01330
[WS] Uninitialized memory read: $0132F
[WS] Uninitialized memory read: $0133C
[WS] Uninitialized memory read: $01342
[WS] Uninitialized memory read: $0133E
[WS] Uninitialized memory read: $01346
[WS] Uninitialized memory read: $01344
[WS] Uninitialized memory read: $01354
[WS] Uninitialized memory read: $01390
[WS] Uninitialized memory read: $013E0
[WS] Uninitialized memory read: $0144A
[WS] Uninitialized memory read: $01467
[WS] Uninitialized memory read: $01480
[WS] Uninitialized memory read: $01492
[WS] Uninitialized memory read: $01470
[WS] Uninitialized memory read: $0146F
[WS] Uninitialized memory read: $0145A
[WS] Uninitialized memory read: $0147C
[WS] Uninitialized memory read: $01482
[WS] Uninitialized memory read: $0147E
[WS] Uninitialized memory read: $01486
[WS] Uninitialized memory read: $01484
[WS] Uninitialized memory read: $01494
[WS] Uninitialized memory read: $00686
[WS] Uninitialized memory read: $00687
[WS] Uninitialized memory read: $007EC
[WS] Uninitialized memory read: $01289
[WS] Uninitialized memory read: $01329
[WS] Uninitialized memory read: $01328
[WS] Uninitialized memory read: $01469
[WS] Uninitialized memory read: $01468
[WS] Uninitialized memory read: $00F9A
[WS] Uninitialized memory read: $0C0F6
[WS] Uninitialized memory read: $0162D
[WS] Uninitialized memory read: $0058A
[WS] Uninitialized memory read: $0C028
[WS] Uninitialized memory read: $01294
[WS] Uninitialized memory read: $01291
[WS] Uninitialized memory read: $01295
[WS] Uninitialized memory read: $01334
[WS] Uninitialized memory read: $01331
[WS] Uninitialized memory read: $01335
[WS] Uninitialized memory read: $01381
[WS] Uninitialized memory read: $01385
[WS] Uninitialized memory read: $013D4
[WS] Uninitialized memory read: $013D1
[WS] Uninitialized memory read: $013D5
[WS] Uninitialized memory read: $01474
[WS] Uninitialized memory read: $01471
[WS] Uninitialized memory read: $01475
[WS] Uninitialized memory read: $0C0FB
[WS] Uninitialized memory read: $0C0FA
[WS] Uninitialized memory read: $0C0F4
[WS] Uninitialized memory read: $0137A
[WS] Uninitialized memory read: $0146A
[WS] Uninitialized memory read: $013CA
[WS] Uninitialized memory read: $0132A
[WS] Uninitialized memory read: $0128A
[WS] Uninitialized memory read: $01530
[WS] Uninitialized memory read: $01533
[WS] Uninitialized memory read: $01536
[WS] Uninitialized memory read: $01539
[WS] Uninitialized memory read: $0153C
[WS] Uninitialized memory read: $0153F
[WS] Uninitialized memory read: $0067B
[WS] Uninitialized memory read: $0067C
[WS] Uninitialized memory read: $01451
[WS] Uninitialized memory read: $0146B
[WS] Uninitialized memory read: $01478
[WS] Uninitialized memory read: $01137
[WS] Uninitialized memory read: $01136
[WS] Uninitialized memory read: $0146E
[WS] Uninitialized memory read: $0144E
[WS] Uninitialized memory read: $007CB
[WS] Uninitialized memory read: $01488
[WS] Uninitialized memory read: $0148A
[WS] Uninitialized memory read: $01716
[WS] Uninitialized memory read: $0144C
[WS] Uninitialized memory read: $01311
[WS] Uninitialized memory read: $0132B
[WS] Uninitialized memory read: $01348
[WS] Uninitialized memory read: $0134A
[WS] Uninitialized memory read: $0C224
[WS] Uninitialized memory read: $0C22E
[WS] Uninitialized memory read: $0C24E
[WS] Uninitialized memory read: $0C258
[WS] Uninitialized memory read: $0C278
[WS] Uninitialized memory read: $0C282
[WS] Uninitialized memory read: $0C2A2
[WS] Uninitialized memory read: $0C2AC
[WS] Uninitialized memory read: $0C2CC
[WS] Uninitialized memory read: $0C2D6
[WS] Uninitialized memory read: $0C2F6
[WS] Uninitialized memory read: $0C300
[WS] Uninitialized memory read: $0C320
[WS] Uninitialized memory read: $0C32A
[WS] Uninitialized memory read: $0C34A
[WS] Uninitialized memory read: $0C354
[WS] Uninitialized memory read: $007DC
[WS] Uninitialized memory read: $00C56
[WS] Uninitialized memory read: $007DD
[WS] Uninitialized memory read: $00C5A
[WS] Uninitialized memory read: $007DE
[WS] Uninitialized memory read: $00C5E
[WS] Uninitialized memory read: $007DF
[WS] Uninitialized memory read: $008B4
[WS] Uninitialized memory read: $010AC
[WS] Uninitialized memory read: $0132E
[WS] Uninitialized memory read: $00894
[WS] Uninitialized memory read: $0130E
[WS] Uninitialized memory read: $0130D
[WS] Uninitialized memory read: $013AD
[WS] Uninitialized memory read: $0144F
[WS] Uninitialized memory read: $0144D
[WS] Uninitialized memory read: $01453
[WS] Uninitialized memory read: $00C3D
[WS] Uninitialized memory read: $013B1
[WS] Uninitialized memory read: $013CB
[WS] Uninitialized memory read: $013D8
[WS] Uninitialized memory read: $013AE
[WS] Uninitialized memory read: $0130F
[WS] Uninitialized memory read: $0130C
[WS] Uninitialized memory read: $01312
[WS] Uninitialized memory read: $00899
[WS] Uninitialized memory read: $008A5
[WS] Uninitialized memory read: $01310
[WS] Uninitialized memory read: $008A8
[WS] Uninitialized memory read: $008A9
[WS] Uninitialized memory read: $008AA
[WS] Uninitialized memory read: $008AB
[WS] Uninitialized memory read: $0137B
[WS] Uninitialized memory read: $01388
[WS] Uninitialized memory read: $0112A
[WS] Uninitialized memory read: $0126F
[WS] Uninitialized memory read: $0126C
[WS] Uninitialized memory read: $01272
[WS] Uninitialized memory read: $00BA5
[WS] Uninitialized memory read: $00BB1
[WS] Uninitialized memory read: $0126E
[WS] Uninitialized memory read: $01270
[WS] Uninitialized memory read: $00BB4
[WS] Uninitialized memory read: $00BB5
[WS] Uninitialized memory read: $00BB6
[WS] Uninitialized memory read: $00BB7
[WS] Uninitialized memory read: $00365
[WS] Uninitialized memory read: $01271
[WS] Uninitialized memory read: $0128B
[WS] Uninitialized memory read: $00BC0
[WS] Uninitialized memory read: $00FAC
[WS] Uninitialized memory read: $0128E
[WS] Uninitialized memory read: $005BB
